,column,evaluation_method,mean_fit_time,std_fit_time,mean_score_time,std_score_time,param_algorithm,param_metric,param_n_neighbors,params,split0_test_accuracy,split1_test_accuracy,mean_test_accuracy,std_test_accuracy,rank_test_accuracy,split0_train_accuracy,split1_train_accuracy,mean_train_accuracy,std_train_accuracy,split0_test_precision_weighted,split1_test_precision_weighted,mean_test_precision_weighted,std_test_precision_weighted,rank_test_precision_weighted,split0_train_precision_weighted,split1_train_precision_weighted,mean_train_precision_weighted,std_train_precision_weighted,split0_test_recall_weighted,split1_test_recall_weighted,mean_test_recall_weighted,std_test_recall_weighted,rank_test_recall_weighted,split0_train_recall_weighted,split1_train_recall_weighted,mean_train_recall_weighted,std_train_recall_weighted,split0_test_f1_weighted,split1_test_f1_weighted,mean_test_f1_weighted,std_test_f1_weighted,rank_test_f1_weighted,split0_train_f1_weighted,split1_train_f1_weighted,mean_train_f1_weighted,std_train_f1_weighted,split0_test_mrr,split1_test_mrr,mean_test_mrr,std_test_mrr,rank_test_mrr,split0_train_mrr,split1_train_mrr,mean_train_mrr,std_train_mrr
0,0,"KNeighborsClassifier-split_x_y-{'n_neighbors': [1, 5, 10, 15, 20, 25, 40, 60, 80, 100], 'algorithm': ['brute'], 'metric': ['hamming']}-(5 of 5)",0.004848957061767578,0.00035309791564941406,1.1444357633590698,0.03336489200592041,brute,hamming,1,"{'algorithm': 'brute', 'metric': 'hamming', 'n_neighbors': 1}",0.31170483460559795,0.3528610354223433,0.33157894736842103,0.020566054989034275,10,0.9931880108991825,0.989821882951654,0.9915049469254182,0.001683063973764276,0.32812889132155876,0.34693531045358533,0.33721041213926106,0.009397705384378353,1,0.9939796173519104,0.9897938134295596,0.991886715390735,0.0020929019611753974,0.31170483460559795,0.3528610354223433,0.33157894736842103,0.020566054989034275,10,0.9931880108991825,0.989821882951654,0.9915049469254182,0.001683063973764276,0.3122996492969811,0.34521006128832055,0.3281919140349043,0.016445573918238646,1,0.9930639844373857,0.9890152611578019,0.9910396227975938,0.002024361639791916,0.3175876992670859,0.3583921376836877,0.3372919478182607,0.02039027674126453,10,0.9932462330282493,0.9899088754050585,0.9915775542166538,0.0016686788115954365
1,0,"KNeighborsClassifier-split_x_y-{'n_neighbors': [1, 5, 10, 15, 20, 25, 40, 60, 80, 100], 'algorithm': ['brute'], 'metric': ['hamming']}-(5 of 5)",0.01426839828491211,0.004391908645629883,1.0586040019989014,0.13625144958496094,brute,hamming,5,"{'algorithm': 'brute', 'metric': 'hamming', 'n_neighbors': 5}",0.38676844783715014,0.385558583106267,0.3861842105263158,0.0006045782674505724,9,0.553133514986376,0.5178117048346056,0.5354726099104907,0.01766090507588519,0.2820191914771331,0.3124269298332154,0.29670292828855704,0.015194969572335008,2,0.4858130765014941,0.47005659060232335,0.4779348335519087,0.007878242949585362,0.38676844783715014,0.385558583106267,0.3861842105263158,0.0006045782674505724,9,0.553133514986376,0.5178117048346056,0.5354726099104907,0.01766090507588519,0.31174829710905505,0.32637252189548516,0.31881025828881804,0.007307832238182374,2,0.4838911718593683,0.45422329911074505,0.4690572354850567,0.01483393637431163,0.41581685913746663,0.41364610261067725,0.41476861223571443,0.0010847429357374292,9,0.6397138964577636,0.6016327396098365,0.6206733180338,0.019040578423963506
2,0,"KNeighborsClassifier-split_x_y-{'n_neighbors': [1, 5, 10, 15, 20, 25, 40, 60, 80, 100], 'algorithm': ['brute'], 'metric': ['hamming']}-(5 of 5)",0.005636453628540039,0.0002837181091308594,0.9244018793106079,0.0582958459854126,brute,hamming,10,"{'algorithm': 'brute', 'metric': 'hamming', 'n_neighbors': 10}",0.39185750636132316,0.3991825613079019,0.39539473684210524,0.0036603836078023455,8,0.4904632152588556,0.4541984732824427,0.4723308442706492,0.018132370988206442,0.25561803820323986,0.26766168796632256,0.2614338532862022,0.00601829999807586,3,0.35590048820507725,0.3521708329445741,0.35403566057482566,0.0018648276302515865,0.39185750636132316,0.3991825613079019,0.39539473684210524,0.0036603836078023455,8,0.4904632152588556,0.4541984732824427,0.4723308442706492,0.018132370988206442,0.28554443721158246,0.3131855981614508,0.2988922083544794,0.01381249057917037,3,0.38533611272310986,0.36335094724351347,0.37434352998331166,0.010992582739798196,0.4457571761006846,0.449295096365939,0.447465619176143,0.0017679246693838707,8,0.595315405908049,0.5562901369199088,0.5758027714139788,0.01951263449407009
3,0,"KNeighborsClassifier-split_x_y-{'n_neighbors': [1, 5, 10, 15, 20, 25, 40, 60, 80, 100], 'algorithm': ['brute'], 'metric': ['hamming']}-(5 of 5)",0.008486032485961914,6.031990051269531e-05,0.9893038272857666,0.1336839199066162,brute,hamming,15,"{'algorithm': 'brute', 'metric': 'hamming', 'n_neighbors': 15}",0.40076335877862596,0.4141689373297003,0.4072368421052632,0.006698865788628334,5,0.46185286103542234,0.43638676844783714,0.44911981474162976,0.0127330462937926,0.22146290237893293,0.25319772764010906,0.23678748247215875,0.01585812461881059,4,0.32029757437702916,0.2901005352764692,0.30519905482674914,0.015098519550279993,0.40076335877862596,0.4141689373297003,0.4072368421052632,0.006698865788628334,5,0.46185286103542234,0.43638676844783714,0.44911981474162976,0.0127330462937926,0.27908714265314805,0.3073448677798244,0.2927326493919509,0.014120592214230492,4,0.34445166794120197,0.3266019985432459,0.33552683324222393,0.008924834698978035,0.46068599904477514,0.4785882827435936,0.4693309176203888,0.008945902286233137,7,0.5744949041270557,0.5479499578736211,0.5612224310003384,0.01327247312671731
4,0,"KNeighborsClassifier-split_x_y-{'n_neighbors': [1, 5, 10, 15, 20, 25, 40, 60, 80, 100], 'algorithm': ['brute'], 'metric': ['hamming']}-(5 of 5)",0.007937073707580566,0.0011578798294067383,1.1519443988800049,0.08447885513305664,brute,hamming,20,"{'algorithm': 'brute', 'metric': 'hamming', 'n_neighbors': 20}",0.40458015267175573,0.4196185286103542,0.4118421052631579,0.007514786602293674,2,0.45776566757493187,0.4402035623409669,0.4489846149579494,0.008781052616982477,0.2338900907313289,0.23583422571978432,0.2348289032849646,0.0009714984931848102,6,0.2696614894673642,0.2771800088211575,0.27342074914426084,0.0037592596768966646,0.40458015267175573,0.4196185286103542,0.4118421052631579,0.007514786602293674,2,0.45776566757493187,0.4402035623409669,0.4489846149579494,0.008781052616982477,0.2766069407641068,0.30151878547512945,0.2886367394600875,0.012448631264252105,5,0.3291811456734305,0.32185358202748976,0.32551736385046015,0.0036637818229703634,0.46813206937252466,0.48539823762816015,0.47646981114860126,0.008628030740165837,6,0.5660003943492872,0.546864389435673,0.5564323918924801,0.009568002456807112
5,0,"KNeighborsClassifier-split_x_y-{'n_neighbors': [1, 5, 10, 15, 20, 25, 40, 60, 80, 100], 'algorithm': ['brute'], 'metric': ['hamming']}-(5 of 5)",0.006254315376281738,0.000655055046081543,0.9826266765594482,0.019436359405517578,brute,hamming,25,"{'algorithm': 'brute', 'metric': 'hamming', 'n_neighbors': 25}",0.4020356234096692,0.4223433242506812,0.4118421052631579,0.010147906850215884,2,0.45776566757493187,0.4262086513994911,0.44198715948721146,0.015778508087720383,0.20705252992833928,0.2432252584538341,0.22452015015051902,0.01807577738458429,9,0.26992871892503545,0.25570969391209325,0.2628192064185644,0.0071095125064710996,0.4020356234096692,0.4223433242506812,0.4118421052631579,0.010147906850215884,2,0.45776566757493187,0.4262086513994911,0.44198715948721146,0.015778508087720383,0.2698299444587239,0.3034623307391379,0.28607084678097644,0.016806349758455075,6,0.32767911895800345,0.3034295377485871,0.3155543283532953,0.012124790604708169,0.46892632562609626,0.5001378876981496,0.4839982246793115,0.015596646170662424,5,0.5644653381686343,0.5362635904350317,0.5503644643018331,0.014100873866801311
6,0,"KNeighborsClassifier-split_x_y-{'n_neighbors': [1, 5, 10, 15, 20, 25, 40, 60, 80, 100], 'algorithm': ['brute'], 'metric': ['hamming']}-(5 of 5)",0.007078289985656738,0.0021713972091674805,0.970002293586731,0.09331381320953369,brute,hamming,40,"{'algorithm': 'brute', 'metric': 'hamming', 'n_neighbors': 40}",0.40458015267175573,0.4223433242506812,0.4131578947368421,0.008876386941021873,1,0.45095367847411444,0.41857506361323155,0.434764371043673,0.016189307430441446,0.21110200901281656,0.2323191584187656,0.22134765879174195,0.01060236495920108,10,0.2561351359573072,0.2164422198780271,0.23628867791766714,0.019846458039640053,0.40458015267175573,0.4223433242506812,0.4131578947368421,0.008876386941021873,1,0.45095367847411444,0.41857506361323155,0.434764371043673,0.016189307430441446,0.2681222261401827,0.2971316947300428,0.28213074584081255,0.014496243928788009,7,0.3173658235790401,0.2825076891227708,0.29993675635090544,0.017429067228134643,0.4789134300487753,0.5061197761376978,0.4920512313838208,0.013595210408435473,4,0.5581314869896091,0.5207005694157752,0.5394160282026922,0.01871545878691694
7,0,"KNeighborsClassifier-split_x_y-{'n_neighbors': [1, 5, 10, 15, 20, 25, 40, 60, 80, 100], 'algorithm': ['brute'], 'metric': ['hamming']}-(5 of 5)",0.007679104804992676,0.0005155801773071289,1.2810362577438354,0.09042751789093018,brute,hamming,60,"{'algorithm': 'brute', 'metric': 'hamming', 'n_neighbors': 60}",0.3969465648854962,0.4223433242506812,0.40921052631578947,0.012690946668603875,4,0.43869209809264303,0.4083969465648855,0.4235445223287643,0.015147575763878762,0.21347187699136272,0.23883025348238943,0.22571730353374006,0.012671766465258763,8,0.2593516637228261,0.2153193198390628,0.23733549178094443,0.022016171941881643,0.3969465648854962,0.4223433242506812,0.40921052631578947,0.012690946668603875,4,0.43869209809264303,0.4083969465648855,0.4235445223287643,0.015147575763878762,0.26074089356532104,0.294250912260422,0.27692270522466583,0.0167452017798156,8,0.30588834301448803,0.2744762092781308,0.2901822761463094,0.015706066868178603,0.4821758356508238,0.5097666776605915,0.4954993080423827,0.013787345836250393,2,0.5497570223071108,0.509763485812102,0.5297602540596064,0.019996768247504404
8,0,"KNeighborsClassifier-split_x_y-{'n_neighbors': [1, 5, 10, 15, 20, 25, 40, 60, 80, 100], 'algorithm': ['brute'], 'metric': ['hamming']}-(5 of 5)",0.008238673210144043,0.003960013389587402,1.1449090242385864,0.025827527046203613,brute,hamming,80,"{'algorithm': 'brute', 'metric': 'hamming', 'n_neighbors': 80}",0.39185750636132316,0.4196185286103542,0.4052631578947368,0.01387238614826367,6,0.43460490463215257,0.3944020356234097,0.4145034701277811,0.020101434504371435,0.21205272833427996,0.24519117421894393,0.22805510943911111,0.016559524124924584,7,0.2670984008723879,0.2094396906005113,0.23826904573644958,0.028829355135938303,0.39185750636132316,0.4196185286103542,0.4052631578947368,0.01387238614826367,6,0.43460490463215257,0.3944020356234097,0.4145034701277811,0.020101434504371435,0.2551847253382862,0.28738977922036874,0.2707363763576603,0.016093101304779246,9,0.303114306019751,0.25863224449916583,0.2808732752594584,0.022241030760292574,0.4825698015318357,0.5120972090151731,0.4968284311981315,0.014755061787405306,1,0.5446264034240361,0.49996850883910265,0.5222974561315694,0.022328947292466737
9,0,"KNeighborsClassifier-split_x_y-{'n_neighbors': [1, 5, 10, 15, 20, 25, 40, 60, 80, 100], 'algorithm': ['brute'], 'metric': ['hamming']}-(5 of 5)",0.006166338920593262,0.000775456428527832,1.0126677751541138,0.01802384853363037,brute,hamming,100,"{'algorithm': 'brute', 'metric': 'hamming', 'n_neighbors': 100}",0.3842239185750636,0.4114441416893733,0.3973684210526316,0.01360214485966116,7,0.42370572207084467,0.37786259541984735,0.400784158745346,0.02292156332549866,0.21384584360990896,0.2601221594983247,0.2361924329928676,0.023124613991674564,5,0.2679351241006257,0.20233040749132877,0.23513276579597725,0.03280235830464846,0.3842239185750636,0.4114441416893733,0.3973684210526316,0.01360214485966116,7,0.42370572207084467,0.37786259541984735,0.400784158745346,0.02292156332549866,0.24749474852077533,0.2780944487688248,0.26227118271950445,0.015290894335740024,10,0.29176028899062845,0.23927946210128387,0.26551987554595613,0.026240413444672293,0.48103648698462187,0.509045706562293,0.49456199170173415,0.013996412171260091,3,0.5367934567672406,0.4932809097531476,0.5150371832601941,0.02175627350704648
0,1,"KNeighborsClassifier-split_x_y-{'n_neighbors': [1, 5, 10, 15, 20, 25, 40, 60, 80, 100], 'algorithm': ['brute'], 'metric': ['hamming']}-(5 of 5)",0.016673684120178223,0.005558133125305176,0.9022401571273804,0.0307539701461792,brute,hamming,1,"{'algorithm': 'brute', 'metric': 'hamming', 'n_neighbors': 1}",0.13358778625954199,0.17302452316076294,0.15263157894736842,0.0197068262765544,10,0.9495912806539509,0.950381679389313,0.949986480021632,0.0003951993676810095,0.1593738991125544,0.19994607560621594,0.17896598960357255,0.020274213757212205,1,0.9686138117992816,0.960599752872754,0.9646067823360178,0.0040070294632638115,0.13358778625954199,0.17302452316076294,0.15263157894736842,0.0197068262765544,10,0.9495912806539509,0.950381679389313,0.949986480021632,0.0003951993676810095,0.13324194402625594,0.1767389455689147,0.15424641713961879,0.021735770256530947,1,0.9529479545086,0.9501217775662502,0.9515348660374251,0.0014130884711749392,0.14099301885561644,0.180092689629476,0.15987404408457231,0.019538391863934013,10,0.950022124409045,0.9508057675996603,0.9504139460043526,0.00039182159530765093
1,1,"KNeighborsClassifier-split_x_y-{'n_neighbors': [1, 5, 10, 15, 20, 25, 40, 60, 80, 100], 'algorithm': ['brute'], 'metric': ['hamming']}-(5 of 5)",0.00843667984008789,0.003129243850708008,1.0347228050231934,0.12197208404541016,brute,hamming,5,"{'algorithm': 'brute', 'metric': 'hamming', 'n_neighbors': 5}",0.16157760814249364,0.17029972752043596,0.16578947368421051,0.00435850693669223,7,0.40735694822888285,0.3994910941475827,0.4034240211882328,0.003932927040650069,0.12364225170661726,0.14520993523392278,0.13405717256782929,0.010777529427064619,2,0.40334235334186747,0.3873655382295936,0.3953539457857305,0.007988407556136945,0.16157760814249364,0.17029972752043596,0.16578947368421051,0.00435850693669223,7,0.40735694822888285,0.3994910941475827,0.4034240211882328,0.003932927040650069,0.13124692018064363,0.13981692036916335,0.13538532816641563,0.004282491863569166,3,0.3646745874943759,0.35686142357573725,0.3607680055350566,0.0039065819593193385,0.16775407233422635,0.1868260788560529,0.1769638439046347,0.00953042134830664,9,0.4385017117305916,0.43126943737630413,0.4348855745534479,0.0036161371771437356
2,1,"KNeighborsClassifier-split_x_y-{'n_neighbors': [1, 5, 10, 15, 20, 25, 40, 60, 80, 100], 'algorithm': ['brute'], 'metric': ['hamming']}-(5 of 5)",0.006954073905944824,0.0025523900985717773,1.1026723384857178,0.1649165153503418,brute,hamming,10,"{'algorithm': 'brute', 'metric': 'hamming', 'n_neighbors': 10}",0.178117048346056,0.18664850136239783,0.18223684210526317,0.004263229559300314,4,0.30381471389645776,0.30916030534351147,0.3064875096199846,0.002672795723526855,0.13812707974220387,0.12873865645672863,0.133593459550402,0.004691463879504962,3,0.2432741547091078,0.26197790363226364,0.2526260291706857,0.009351874461577925,0.178117048346056,0.18664850136239783,0.18223684210526317,0.004263229559300314,4,0.30381471389645776,0.30916030534351147,0.3064875096199846,0.002672795723526855,0.1393230115283627,0.14227127698086928,0.14074671339819153,0.001473269840637224,2,0.24529288587360384,0.2605045683277609,0.2528987271006824,0.007605841227078539,0.1993806836364081,0.2059438555691967,0.20255000481974153,0.003279665085541559,8,0.3687837896284762,0.37762814299073816,0.3732059663096072,0.004422176681130985
3,1,"KNeighborsClassifier-split_x_y-{'n_neighbors': [1, 5, 10, 15, 20, 25, 40, 60, 80, 100], 'algorithm': ['brute'], 'metric': ['hamming']}-(5 of 5)",0.009510636329650879,0.00014293193817138672,0.9754985570907593,0.19761526584625244,brute,hamming,15,"{'algorithm': 'brute', 'metric': 'hamming', 'n_neighbors': 15}",0.1806615776081425,0.18256130790190736,0.18157894736842106,0.0009493091420140475,5,0.2615803814713896,0.27099236641221375,0.26628637394180166,0.004705992470412063,0.10359625513631286,0.11841980587648786,0.11075446977005526,0.007407436877194418,4,0.18973224862521695,0.21516851731179518,0.20245038296850607,0.012718134343289111,0.1806615776081425,0.18256130790190736,0.18157894736842106,0.0009493091420140475,5,0.2615803814713896,0.27099236641221375,0.26628637394180166,0.004705992470412063,0.12496531020644944,0.12986044319994575,0.12732914416515093,0.0024461338103375094,4,0.19258511449516946,0.2185641949025902,0.2055746546988798,0.012989540203710362,0.21411909055038733,0.2180950709901668,0.21603907057854402,0.00198682654708399,7,0.3445446469969638,0.3540877414923221,0.34931619424464294,0.004771547247679142
4,1,"KNeighborsClassifier-split_x_y-{'n_neighbors': [1, 5, 10, 15, 20, 25, 40, 60, 80, 100], 'algorithm': ['brute'], 'metric': ['hamming']}-(5 of 5)",0.008656144142150879,0.00044858455657958984,1.133617877960205,0.0016570091247558594,brute,hamming,20,"{'algorithm': 'brute', 'metric': 'hamming', 'n_neighbors': 20}",0.183206106870229,0.18528610354223432,0.18421052631578946,0.001039389571548222,2,0.24659400544959129,0.25572519083969464,0.25115959814464295,0.004565592695051676,0.08976473085295879,0.11988636163759236,0.10431030782395947,0.01505199952334061,6,0.15011793337534562,0.2029162607033305,0.17651709703933804,0.026399163663992434,0.183206106870229,0.18528610354223432,0.18421052631578946,0.001039389571548222,2,0.24659400544959129,0.25572519083969464,0.25115959814464295,0.004565592695051676,0.11514794035124738,0.12791188193925607,0.12131158056545684,0.006378235098634327,5,0.16669163775413934,0.19916152529200828,0.1829265815230738,0.016234943768934473,0.22147656896537168,0.22644189880773669,0.22387430061293476,0.0024812116898609046,6,0.33462837306502163,0.33508331030679345,0.33485584168590754,0.0002274686208859067
5,1,"KNeighborsClassifier-split_x_y-{'n_neighbors': [1, 5, 10, 15, 20, 25, 40, 60, 80, 100], 'algorithm': ['brute'], 'metric': ['hamming']}-(5 of 5)",0.0066280364990234375,0.0011394023895263672,0.9166948795318604,0.04144692420959473,brute,hamming,25,"{'algorithm': 'brute', 'metric': 'hamming', 'n_neighbors': 25}",0.18575063613231552,0.17983651226158037,0.18289473684210528,0.00295533101510213,3,0.23705722070844687,0.24936386768447838,0.24321054419646262,0.006153323488015755,0.09462181975800578,0.09468844602215977,0.0946539932303012,3.329363218937785e-05,7,0.15172510297213984,0.19252470147862377,0.1721249022253818,0.020399799253241965,0.18575063613231552,0.17983651226158037,0.18289473684210528,0.00295533101510213,3,0.23705722070844687,0.24936386768447838,0.24321054419646262,0.006153323488015755,0.11717242587774837,0.11703417005204264,0.11710566286717732,6.908744873412813e-05,6,0.15743071025253766,0.1907980743007026,0.17411439227662012,0.016683682024082477,0.2285266695340562,0.23235861924021084,0.23037709787900193,0.0019148533345654454,5,0.3196460064084568,0.32275558857164516,0.321200797490051,0.0015547910815941757
6,1,"KNeighborsClassifier-split_x_y-{'n_neighbors': [1, 5, 10, 15, 20, 25, 40, 60, 80, 100], 'algorithm': ['brute'], 'metric': ['hamming']}-(5 of 5)",0.007459521293640137,0.0017865896224975586,1.012603759765625,0.013910531997680664,brute,hamming,40,"{'algorithm': 'brute', 'metric': 'hamming', 'n_neighbors': 40}",0.1806615776081425,0.1893732970027248,0.18486842105263157,0.004353309988834489,1,0.21934604904632152,0.20865139949109415,0.21399872426870784,0.005347324777613682,0.10504276493462243,0.10883438162414262,0.10687371667811442,0.0018946986307415642,5,0.13502101883585688,0.13701101162204218,0.13601601522894952,0.0009949963930926536,0.1806615776081425,0.1893732970027248,0.18486842105263157,0.004353309988834489,1,0.21934604904632152,0.20865139949109415,0.21399872426870784,0.005347324777613682,0.10476551272015794,0.12134592531938497,0.1127721066989952,0.008285353615969299,7,0.13346996237031475,0.14009363546819673,0.13678179891925574,0.0033118365489409884,0.23990600189798053,0.24091905967517657,0.24039520216670546,0.0005062323912173539,4,0.3059566793060427,0.30107235744824723,0.30351451837714494,0.0024421609288977353
7,1,"KNeighborsClassifier-split_x_y-{'n_neighbors': [1, 5, 10, 15, 20, 25, 40, 60, 80, 100], 'algorithm': ['brute'], 'metric': ['hamming']}-(5 of 5)",0.007015585899353027,0.0015028715133666992,1.0255372524261475,0.09553885459899902,brute,hamming,60,"{'algorithm': 'brute', 'metric': 'hamming', 'n_neighbors': 60}",0.16793893129770993,0.17166212534059946,0.16973684210526316,0.0018605073330713313,6,0.18392370572207084,0.19592875318066158,0.18992622945136622,0.00600252372929537,0.07169975854338952,0.09480409454303876,0.08285672079585173,0.011545405922418825,9,0.09736209232958999,0.11215147347540069,0.10475678290249535,0.0073946905729053505,0.16793893129770993,0.17166212534059946,0.16973684210526316,0.0018605073330713313,6,0.18392370572207084,0.19592875318066158,0.18992622945136622,0.00600252372929537,0.08677324862268665,0.09782850650816294,0.09211177447001533,0.005524393337544221,8,0.09453761217304725,0.11747191588091613,0.1060047640269817,0.011467151853934439,0.2398242743312439,0.24560436679629075,0.24261545056107572,0.0028883545399916895,2,0.2875113936461029,0.2921799396862203,0.2898456666661616,0.0023342730200587025
8,1,"KNeighborsClassifier-split_x_y-{'n_neighbors': [1, 5, 10, 15, 20, 25, 40, 60, 80, 100], 'algorithm': ['brute'], 'metric': ['hamming']}-(5 of 5)",0.007821440696716309,0.00032532215118408203,1.103980541229248,0.18165159225463867,brute,hamming,80,"{'algorithm': 'brute', 'metric': 'hamming', 'n_neighbors': 80}",0.15394402035623408,0.17302452316076294,0.1631578947368421,0.009534667003002418,8,0.167574931880109,0.17557251908396945,0.17157372548203922,0.003998793601930228,0.09257552463697732,0.0843516309964844,0.08860424968163404,0.0041095398865274,8,0.057814439427705706,0.09423557509897605,0.07602500726334088,0.018210567835635173,0.15394402035623408,0.17302452316076294,0.1631578947368421,0.009534667003002418,8,0.167574931880109,0.17557251908396945,0.17157372548203922,0.003998793601930228,0.07265155403363588,0.08811971751077553,0.0801210487653599,0.007729554583201263,9,0.07617686306959852,0.09282319513291387,0.0845000291012562,0.008323166031657676,0.23819224580233106,0.24971564701496773,0.24375683559843325,0.005758327986954636,1,0.28045214153771153,0.27733105350349757,0.27889159752060455,0.0015605440171069795
9,1,"KNeighborsClassifier-split_x_y-{'n_neighbors': [1, 5, 10, 15, 20, 25, 40, 60, 80, 100], 'algorithm': ['brute'], 'metric': ['hamming']}-(5 of 5)",0.008149385452270508,0.0006573200225830078,1.026524305343628,0.1464838981628418,brute,hamming,100,"{'algorithm': 'brute', 'metric': 'hamming', 'n_neighbors': 100}",0.15267175572519084,0.167574931880109,0.15986842105263158,0.007447226280143052,9,0.17438692098092642,0.17048346055979643,0.17243519077036143,0.0019517302105649947,0.05178893239657705,0.06652888672559504,0.058906778763352846,0.00736566313825296,10,0.07441947049304884,0.09238744618916715,0.08340345834110799,0.008983987848059156,0.15267175572519084,0.167574931880109,0.15986842105263158,0.007447226280143052,9,0.17438692098092642,0.17048346055979643,0.17243519077036143,0.0019517302105649947,0.0646789730792065,0.08132092806493157,0.07271528555257638,0.008316106797258086,10,0.07868966073270804,0.08250897660565921,0.08059931866918363,0.0019096579364755867,0.23654345678761,0.24827276597091938,0.24220747845902388,0.005861221708034267,3,0.27783940185987965,0.27319184853446077,0.2755156251971702,0.0023237766627094425
0,2,"KNeighborsClassifier-split_x_y-{'n_neighbors': [1, 5, 10, 15, 20, 25, 40, 60, 80, 100], 'algorithm': ['brute'], 'metric': ['hamming']}-(5 of 5)",0.006587386131286621,0.0033899545669555664,0.9489439725875854,0.12706482410430908,brute,hamming,1,"{'algorithm': 'brute', 'metric': 'hamming', 'n_neighbors': 1}",0.12468193384223919,0.13760217983651227,0.13092105263157894,0.006456341555267077,10,0.9659400544959128,0.9631043256997456,0.9645221900978291,0.0014178643980836125,0.15609355770812244,0.1524454405122963,0.15433190111487483,0.001822990882707406,1,0.9777444524737656,0.974944619982788,0.9763445362282768,0.001399916245488797,0.12468193384223919,0.13760217983651227,0.13092105263157894,0.006456341555267077,10,0.9659400544959128,0.9631043256997456,0.9645221900978291,0.0014178643980836125,0.12786378251718605,0.13647647924374398,0.1320228084364581,0.004303827636349677,1,0.9687409328789593,0.9656833984087367,0.967212165643848,0.0015287672351113057,0.13216328483504258,0.14497310137637326,0.13834907782276412,0.006401159148811854,10,0.9662311651412465,0.9634196733433371,0.9648254192422918,0.0014057458989547023
1,2,"KNeighborsClassifier-split_x_y-{'n_neighbors': [1, 5, 10, 15, 20, 25, 40, 60, 80, 100], 'algorithm': ['brute'], 'metric': ['hamming']}-(5 of 5)",0.013655781745910645,0.005482077598571777,1.0567494630813599,0.10801088809967041,brute,hamming,5,"{'algorithm': 'brute', 'metric': 'hamming', 'n_neighbors': 5}",0.16030534351145037,0.1553133514986376,0.15789473684210525,0.002494534971715747,6,0.391008174386921,0.3982188295165394,0.3946135019517302,0.0036053275648092187,0.12127763569022186,0.10764354937513396,0.11469380716701494,0.006813052791968359,2,0.3795432886490318,0.3592813500682215,0.3694123193586266,0.010130969290405162,0.16030534351145037,0.1553133514986376,0.15789473684210525,0.002494534971715747,6,0.391008174386921,0.3982188295165394,0.3946135019517302,0.0036053275648092187,0.12796748086640033,0.1219814812206004,0.12507687314270485,0.002991247866342696,2,0.3477124246034333,0.34873094494248025,0.3482216847729568,0.0005092601695234622,0.17036438963919948,0.16139348843708717,0.16603238866396894,0.004482825036385981,9,0.4422582034979825,0.42435462473630076,0.43330641411714166,0.008951789380840874
2,2,"KNeighborsClassifier-split_x_y-{'n_neighbors': [1, 5, 10, 15, 20, 25, 40, 60, 80, 100], 'algorithm': ['brute'], 'metric': ['hamming']}-(5 of 5)",0.01168060302734375,0.00027942657470703125,1.0323452949523926,0.039849042892456055,brute,hamming,10,"{'algorithm': 'brute', 'metric': 'hamming', 'n_neighbors': 10}",0.16539440203562342,0.1784741144414169,0.17171052631578948,0.006536028089085769,2,0.3242506811989101,0.3104325699745547,0.3173416255867324,0.006909055612177695,0.09239183947001547,0.10182108958718017,0.09694517472396211,0.004711865346328689,3,0.28117898327331997,0.2698082091442226,0.2754935962087713,0.005685387064548686,0.16539440203562342,0.1784741144414169,0.17171052631578948,0.006536028089085769,2,0.3242506811989101,0.3104325699745547,0.3173416255867324,0.006909055612177695,0.11152000301758232,0.12411866331455618,0.11760382976625258,0.006295642826932277,3,0.2619298611370711,0.2510001244350543,0.2564649927860627,0.005464868351008401,0.19460305032824093,0.2033769666603457,0.19883992834650732,0.004384390254064317,8,0.39246680506898485,0.3745622803828907,0.38351454272593777,0.00895226234304708
3,2,"KNeighborsClassifier-split_x_y-{'n_neighbors': [1, 5, 10, 15, 20, 25, 40, 60, 80, 100], 'algorithm': ['brute'], 'metric': ['hamming']}-(5 of 5)",0.011893987655639648,0.00455021858215332,1.008838415145874,0.12684988975524902,brute,hamming,15,"{'algorithm': 'brute', 'metric': 'hamming', 'n_neighbors': 15}",0.16157760814249364,0.18256130790190736,0.17171052631578948,0.01048570846096904,2,0.28746594005449594,0.26590330788804073,0.27668462397126836,0.010781316083227604,0.0826308492055829,0.09651239498938782,0.089334174603815,0.006936710100956915,4,0.24391262179531747,0.20483281553655813,0.2243727186659378,0.01953990312937967,0.16157760814249364,0.18256130790190736,0.17171052631578948,0.01048570846096904,2,0.28746594005449594,0.26590330788804073,0.27668462397126836,0.010781316083227604,0.10220775793325822,0.11939974267405626,0.11050967688045937,0.008590960694458267,4,0.2117909048712147,0.1924703243880862,0.20213061462965046,0.009660290241564257,0.2000723407211955,0.22280380080107598,0.2110492431545062,0.011359077094250334,7,0.36097540818249274,0.34714735363590354,0.35406138090919814,0.006914027273294598
4,2,"KNeighborsClassifier-split_x_y-{'n_neighbors': [1, 5, 10, 15, 20, 25, 40, 60, 80, 100], 'algorithm': ['brute'], 'metric': ['hamming']}-(5 of 5)",0.006649613380432129,0.0010544061660766602,1.0563030242919922,0.0002803802490234375,brute,hamming,20,"{'algorithm': 'brute', 'metric': 'hamming', 'n_neighbors': 20}",0.16539440203562342,0.18528610354223432,0.175,0.00994002893590621,1,0.2615803814713896,0.22137404580152673,0.2414772136364582,0.02010316783493145,0.07756446115706317,0.09626581373038481,0.08659524588654877,0.009345202855453113,5,0.17355573332314653,0.12488181291987739,0.14921877312151197,0.024336960201634568,0.16539440203562342,0.18528610354223432,0.175,0.00994002893590621,1,0.2615803814713896,0.22137404580152673,0.2414772136364582,0.02010316783493145,0.09600096288769255,0.11724930067399346,0.10626167337134049,0.010617950021296372,5,0.17904830184117232,0.14435035986056258,0.16169933085086746,0.01734897099030487,0.20850672344288354,0.23096366403861238,0.2193510618621368,0.01122189769735307,6,0.3455760617576468,0.3176656190251307,0.3316208403913887,0.01395522136625807
5,2,"KNeighborsClassifier-split_x_y-{'n_neighbors': [1, 5, 10, 15, 20, 25, 40, 60, 80, 100], 'algorithm': ['brute'], 'metric': ['hamming']}-(5 of 5)",0.008525967597961426,0.001606583595275879,0.9798402786254883,0.17069053649902344,brute,hamming,25,"{'algorithm': 'brute', 'metric': 'hamming', 'n_neighbors': 25}",0.15903307888040713,0.18392370572207084,0.17105263157894737,0.012438028539527123,4,0.2547683923705722,0.21246819338422393,0.23361829287739805,0.021150099493174132,0.07862721646465859,0.08230547590492455,0.08040342858910281,0.0018380531830252272,6,0.1897267609204307,0.13094866283192894,0.16033771187617982,0.02938904904425088,0.15903307888040713,0.18392370572207084,0.17105263157894737,0.012438028539527123,4,0.2547683923705722,0.21246819338422393,0.23361829287739805,0.021150099493174132,0.08597725285036567,0.10658475089607117,0.09592850519612083,0.010297717709209848,6,0.16830554068408657,0.13207458076371564,0.15019006072390112,0.018115479960185463,0.21232103002455194,0.23848876413256906,0.22495729110039706,0.013076208394457584,5,0.33882220890150455,0.3073905790688914,0.32310639398519797,0.01571581491630658
6,2,"KNeighborsClassifier-split_x_y-{'n_neighbors': [1, 5, 10, 15, 20, 25, 40, 60, 80, 100], 'algorithm': ['brute'], 'metric': ['hamming']}-(5 of 5)",0.006490111351013184,0.0014842748641967773,1.1586836576461792,0.14298927783966064,brute,hamming,40,"{'algorithm': 'brute', 'metric': 'hamming', 'n_neighbors': 40}",0.14885496183206107,0.1771117166212534,0.1625,0.01412010732948268,5,0.19754768392370572,0.18702290076335878,0.19228529234353225,0.00526239158017347,0.06297371983337072,0.08447694775108797,0.0733575154199526,0.010745320486860282,7,0.12638933410425257,0.09611883488992704,0.1112540844970898,0.015135249607162768,0.14885496183206107,0.1771117166212534,0.1625,0.01412010732948268,5,0.19754768392370572,0.18702290076335878,0.19228529234353225,0.00526239158017347,0.0730259789675314,0.09805364873081819,0.08511170897164488,0.012506509891207466,7,0.11490125732738501,0.103922307692272,0.1094117825098285,0.00548947481755651,0.21770246811594188,0.24140203164774127,0.22914686261090292,0.011842845479867149,4,0.3069886744038016,0.28609165680813087,0.29654016560596624,0.010448508797835376
7,2,"KNeighborsClassifier-split_x_y-{'n_neighbors': [1, 5, 10, 15, 20, 25, 40, 60, 80, 100], 'algorithm': ['brute'], 'metric': ['hamming']}-(5 of 5)",0.007333159446716309,0.0031145811080932617,0.9354890584945679,0.03425180912017822,brute,hamming,60,"{'algorithm': 'brute', 'metric': 'hamming', 'n_neighbors': 60}",0.14376590330788805,0.15940054495912806,0.1513157894736842,0.007812744946137505,7,0.17983651226158037,0.16793893129770993,0.17388772177964515,0.005948790481935223,0.058698398864000294,0.059111707794506425,0.05889798357123155,0.0002065334997779865,8,0.11052322131548264,0.07820014998550152,0.09436168565049208,0.01616153566499056,0.14376590330788805,0.15940054495912806,0.1513157894736842,0.007812744946137505,7,0.17983651226158037,0.16793893129770993,0.17388772177964515,0.005948790481935223,0.06618226298920832,0.07671668097377864,0.07126927798965214,0.005264125824266924,8,0.09172630097439871,0.08492001806773232,0.08832315952106551,0.003403141453333196,0.22634618886377633,0.2351808550979882,0.2306124026900339,0.004414747425098552,2,0.28910818182225934,0.2697527999858677,0.2794304909040635,0.009677690918195814
8,2,"KNeighborsClassifier-split_x_y-{'n_neighbors': [1, 5, 10, 15, 20, 25, 40, 60, 80, 100], 'algorithm': ['brute'], 'metric': ['hamming']}-(5 of 5)",0.00735163688659668,0.0005209445953369141,1.0558336973190308,0.03332173824310303,brute,hamming,80,"{'algorithm': 'brute', 'metric': 'hamming', 'n_neighbors': 80}",0.1361323155216285,0.14713896457765668,0.14144736842105263,0.005500103149442713,8,0.16212534059945505,0.14249363867684478,0.15230948963814991,0.009815850961305134,0.04107957196740269,0.07125763481477841,0.0556523996844907,0.015080199038418967,9,0.06840782016695264,0.06290004643574304,0.06565393330134783,0.0027538868656048,0.1361323155216285,0.14713896457765668,0.14144736842105263,0.005500103149442713,8,0.16212534059945505,0.14249363867684478,0.15230948963814991,0.009815850961305134,0.05387309683360189,0.06630322073693418,0.05987553824481629,0.006211423956616243,9,0.07247176208513913,0.06257015858412834,0.06752096033463373,0.004950801750505392,0.22403697834233283,0.23824367761566698,0.23089731864932445,0.007099191681200681,1,0.27688037376557073,0.25428822080591224,0.2655842972857415,0.011296076479829248
9,2,"KNeighborsClassifier-split_x_y-{'n_neighbors': [1, 5, 10, 15, 20, 25, 40, 60, 80, 100], 'algorithm': ['brute'], 'metric': ['hamming']}-(5 of 5)",0.008538484573364258,0.004292964935302734,1.2100889682769775,0.03230571746826172,brute,hamming,100,"{'algorithm': 'brute', 'metric': 'hamming', 'n_neighbors': 100}",0.13231552162849872,0.13487738419618528,0.13355263157894737,0.0012801814889569028,9,0.14850136239782016,0.13486005089058525,0.1416807066442027,0.006820655753617455,0.043857096151258955,0.040162514504492305,0.042073002119201904,0.001846209509162572,10,0.051376248584516865,0.06274691903828945,0.05706158381140316,0.005685335226886294,0.13231552162849872,0.13487738419618528,0.13355263157894737,0.0012801814889569028,9,0.14850136239782016,0.13486005089058525,0.1416807066442027,0.006820655753617455,0.051549933070963214,0.05017229678665252,0.05088467975998687,0.0006884149415097333,10,0.060759014070312395,0.05260369307998038,0.05668135357514639,0.004077660495166006,0.2240021070243399,0.2356416751949399,0.2296227932330375,0.005816377466692096,3,0.2636119814237389,0.2497711925473634,0.25669158698555117,0.0069203944381877325
0,3,"KNeighborsClassifier-split_x_y-{'n_neighbors': [1, 5, 10, 15, 20, 25, 40, 60, 80, 100], 'algorithm': ['brute'], 'metric': ['hamming']}-(5 of 5)",0.013216137886047363,0.001593947410583496,0.9851953983306885,0.016147136688232422,brute,hamming,1,"{'algorithm': 'brute', 'metric': 'hamming', 'n_neighbors': 1}",0.21419518377693283,0.213406292749658,0.2138157894736842,0.0003941582477819262,10,0.9904240766073872,0.9847908745247148,0.987607475566051,0.0028166010413361864,0.22630910171395457,0.2172029025225824,0.22192973881336703,0.00454978367496885,1,0.9917331292417623,0.9845045587312061,0.9881188439864842,0.0036142852552780713,0.21419518377693283,0.213406292749658,0.2138157894736842,0.0003941582477819262,10,0.9904240766073872,0.9847908745247148,0.987607475566051,0.0028166010413361864,0.21158657093401295,0.2097513885686587,0.21070399309909588,0.0009169229215181901,1,0.9905492380770797,0.9841065473858155,0.9873278927314476,0.0032213453456321206,0.2209114642574706,0.22012931588855003,0.22053531264057524,0.00039078937386851693,10,0.9905059221064691,0.9849208670501445,0.9877133945783068,0.0027925275281623363
1,3,"KNeighborsClassifier-split_x_y-{'n_neighbors': [1, 5, 10, 15, 20, 25, 40, 60, 80, 100], 'algorithm': ['brute'], 'metric': ['hamming']}-(5 of 5)",0.01104116439819336,0.0034410953521728516,0.9153505563735962,0.07540547847747803,brute,hamming,5,"{'algorithm': 'brute', 'metric': 'hamming', 'n_neighbors': 5}",0.2370088719898606,0.23119015047879618,0.23421052631578948,0.002907241933090384,8,0.43365253077975374,0.4296577946768061,0.4316551627282799,0.0019973680514738246,0.18848580215025082,0.1690917341618397,0.17915878655845574,0.009689971860983696,2,0.3981598248812832,0.4020941266428246,0.4001269757620539,0.001967150880770707,0.2370088719898606,0.23119015047879618,0.23421052631578948,0.002907241933090384,8,0.43365253077975374,0.4296577946768061,0.4316551627282799,0.0019973680514738246,0.18721624923992888,0.18061549709066335,0.18404180856814395,0.003297972484469502,2,0.3837048127111103,0.3706185230353161,0.3771616678732132,0.006543144837897086,0.2636573397029651,0.2597898909116406,0.2617974021592426,0.0019323161073851655,9,0.5151846785225696,0.4885720321081511,0.5018783553153603,0.01330632320720923
2,3,"KNeighborsClassifier-split_x_y-{'n_neighbors': [1, 5, 10, 15, 20, 25, 40, 60, 80, 100], 'algorithm': ['brute'], 'metric': ['hamming']}-(5 of 5)",0.009165763854980469,0.004601716995239258,0.8375813961029053,0.05483579635620117,brute,hamming,10,"{'algorithm': 'brute', 'metric': 'hamming', 'n_neighbors': 10}",0.2585551330798479,0.25991792065663477,0.25921052631578945,0.0006808975445199941,4,0.3748290013679891,0.3574144486692015,0.3661217250185953,0.008707276349393778,0.14668960380789114,0.16481328499084022,0.15540566363995417,0.009055241055417376,3,0.3019412009386301,0.30197915137514614,0.3019601761568881,1.897521825802717e-05,0.2585551330798479,0.25991792065663477,0.25921052631578945,0.0006808975445199941,4,0.3748290013679891,0.3574144486692015,0.3661217250185953,0.008707276349393778,0.1769817009858977,0.1887993300643376,0.1826650476019106,0.005904511281596628,3,0.30580864912181566,0.28529131123334295,0.2955499801775793,0.010258668944236354,0.293268515036574,0.2943259355024045,0.2937770508000754,0.0005283251850642512,8,0.4696908996156599,0.44010652423199903,0.45489871192382947,0.014792187691830438
3,3,"KNeighborsClassifier-split_x_y-{'n_neighbors': [1, 5, 10, 15, 20, 25, 40, 60, 80, 100], 'algorithm': ['brute'], 'metric': ['hamming']}-(5 of 5)",0.02141427993774414,0.0075528621673583984,1.1293940544128418,0.042772531509399414,brute,hamming,15,"{'algorithm': 'brute', 'metric': 'hamming', 'n_neighbors': 15}",0.2623574144486692,0.2667578659370725,0.2644736842105263,0.002198623368946179,1,0.3433652530779754,0.32192648922686945,0.3326458711524224,0.010719381925552968,0.1491065073794664,0.1503432351902739,0.14970127582005868,0.0006179135647859719,4,0.25500865156211017,0.22612196018281475,0.24056530587246244,0.01444334568964771,0.2623574144486692,0.2667578659370725,0.2644736842105263,0.002198623368946179,1,0.3433652530779754,0.32192648922686945,0.3326458711524224,0.010719381925552968,0.1686647828184244,0.18384350628649065,0.17596455048629048,0.007583834571431999,4,0.25504946033608605,0.23738221623247832,0.24621583828428217,0.008833622051803866,0.30774943265437404,0.3058589305511316,0.3068402503928805,0.0009445626463976547,7,0.43694780291907487,0.4141883992644442,0.4255681010917595,0.011379701827315347
4,3,"KNeighborsClassifier-split_x_y-{'n_neighbors': [1, 5, 10, 15, 20, 25, 40, 60, 80, 100], 'algorithm': ['brute'], 'metric': ['hamming']}-(5 of 5)",0.00412297248840332,9.942054748535156e-05,1.0336512327194214,0.12329661846160889,brute,hamming,20,"{'algorithm': 'brute', 'metric': 'hamming', 'n_neighbors': 20}",0.2585551330798479,0.2640218878248974,0.2611842105263158,0.002731386714849217,3,0.31326949384404923,0.29404309252217997,0.3036562931831146,0.009613200660934629,0.14094938026934684,0.1477741782767162,0.1442315693110488,0.0034099138297248384,5,0.20534210016225693,0.16889258901486068,0.1871173445885588,0.018224755573698126,0.2585551330798479,0.2640218878248974,0.2611842105263158,0.002731386714849217,3,0.31326949384404923,0.29404309252217997,0.3036562931831146,0.009613200660934629,0.15336451652383362,0.1682071203138478,0.1605026371623207,0.0074158971266321885,5,0.2110709780844826,0.19423346838075545,0.20265222323261903,0.00841875485186358,0.3142806646903207,0.3119507198552496,0.31316014516766477,0.0011641239941498666,6,0.42265809756815104,0.4001468519736825,0.41140247477091674,0.011255622797234272
5,3,"KNeighborsClassifier-split_x_y-{'n_neighbors': [1, 5, 10, 15, 20, 25, 40, 60, 80, 100], 'algorithm': ['brute'], 'metric': ['hamming']}-(5 of 5)",0.009962797164916992,0.004271745681762695,0.9726834297180176,0.03507280349731445,brute,hamming,25,"{'algorithm': 'brute', 'metric': 'hamming', 'n_neighbors': 25}",0.25475285171102663,0.2722298221614227,0.2631578947368421,0.008732121181630238,2,0.3009575923392613,0.2813688212927757,0.2911632068160185,0.009794385523242799,0.13368482963745498,0.1479825454083844,0.1405609021562375,0.007143651531975438,6,0.18014983551991529,0.1451472532857161,0.16264854440281568,0.017501291117099596,0.25475285171102663,0.2722298221614227,0.2631578947368421,0.008732121181630238,2,0.3009575923392613,0.2813688212927757,0.2911632068160185,0.009794385523242799,0.14845036744073234,0.16941134025810461,0.15853094055224493,0.010472853704573489,6,0.19087422255427478,0.17305636910528274,0.18196529582977877,0.008908926724496016,0.31506827226937534,0.32301720617587176,0.3188910819309865,0.003971572437757548,5,0.4125830549073541,0.3906278659226391,0.40160546041499656,0.010977594492357495
6,3,"KNeighborsClassifier-split_x_y-{'n_neighbors': [1, 5, 10, 15, 20, 25, 40, 60, 80, 100], 'algorithm': ['brute'], 'metric': ['hamming']}-(5 of 5)",0.00997912883758545,0.002256035804748535,1.2073076963424683,0.021539807319641113,brute,hamming,40,"{'algorithm': 'brute', 'metric': 'hamming', 'n_neighbors': 40}",0.24334600760456274,0.25718194254445964,0.25,0.006912929268790605,5,0.27906976744186046,0.25475285171102663,0.26691130957644355,0.012158457865416916,0.11209912167601488,0.10577861192305087,0.10905945547245126,0.003157953333456985,7,0.16714176658795166,0.11415809932689058,0.14064993295742112,0.026491833630530537,0.24334600760456274,0.25718194254445964,0.25,0.006912929268790605,5,0.27906976744186046,0.25475285171102663,0.26691130957644355,0.012158457865416916,0.12612039297959482,0.14311873515130727,0.1342952535898065,0.008492981329429715,7,0.16116289469202158,0.13959829094716097,0.15038059281959126,0.010782301872430303,0.317909957602589,0.3264232508874358,0.32200417957049887,0.004253546621769125,2,0.39068334703721336,0.36761791563415314,0.3791506313356833,0.01153271570153011
7,3,"KNeighborsClassifier-split_x_y-{'n_neighbors': [1, 5, 10, 15, 20, 25, 40, 60, 80, 100], 'algorithm': ['brute'], 'metric': ['hamming']}-(5 of 5)",0.008603811264038086,2.47955322265625e-05,1.0035673379898071,0.07188618183135986,brute,hamming,60,"{'algorithm': 'brute', 'metric': 'hamming', 'n_neighbors': 60}",0.2509505703422053,0.24897400820793433,0.25,0.0009875613241129356,5,0.2640218878248974,0.24461343472750316,0.25431766127620026,0.009704226548697112,0.1111486399931649,0.08571294347210387,0.09891607804783883,0.012708586135764843,8,0.10919083888992909,0.11762998520682433,0.11341041204837671,0.00421957315844762,0.2509505703422053,0.24897400820793433,0.25,0.0009875613241129356,5,0.2640218878248974,0.24461343472750316,0.25431766127620026,0.009704226548697112,0.12984053518906344,0.12434255459272105,0.12719644057332247,0.0027469882699507216,8,0.1387794413172645,0.12545315975515534,0.13211630053620993,0.00666314078105458,0.3198586542089632,0.3286825561151729,0.32410225440201534,0.004408737827790672,1,0.3750549595649502,0.35362574994931206,0.3643403547571311,0.010714604807819078
8,3,"KNeighborsClassifier-split_x_y-{'n_neighbors': [1, 5, 10, 15, 20, 25, 40, 60, 80, 100], 'algorithm': ['brute'], 'metric': ['hamming']}-(5 of 5)",0.01246631145477295,0.0033115148544311523,1.0350440740585327,0.17556679248809814,brute,hamming,80,"{'algorithm': 'brute', 'metric': 'hamming', 'n_neighbors': 80}",0.2332065906210393,0.23803009575923392,0.2355263157894737,0.0024099961435808813,7,0.2503419972640219,0.23447401774397972,0.24240800750400082,0.00793398976002109,0.08701766712763867,0.08008862353260406,0.08368534418818452,0.003461998663691156,9,0.09490836384271575,0.10697313284928375,0.10094074834599975,0.0060323845032839996,0.2332065906210393,0.23803009575923392,0.2355263157894737,0.0024099961435808813,7,0.2503419972640219,0.23447401774397972,0.24240800750400082,0.00793398976002109,0.11607783139003333,0.11509964195610164,0.11560739949779382,0.0004887385202100738,9,0.12802057275413667,0.11705643694821226,0.12253850485117446,0.005482067902962205,0.310029892367037,0.3300510242022812,0.31965847616411824,0.010003275446104873,3,0.36091869463278187,0.341229135159075,0.35107391489592843,0.009844779736853437
9,3,"KNeighborsClassifier-split_x_y-{'n_neighbors': [1, 5, 10, 15, 20, 25, 40, 60, 80, 100], 'algorithm': ['brute'], 'metric': ['hamming']}-(5 of 5)",0.008076310157775879,0.0014170408248901367,0.8870543241500854,0.04585230350494385,brute,hamming,100,"{'algorithm': 'brute', 'metric': 'hamming', 'n_neighbors': 100}",0.22306717363751585,0.23666210670314639,0.22960526315789473,0.006792516089797886,9,0.2393980848153215,0.23067173637515842,0.23503491059523995,0.004363174220081534,0.08254145376303916,0.0782118311544143,0.0804592471006018,0.002163234720602363,10,0.08824185559187284,0.0797538690100314,0.08399786230095212,0.0042439932909207195,0.22306717363751585,0.23666210670314639,0.22960526315789473,0.006792516089797886,9,0.2393980848153215,0.23067173637515842,0.23503491059523995,0.004363174220081534,0.10620611930781013,0.11282142247953665,0.10938755787263386,0.0033052426971077074,10,0.11709345971043035,0.11130974490203598,0.11420160230623316,0.0028918574041971873,0.30823064819785756,0.33109374872857505,0.31922599457151185,0.011423224922686478,4,0.3564760230387169,0.33351127699273153,0.34499365001572424,0.011482373022992681
0,4,"KNeighborsClassifier-split_x_y-{'n_neighbors': [1, 5, 10, 15, 20, 25, 40, 60, 80, 100], 'algorithm': ['brute'], 'metric': ['hamming']}-(5 of 5)",0.006383180618286133,0.001596689224243164,1.0220589637756348,0.18719220161437988,brute,hamming,1,"{'algorithm': 'brute', 'metric': 'hamming', 'n_neighbors': 1}",0.2789808917197452,0.3197278911564626,0.2986842105263158,0.020362474022560143,8,0.9836734693877551,0.975796178343949,0.9797348238658521,0.003938645521903039,0.2827700144454623,0.29784181281527256,0.29005802220981136,0.007531820919848567,1,0.9851171579743007,0.9764971265978045,0.9808071422860526,0.00431001568824807,0.2789808917197452,0.3197278911564626,0.2986842105263158,0.020362474022560143,8,0.9836734693877551,0.975796178343949,0.9797348238658521,0.003938645521903039,0.27287955006267156,0.30281222102796473,0.2873535718781258,0.0149582360267587,2,0.9836647057661243,0.9751685516244221,0.9794166286952732,0.0042480770708511195,0.28514344820077103,0.3255421826850373,0.30467836257309716,0.02018843578305082,10,0.9838130123844407,0.9760030486145134,0.9799080304994771,0.0039049818849636875
1,4,"KNeighborsClassifier-split_x_y-{'n_neighbors': [1, 5, 10, 15, 20, 25, 40, 60, 80, 100], 'algorithm': ['brute'], 'metric': ['hamming']}-(5 of 5)",0.01106882095336914,0.004160642623901367,0.9585579633712769,0.13887465000152588,brute,hamming,5,"{'algorithm': 'brute', 'metric': 'hamming', 'n_neighbors': 5}",0.3452229299363057,0.3346938775510204,0.3401315789473684,0.005261677145344634,2,0.5197278911564626,0.5006369426751592,0.5101824169158109,0.009545474240651664,0.262911564207627,0.28168747017047663,0.2719907029462418,0.00938287242505623,2,0.49793965220187725,0.4752518903373408,0.486595771269609,0.011343880932268235,0.3452229299363057,0.3346938775510204,0.3401315789473684,0.005261677145344634,2,0.5197278911564626,0.5006369426751592,0.5101824169158109,0.009545474240651664,0.28819302123835566,0.2985995124349104,0.29322510744195285,0.005200429714706806,1,0.48037095881889175,0.455744744951239,0.4680578518850654,0.012313106933826368,0.36990473079644764,0.3546188731902993,0.3625132141250535,0.007638792615911566,9,0.5926077097505644,0.5572186836518022,0.5749131967011833,0.017694513049381133
2,4,"KNeighborsClassifier-split_x_y-{'n_neighbors': [1, 5, 10, 15, 20, 25, 40, 60, 80, 100], 'algorithm': ['brute'], 'metric': ['hamming']}-(5 of 5)",0.011829376220703125,0.0031080245971679688,0.9304847717285156,0.014408111572265625,brute,hamming,10,"{'algorithm': 'brute', 'metric': 'hamming', 'n_neighbors': 10}",0.3375796178343949,0.33741496598639453,0.3375,8.2281370997162e-05,4,0.4530612244897959,0.45605095541401275,0.45455608995190433,0.001494865462108419,0.21318787722300023,0.23955683688666202,0.225938657060363,0.01317734467754236,4,0.39858553284440557,0.3688241977516587,0.38370486529803216,0.014880667546373433,0.3375796178343949,0.33741496598639453,0.3375,8.2281370997162e-05,4,0.4530612244897959,0.45605095541401275,0.45455608995190433,0.001494865462108419,0.25338321410121595,0.2734056272903634,0.2630651046893892,0.010005788746878717,3,0.38885791602230174,0.38450850178749946,0.3866832089049006,0.0021747071174011423,0.38126995792600676,0.3857561901439431,0.3834392873208642,0.0022419021832214663,8,0.5484893639995678,0.5255317965827516,0.5370105802911598,0.011478783708408102
3,4,"KNeighborsClassifier-split_x_y-{'n_neighbors': [1, 5, 10, 15, 20, 25, 40, 60, 80, 100], 'algorithm': ['brute'], 'metric': ['hamming']}-(5 of 5)",0.007055163383483887,0.00048220157623291016,1.0015733242034912,0.014681577682495117,brute,hamming,15,"{'algorithm': 'brute', 'metric': 'hamming', 'n_neighbors': 15}",0.3401273885350318,0.3469387755102041,0.34342105263157896,0.0034038504001982772,1,0.41496598639455784,0.41656050955414015,0.415763247974349,0.0007972615797911531,0.22233249490634635,0.23199464254566293,0.2270046518240422,0.004828459347375559,3,0.3398392866598262,0.3073088522406399,0.32357406945023304,0.016265217209593147,0.3401273885350318,0.3469387755102041,0.34342105263157896,0.0034038504001982772,1,0.41496598639455784,0.41656050955414015,0.415763247974349,0.0007972615797911531,0.24772146527424757,0.2699600725806324,0.2584750023599008,0.011113286127422843,4,0.33269169376901586,0.33108805053309576,0.3318898721510558,0.0008018216179600524,0.3932750476699494,0.4003008518314623,0.39667239376120733,0.0035110009744051545,7,0.5236315913866921,0.5040159946210887,0.5138237930038905,0.009807798382801713
4,4,"KNeighborsClassifier-split_x_y-{'n_neighbors': [1, 5, 10, 15, 20, 25, 40, 60, 80, 100], 'algorithm': ['brute'], 'metric': ['hamming']}-(5 of 5)",0.011865973472595215,0.000580906867980957,1.0688163042068481,0.18343126773834229,brute,hamming,20,"{'algorithm': 'brute', 'metric': 'hamming', 'n_neighbors': 20}",0.3401273885350318,0.3333333333333333,0.3368421052631579,0.0033951892032511996,5,0.3891156462585034,0.3821656050955414,0.3856406256770224,0.0034750205814809976,0.20945119862315212,0.1947505344768319,0.2023426537892407,0.007346354232996297,5,0.2674276497013961,0.25103597922474574,0.2592318144630709,0.008195835238325178,0.3401273885350318,0.3333333333333333,0.3368421052631579,0.0033951892032511996,5,0.3891156462585034,0.3821656050955414,0.3856406256770224,0.0034750205814809976,0.23756454538045896,0.24021167515132313,0.2388445719472913,0.0013228486008468104,5,0.28973103669514255,0.28472040277686567,0.2872257197360041,0.0025053169591384428,0.39505584812515054,0.39920906246836424,0.39706414585032296,0.0020754833568826354,6,0.5083248340669191,0.4808323089774836,0.4945785715222013,0.013746262544717752
5,4,"KNeighborsClassifier-split_x_y-{'n_neighbors': [1, 5, 10, 15, 20, 25, 40, 60, 80, 100], 'algorithm': ['brute'], 'metric': ['hamming']}-(5 of 5)",0.009734392166137695,0.0021140575408935547,1.1620036363601685,0.1346498727798462,brute,hamming,25,"{'algorithm': 'brute', 'metric': 'hamming', 'n_neighbors': 25}",0.32993630573248406,0.34965986394557824,0.3394736842105263,0.009856442125764977,3,0.3741496598639456,0.3554140127388535,0.36478183630139954,0.009367823562546063,0.17453141705141242,0.19613858816662683,0.184979621505151,0.010797738891617632,6,0.2459516353994145,0.21992147647263105,0.23293655593602278,0.013015079463391727,0.32993630573248406,0.34965986394557824,0.3394736842105263,0.009856442125764977,3,0.3741496598639456,0.3554140127388535,0.36478183630139954,0.009367823562546063,0.21651108927626747,0.24632205634580187,0.23092626085265416,0.014897417010632588,6,0.2641775468993678,0.24953496521157428,0.256856256055471,0.007321290843896752,0.3999268484402855,0.4166024981654898,0.4079904027481967,0.008333312612776273,2,0.4967151974448045,0.47042632047892186,0.4835707589618632,0.013144438482941334
6,4,"KNeighborsClassifier-split_x_y-{'n_neighbors': [1, 5, 10, 15, 20, 25, 40, 60, 80, 100], 'algorithm': ['brute'], 'metric': ['hamming']}-(5 of 5)",0.01130223274230957,0.006888628005981445,1.0974936485290527,0.05601859092712402,brute,hamming,40,"{'algorithm': 'brute', 'metric': 'hamming', 'n_neighbors': 40}",0.32229299363057323,0.3510204081632653,0.3361842105263158,0.014355933939767512,6,0.35374149659863946,0.3286624203821656,0.3412019584904025,0.012539538108236936,0.16781009683896753,0.18419633199994997,0.17573370397273205,0.008188683643105255,7,0.24589315627311717,0.17942940344616862,0.2126612798596429,0.033231876413474276,0.32229299363057323,0.3510204081632653,0.3361842105263158,0.014355933939767512,6,0.35374149659863946,0.3286624203821656,0.3412019584904025,0.012539538108236936,0.19724706396761296,0.22908041291006104,0.21264016362070462,0.01590806071250461,7,0.2335992882963323,0.2066810057875529,0.22014014704194262,0.013459141254389698,0.4034246026485332,0.4252034135810753,0.4139558039876243,0.010883512356409802,1,0.4737803240952968,0.44770478978824046,0.46074255694176863,0.013037767153528168
7,4,"KNeighborsClassifier-split_x_y-{'n_neighbors': [1, 5, 10, 15, 20, 25, 40, 60, 80, 100], 'algorithm': ['brute'], 'metric': ['hamming']}-(5 of 5)",0.010046958923339844,0.0009243488311767578,1.0499814748764038,0.081184983253479,brute,hamming,60,"{'algorithm': 'brute', 'metric': 'hamming', 'n_neighbors': 60}",0.2929936305732484,0.3142857142857143,0.30328947368421055,0.010640280449474744,7,0.3197278911564626,0.2968152866242038,0.30827158889033324,0.011456302266129398,0.12671152976807784,0.1577164031398749,0.14170401787878234,0.015494047103676627,9,0.16186156331737514,0.1143797747552357,0.13812066903630543,0.02374089428106972,0.2929936305732484,0.3142857142857143,0.30328947368421055,0.010640280449474744,7,0.3197278911564626,0.2968152866242038,0.30827158889033324,0.011456302266129398,0.15568848018816306,0.17252963073529498,0.16383206285404592,0.00841601824101394,8,0.18099211166967,0.1557712255903824,0.16838166863002618,0.012610443039643801,0.38931902890997505,0.41615940785679645,0.4022977647822867,0.013412926758180708,4,0.44957236697967384,0.43154157921168734,0.4405569730956806,0.00901539388399325
8,4,"KNeighborsClassifier-split_x_y-{'n_neighbors': [1, 5, 10, 15, 20, 25, 40, 60, 80, 100], 'algorithm': ['brute'], 'metric': ['hamming']}-(5 of 5)",0.004960775375366211,0.0004987716674804688,1.2226358652114868,0.004688620567321777,brute,hamming,80,"{'algorithm': 'brute', 'metric': 'hamming', 'n_neighbors': 80}",0.28535031847133757,0.3115646258503401,0.2980263157894737,0.01310006038244244,9,0.31020408163265306,0.289171974522293,0.299688028077473,0.010516053555180038,0.10775658016865439,0.18529316488500164,0.1452495997518881,0.0387473117998955,8,0.13668354433717184,0.10726430567194897,0.1219739250045604,0.014709619332611432,0.28535031847133757,0.3115646258503401,0.2980263157894737,0.01310006038244244,9,0.31020408163265306,0.289171974522293,0.299688028077473,0.010516053555180038,0.14261557313330817,0.16535819892534856,0.15361282968406453,0.01136515898831878,9,0.1685207229415749,0.14386851383274035,0.15619461838715765,0.01232610455441728,0.38838506684264873,0.4205208010388591,0.40392438568094785,0.01605917151721803,3,0.43999918459770837,0.422231581271982,0.4311153829348452,0.008883801662863178
9,4,"KNeighborsClassifier-split_x_y-{'n_neighbors': [1, 5, 10, 15, 20, 25, 40, 60, 80, 100], 'algorithm': ['brute'], 'metric': ['hamming']}-(5 of 5)",0.02135753631591797,0.009702920913696289,1.1826276779174805,0.07460665702819824,brute,hamming,100,"{'algorithm': 'brute', 'metric': 'hamming', 'n_neighbors': 100}",0.27388535031847133,0.308843537414966,0.29078947368421054,0.017469634242238966,10,0.3047619047619048,0.289171974522293,0.29696693964209886,0.007794965119805902,0.08430646440178796,0.16353685333782636,0.12261852747283285,0.03959375558470298,10,0.13205880531312947,0.11894417941691605,0.12550149236502275,0.006557312948106708,0.27388535031847133,0.308843537414966,0.29078947368421054,0.017469634242238966,10,0.3047619047619048,0.289171974522293,0.29696693964209886,0.007794965119805902,0.1265639569663986,0.16228737804800672,0.14383811123941306,0.01785204417078481,10,0.15823204782784503,0.14181661844627766,0.15002433313706134,0.008207714690783685,0.3815390075021468,0.4179902202281955,0.39916508734007167,0.01821574306048522,5,0.4334251012703912,0.41729458481542503,0.4253598430429081,0.00806525822748308
0,5,"KNeighborsClassifier-split_x_y-{'n_neighbors': [1, 5, 10, 15, 20, 25, 40, 60, 80, 100], 'algorithm': ['brute'], 'metric': ['hamming']}-(5 of 5)",0.007213711738586426,0.0021265745162963867,0.9861103296279907,0.08798277378082275,brute,hamming,1,"{'algorithm': 'brute', 'metric': 'hamming', 'n_neighbors': 1}",0.45652173913043476,0.47560975609756095,0.46578947368421053,0.009540008943918463,10,0.9959349593495935,0.9974424552429667,0.9966887072962801,0.0007537479466865893,0.43353961809558716,0.4779347453288403,0.45509462066015344,0.022188261441774982,1,0.9960146660290131,0.9976708074534162,0.9968427367412147,0.000828070712201534,0.45652173913043476,0.47560975609756095,0.46578947368421053,0.009540008943918463,10,0.9959349593495935,0.9974424552429667,0.9966887072962801,0.0007537479466865893,0.442441128562824,0.47431330806284516,0.4579159104516501,0.015929411526406156,1,0.99594537781651,0.9974874850422281,0.996716431429369,0.0007710536128590073,0.461166852471197,0.48009172399415956,0.47035537561853014,0.009458470405936177,10,0.9959697032867764,0.9974643145998644,0.9967170089433204,0.0007473056565440173
1,5,"KNeighborsClassifier-split_x_y-{'n_neighbors': [1, 5, 10, 15, 20, 25, 40, 60, 80, 100], 'algorithm': ['brute'], 'metric': ['hamming']}-(5 of 5)",0.0075931549072265625,0.0008683204650878906,1.048420786857605,0.011090874671936035,brute,hamming,5,"{'algorithm': 'brute', 'metric': 'hamming', 'n_neighbors': 5}",0.5076726342710998,0.510840108401084,0.5092105263157894,0.0015830733795826563,6,0.6585365853658537,0.618925831202046,0.6387312082839498,0.01980537708190383,0.41167735106388265,0.45366983363464264,0.4320658064173174,0.020987442540119673,2,0.620277677625195,0.5575119094460527,0.5888947935356239,0.031382884089571184,0.5076726342710998,0.510840108401084,0.5092105263157894,0.0015830733795826563,6,0.6585365853658537,0.618925831202046,0.6387312082839498,0.01980537708190383,0.4412128031934033,0.4665975592328234,0.4535377702704375,0.012687059115272594,2,0.6191871746622682,0.567000955710964,0.5930940651866161,0.026093109475652132,0.538927142763457,0.5486884163713401,0.5436664979757055,0.004878591510245319,9,0.7209575429087612,0.6934995737425413,0.7072285583256512,0.013728984583109949
2,5,"KNeighborsClassifier-split_x_y-{'n_neighbors': [1, 5, 10, 15, 20, 25, 40, 60, 80, 100], 'algorithm': ['brute'], 'metric': ['hamming']}-(5 of 5)",0.010167479515075684,0.0009368658065795898,0.9827215671539307,0.15442633628845215,brute,hamming,10,"{'algorithm': 'brute', 'metric': 'hamming', 'n_neighbors': 10}",0.5115089514066496,0.535230352303523,0.5230263157894737,0.011855730069194206,2,0.5948509485094851,0.5639386189258312,0.5793947837176581,0.015456164791826932,0.3755425576269424,0.40859172954489864,0.39158880030816057,0.01651766111845981,3,0.5202763612659379,0.45160261830836157,0.48593948978714974,0.03433687147878817,0.5115089514066496,0.535230352303523,0.5230263157894737,0.011855730069194206,2,0.5948509485094851,0.5639386189258312,0.5793947837176581,0.015456164791826932,0.41036676970715774,0.44448400039340447,0.4269315830271907,0.017051466710715404,3,0.5173786725458236,0.4706555660512632,0.4940171192985434,0.023361553247280203,0.566151020051274,0.5879620530027019,0.5767408505237437,0.010900946378614258,8,0.681508904374758,0.6528564324280441,0.6671826684014011,0.014326235973356916
3,5,"KNeighborsClassifier-split_x_y-{'n_neighbors': [1, 5, 10, 15, 20, 25, 40, 60, 80, 100], 'algorithm': ['brute'], 'metric': ['hamming']}-(5 of 5)",0.007430315017700195,0.0013141632080078125,1.0854097604751587,0.09189236164093018,brute,hamming,15,"{'algorithm': 'brute', 'metric': 'hamming', 'n_neighbors': 15}",0.5140664961636828,0.540650406504065,0.5269736842105263,0.013286385005228505,1,0.5663956639566395,0.5358056265984654,0.5511006452775524,0.015295018679087058,0.35397085612134976,0.3861143230528406,0.3695773551972973,0.016064998398895365,5,0.470767454555116,0.39771235436800967,0.4342399044615628,0.03652755009355316,0.5140664961636828,0.540650406504065,0.5269736842105263,0.013286385005228505,1,0.5663956639566395,0.5358056265984654,0.5511006452775524,0.015295018679087058,0.39686951825156613,0.42744436860625873,0.41171441270009446,0.015281018784983327,4,0.45711135462349023,0.42284672692919545,0.43997904077634287,0.01713231384714739,0.5803696765013882,0.6009026166546478,0.5903389592863261,0.010262167780152143,5,0.6733830570212683,0.6317327741880168,0.6525579156046426,0.02082514141662578
4,5,"KNeighborsClassifier-split_x_y-{'n_neighbors': [1, 5, 10, 15, 20, 25, 40, 60, 80, 100], 'algorithm': ['brute'], 'metric': ['hamming']}-(5 of 5)",0.006373286247253418,0.001785874366760254,1.0091593265533447,0.10584521293640137,brute,hamming,20,"{'algorithm': 'brute', 'metric': 'hamming', 'n_neighbors': 20}",0.5063938618925832,0.535230352303523,0.5203947368421052,0.01441220305416581,3,0.55420054200542,0.5166240409207161,0.5354122914630681,0.018788250542351947,0.37419935794670517,0.3939347012517744,0.3837813864724559,0.009863536477671492,4,0.41612419838226294,0.35511740605126285,0.38562080221676287,0.030503396165500046,0.5063938618925832,0.535230352303523,0.5203947368421052,0.01441220305416581,3,0.55420054200542,0.5166240409207161,0.5354122914630681,0.018788250542351947,0.3805072419783548,0.41866743399930273,0.3990350194201045,0.019072100250563575,5,0.4349059408821365,0.3911029326715822,0.4130044367768594,0.021901504105277164,0.5795889519937945,0.6002525966956843,0.5896216952766857,0.010327492667755197,6,0.6645638030292493,0.6254880278857251,0.6450259154574872,0.019537887571762114
5,5,"KNeighborsClassifier-split_x_y-{'n_neighbors': [1, 5, 10, 15, 20, 25, 40, 60, 80, 100], 'algorithm': ['brute'], 'metric': ['hamming']}-(5 of 5)",0.008442401885986328,0.0008518695831298828,1.1685187816619873,0.04087567329406738,brute,hamming,25,"{'algorithm': 'brute', 'metric': 'hamming', 'n_neighbors': 25}",0.5025575447570333,0.5230352303523035,0.5125,0.01023455207872439,4,0.540650406504065,0.5217391304347826,0.5311947684694238,0.009455638034641223,0.33464172212391124,0.3450475638175129,0.33969403210409416,0.005200740495826647,7,0.41948595689286455,0.3589753531151143,0.38923065500398946,0.030255301888875125,0.5025575447570333,0.5230352303523035,0.5125,0.01023455207872439,4,0.540650406504065,0.5217391304347826,0.5311947684694238,0.009455638034641223,0.3687200486868155,0.3961131343002474,0.3820201126228107,0.013690803094094752,6,0.4134209828582878,0.3892391015974028,0.4013300422278453,0.012090940630442498,0.5813323302660585,0.6009752617416396,0.5908694904167024,0.009817349926110991,4,0.6548266470851353,0.6236736645247998,0.6392501558049675,0.015576491280167748
6,5,"KNeighborsClassifier-split_x_y-{'n_neighbors': [1, 5, 10, 15, 20, 25, 40, 60, 80, 100], 'algorithm': ['brute'], 'metric': ['hamming']}-(5 of 5)",0.007896780967712402,0.0003415346145629883,1.089207410812378,0.0772542953491211,brute,hamming,40,"{'algorithm': 'brute', 'metric': 'hamming', 'n_neighbors': 40}",0.4936061381074169,0.5271002710027101,0.5098684210526315,0.016740048373814816,5,0.521680216802168,0.5076726342710998,0.5146764255366338,0.007003791265534132,0.37408808582721625,0.35737440159812955,0.36597315230019917,0.008353340072251724,6,0.35681824950117635,0.2974217941472169,0.32712002182419664,0.029698227676979716,0.4936061381074169,0.5271002710027101,0.5098684210526315,0.016740048373814816,5,0.521680216802168,0.5076726342710998,0.5146764255366338,0.007003791265534132,0.3474832908114231,0.39024065262864144,0.36824311516741465,0.021369721897100406,7,0.3759475244759983,0.35889772713879636,0.3674226258073973,0.008524898668600955,0.5838218244922287,0.6039156364877174,0.5935778990005647,0.010042695712421014,2,0.6403239137443051,0.6113248334672908,0.625824373605798,0.014499540138507128
7,5,"KNeighborsClassifier-split_x_y-{'n_neighbors': [1, 5, 10, 15, 20, 25, 40, 60, 80, 100], 'algorithm': ['brute'], 'metric': ['hamming']}-(5 of 5)",0.02825140953063965,0.020697832107543945,1.076601266860962,0.1755075454711914,brute,hamming,60,"{'algorithm': 'brute', 'metric': 'hamming', 'n_neighbors': 60}",0.4846547314578005,0.5230352303523035,0.5032894736842105,0.019182207526125053,7,0.5067750677506775,0.49744245524296676,0.5021087614968222,0.004666306253855362,0.2608308145392544,0.2932717878580655,0.27658176079536134,0.016213689255614346,8,0.3490459634943483,0.26565254190509485,0.3073492526997216,0.041696710794626723,0.4846547314578005,0.5230352303523035,0.5032894736842105,0.019182207526125053,7,0.5067750677506775,0.49744245524296676,0.5021087614968222,0.004666306253855362,0.33246559493362565,0.375432908407634,0.3533273563440323,0.021474653734022832,8,0.3623734022284353,0.3448457061883097,0.3536095542083725,0.008763848020062803,0.5822762755768621,0.607665866113166,0.594603589929357,0.012689475350735365,1,0.627555697931053,0.6010138451880441,0.6142847715595485,0.013270926371504455
8,5,"KNeighborsClassifier-split_x_y-{'n_neighbors': [1, 5, 10, 15, 20, 25, 40, 60, 80, 100], 'algorithm': ['brute'], 'metric': ['hamming']}-(5 of 5)",0.0071506500244140625,0.0028314590454101562,1.2199902534484863,0.12344741821289062,brute,hamming,80,"{'algorithm': 'brute', 'metric': 'hamming', 'n_neighbors': 80}",0.4782608695652174,0.510840108401084,0.49407894736842106,0.016282793043169437,8,0.5013550135501355,0.49872122762148335,0.5000381205858094,0.0013168929643260496,0.2595790823954046,0.2858068972846592,0.27231337672979267,0.013108411892856645,9,0.28542961900207237,0.2685923797973976,0.27701099939973495,0.00841861960233739,0.4782608695652174,0.510840108401084,0.49407894736842106,0.016282793043169437,8,0.5013550135501355,0.49872122762148335,0.5000381205858094,0.0013168929643260496,0.32575030038583264,0.3644978951173021,0.34456327730150665,0.019365678526489672,9,0.3529473145512989,0.3455975386369542,0.34927242659412655,0.003674887957172357,0.5773207749075552,0.605718575993143,0.5911086546451629,0.014192950310695026,3,0.6194749010461164,0.5982624644560374,0.6088686827510769,0.010606218295039493
9,5,"KNeighborsClassifier-split_x_y-{'n_neighbors': [1, 5, 10, 15, 20, 25, 40, 60, 80, 100], 'algorithm': ['brute'], 'metric': ['hamming']}-(5 of 5)",0.009013891220092773,0.0007469654083251953,1.0090147256851196,0.056859612464904785,brute,hamming,100,"{'algorithm': 'brute', 'metric': 'hamming', 'n_neighbors': 100}",0.46547314578005117,0.510840108401084,0.4875,0.02267397550559847,9,0.4878048780487805,0.4884910485933504,0.48814796332106547,0.0003430852722849653,0.254664562970671,0.2882649431214076,0.27097843175438396,0.01679314973939629,10,0.28386089499468414,0.2648044708296006,0.2743326829121424,0.00952821208254176,0.46547314578005117,0.510840108401084,0.4875,0.02267397550559847,9,0.4878048780487805,0.4884910485933504,0.48814796332106547,0.0003430852722849653,0.3099800106135161,0.363681151153654,0.336053327533662,0.02683931819286668,10,0.33558365887690594,0.3366929989017627,0.3361383288893343,0.000554670012428371,0.5702223036369698,0.605528801865399,0.5873645376452467,0.01764585129286832,7,0.6123509408394343,0.5902326713291722,0.6012918060843033,0.01105913475513104
