,column,evaluation_method,mean_fit_time,std_fit_time,mean_score_time,std_score_time,param_algorithm,param_metric,param_n_neighbors,params,split0_test_accuracy,split1_test_accuracy,mean_test_accuracy,std_test_accuracy,rank_test_accuracy,split0_train_accuracy,split1_train_accuracy,mean_train_accuracy,std_train_accuracy,split0_test_hit@5,split1_test_hit@5,mean_test_hit@5,std_test_hit@5,rank_test_hit@5,split0_train_hit@5,split1_train_hit@5,mean_train_hit@5,std_train_hit@5,split0_test_mrr,split1_test_mrr,mean_test_mrr,std_test_mrr,rank_test_mrr,split0_train_mrr,split1_train_mrr,mean_train_mrr,std_train_mrr,split0_test_mdcg,split1_test_mdcg,mean_test_mdcg,std_test_mdcg,rank_test_mdcg,split0_train_mdcg,split1_train_mdcg,mean_train_mdcg,std_train_mdcg
0,0,"KNeighborsClassifier-split_x_y_split_with_one_hot_encoding_and_projection-{'n_neighbors': [1, 5, 10, 15, 20, 25, 40, 60, 80, 100], 'algorithm': ['brute'], 'metric': ['hamming']}-(1 of 5)",0.0014554262161254883,7.927417755126953e-05,0.4709656238555908,0.09318757057189941,brute,hamming,1,"{'algorithm': 'brute', 'metric': 'hamming', 'n_neighbors': 1}",0.0025348542458808617,0.0958904109589041,0.04739960500329164,0.04664255485310087,10,0.9849315068493151,0.9860583016476553,0.9854949042484852,0.0005633973991701069,0.016476552598225603,0.10547945205479452,0.05924950625411455,0.04446786850352445,10,0.9863013698630136,0.9860583016476553,0.9861798357553344,0.0001215341076791776,0.011060197371984418,0.10361784334387204,0.05554148872121284,0.04624390053811777,10,0.9850602973890643,0.9861774614626324,0.9856188794258484,0.0005585820367840499,0.18796170101986778,0.266444156440535,0.22567874674540236,0.03921161590002977,10,0.987958096227977,0.9887977248551506,0.9883779105415638,0.000419814313586786
1,0,"KNeighborsClassifier-split_x_y_split_with_one_hot_encoding_and_projection-{'n_neighbors': [1, 5, 10, 15, 20, 25, 40, 60, 80, 100], 'algorithm': ['brute'], 'metric': ['hamming']}-(1 of 5)",0.0015392303466796875,7.963180541992188e-05,0.32389235496520996,0.02216029167175293,brute,hamming,5,"{'algorithm': 'brute', 'metric': 'hamming', 'n_neighbors': 5}",0.3181242078580482,0.34383561643835614,0.3304805793285056,0.012846003251247344,1,0.36027397260273974,0.4512040557667934,0.40573901418476654,0.04546504158202683,0.5221799746514575,0.4506849315068493,0.4878209348255431,0.035720546146472756,9,1.0,1.0,1.0,0.0,0.3732220813969842,0.3735206650275118,0.3733655745176459,0.00014917915821478344,9,0.5636529680365284,0.5216518800168973,0.5426524240267129,0.021000544009815547,0.5175279587993207,0.5058057730313489,0.511894518634331,0.005856670046557495,9,0.7167479164615723,0.6928540136160646,0.7048009650388185,0.011946951422753871
2,0,"KNeighborsClassifier-split_x_y_split_with_one_hot_encoding_and_projection-{'n_neighbors': [1, 5, 10, 15, 20, 25, 40, 60, 80, 100], 'algorithm': ['brute'], 'metric': ['hamming']}-(1 of 5)",0.0027576684951782227,0.0012878179550170898,0.37786877155303955,0.0275193452835083,brute,hamming,10,"{'algorithm': 'brute', 'metric': 'hamming', 'n_neighbors': 10}",0.3181242078580482,0.34383561643835614,0.3304805793285056,0.012846003251247344,1,0.3452054794520548,0.3231939163498099,0.33419969790093235,0.011005781551122473,0.523447401774398,0.5876712328767123,0.554312047399605,0.03208768358882376,7,0.9835616438356164,0.9366286438529785,0.9600951438442975,0.023466499991318945,0.40035531290283916,0.42696321942897053,0.41314252275410707,0.01329391397114483,7,0.5280821917808189,0.49357987808558224,0.5108310349332006,0.017251156847618354,0.5181084167731276,0.5503685869634567,0.5336119877006722,0.01611791317680491,8,0.670229303595928,0.653053234758038,0.6616412691769831,0.008588034418945012
3,0,"KNeighborsClassifier-split_x_y_split_with_one_hot_encoding_and_projection-{'n_neighbors': [1, 5, 10, 15, 20, 25, 40, 60, 80, 100], 'algorithm': ['brute'], 'metric': ['hamming']}-(1 of 5)",0.0013047456741333008,0.0001188516616821289,0.434894323348999,0.002508878707885742,brute,hamming,15,"{'algorithm': 'brute', 'metric': 'hamming', 'n_neighbors': 15}",0.3181242078580482,0.34383561643835614,0.3304805793285056,0.012846003251247344,1,0.34383561643835614,0.3181242078580482,0.33097991214820216,0.01285570429015398,0.5551330798479087,0.589041095890411,0.5714285714285714,0.016941214362675493,5,0.8506849315068493,0.8073510773130546,0.829018004409952,0.02166692709689738,0.40118169395735853,0.42428161640490214,0.4122830391757304,0.011541245511223269,8,0.5045749075886065,0.47079888144526894,0.4876868945169377,0.01688801307166876,0.5311933118081088,0.5417551819041506,0.5362691282466279,0.005276950003311727,7,0.6448704455701274,0.6346439937860752,0.6397572196781013,0.005113225892026119
4,0,"KNeighborsClassifier-split_x_y_split_with_one_hot_encoding_and_projection-{'n_neighbors': [1, 5, 10, 15, 20, 25, 40, 60, 80, 100], 'algorithm': ['brute'], 'metric': ['hamming']}-(1 of 5)",0.0012379884719848633,0.00014388561248779297,0.33870911598205566,0.0312039852142334,brute,hamming,20,"{'algorithm': 'brute', 'metric': 'hamming', 'n_neighbors': 20}",0.3181242078580482,0.34383561643835614,0.3304805793285056,0.012846003251247344,1,0.34383561643835614,0.3181242078580482,0.33097991214820216,0.01285570429015398,0.5373891001267427,0.5726027397260274,0.554312047399605,0.01759353352297921,7,0.815068493150685,0.7553865652724968,0.7852275292115909,0.02984096393909408,0.4181642888867203,0.42345597705186516,0.4207073648317866,0.0026438475030147006,6,0.4981928877819276,0.46508270282034386,0.4816377953011357,0.016555092480791872,0.5354348933347922,0.5521281440694067,0.5434573245634088,0.008340326923005792,5,0.6330382842036957,0.6165859695624168,0.6248121268830562,0.008226157320639416
5,0,"KNeighborsClassifier-split_x_y_split_with_one_hot_encoding_and_projection-{'n_neighbors': [1, 5, 10, 15, 20, 25, 40, 60, 80, 100], 'algorithm': ['brute'], 'metric': ['hamming']}-(1 of 5)",0.0011409521102905273,7.748603820800781e-06,0.35055792331695557,0.05316650867462158,brute,hamming,25,"{'algorithm': 'brute', 'metric': 'hamming', 'n_neighbors': 25}",0.3181242078580482,0.34383561643835614,0.3304805793285056,0.012846003251247344,1,0.34383561643835614,0.3181242078580482,0.33097991214820216,0.01285570429015398,0.5728770595690748,0.563013698630137,0.5681369321922317,0.0049279589756456455,6,0.7410958904109589,0.6539923954372624,0.6975441429241107,0.04355174748684826,0.4151298989702007,0.4375564922140243,0.42590765609198555,0.011204834959730911,4,0.48906951495992507,0.45834645568485893,0.473707985322392,0.015361529637533067,0.5306749990399,0.55514784077894,0.5424361408894716,0.012227187147877511,6,0.6278054755525834,0.6102470002725097,0.6190262379125465,0.008779237640036852
6,0,"KNeighborsClassifier-split_x_y_split_with_one_hot_encoding_and_projection-{'n_neighbors': [1, 5, 10, 15, 20, 25, 40, 60, 80, 100], 'algorithm': ['brute'], 'metric': ['hamming']}-(1 of 5)",0.003800034523010254,0.002475142478942871,0.35112714767456055,0.011756420135498047,brute,hamming,40,"{'algorithm': 'brute', 'metric': 'hamming', 'n_neighbors': 40}",0.3181242078580482,0.34383561643835614,0.3304805793285056,0.012846003251247344,1,0.34383561643835614,0.3181242078580482,0.33097991214820216,0.01285570429015398,0.5855513307984791,0.589041095890411,0.587228439763002,0.0017435658407054695,3,0.6465753424657534,0.596958174904943,0.6217667586853481,0.024808583780405236,0.40696651609198853,0.4458074288724947,0.4256326558745886,0.019405801525861813,5,0.48217420152828633,0.44428331524280096,0.46322875838554367,0.018945443142742685,0.5402505051132724,0.5569071556176921,0.5482553470278388,0.008322040617352396,4,0.6105310472782979,0.5796207169151524,0.5950758820967251,0.01545516518157275
7,0,"KNeighborsClassifier-split_x_y_split_with_one_hot_encoding_and_projection-{'n_neighbors': [1, 5, 10, 15, 20, 25, 40, 60, 80, 100], 'algorithm': ['brute'], 'metric': ['hamming']}-(1 of 5)",0.0013773441314697266,0.00010895729064941406,0.4043593406677246,0.06319093704223633,brute,hamming,60,"{'algorithm': 'brute', 'metric': 'hamming', 'n_neighbors': 60}",0.3181242078580482,0.34383561643835614,0.3304805793285056,0.012846003251247344,1,0.34383561643835614,0.3181242078580482,0.33097991214820216,0.01285570429015398,0.5906210392902408,0.589041095890411,0.5898617511520737,0.0007893755796228495,2,0.6602739726027397,0.6628643852978454,0.6615691789502925,0.0012952063475528686,0.43279595703549956,0.4315305813900203,0.4321878436574878,0.0006322103903838633,3,0.47828077207022907,0.45569353131760365,0.46698715169391636,0.011293620376312707,0.5466192040796909,0.5725478403936487,0.5590799707085186,0.012954535156996927,3,0.6020272781571459,0.5897606123474285,0.5958939452522871,0.006133332904858679
8,0,"KNeighborsClassifier-split_x_y_split_with_one_hot_encoding_and_projection-{'n_neighbors': [1, 5, 10, 15, 20, 25, 40, 60, 80, 100], 'algorithm': ['brute'], 'metric': ['hamming']}-(1 of 5)",0.0011295080184936523,1.5854835510253906e-05,0.38914287090301514,0.021460413932800293,brute,hamming,80,"{'algorithm': 'brute', 'metric': 'hamming', 'n_neighbors': 80}",0.3181242078580482,0.34383561643835614,0.3304805793285056,0.012846003251247344,1,0.34383561643835614,0.3181242078580482,0.33097991214820216,0.01285570429015398,0.5855513307984791,0.589041095890411,0.587228439763002,0.0017435658407054695,3,0.6424657534246575,0.6400506970849176,0.6412582252547876,0.0012075281698699647,0.42571422381308127,0.4579576942590624,0.441209769188701,0.016109569605525294,2,0.47516406615131096,0.44889231533390367,0.4620281907426073,0.013135875408703646,0.5466650903124481,0.5756234309731596,0.5605818702218092,0.014468244208259238,2,0.5968461225496126,0.574852452952365,0.5858492877509888,0.010996834798623789
9,0,"KNeighborsClassifier-split_x_y_split_with_one_hot_encoding_and_projection-{'n_neighbors': [1, 5, 10, 15, 20, 25, 40, 60, 80, 100], 'algorithm': ['brute'], 'metric': ['hamming']}-(1 of 5)",0.0012056827545166016,0.00010085105895996094,0.32024431228637695,0.0034623146057128906,brute,hamming,100,"{'algorithm': 'brute', 'metric': 'hamming', 'n_neighbors': 100}",0.3181242078580482,0.34383561643835614,0.3304805793285056,0.012846003251247344,1,0.34383561643835614,0.3181242078580482,0.33097991214820216,0.01285570429015398,0.5855513307984791,0.6315068493150685,0.6076366030283081,0.022960420018722838,1,0.6547945205479452,0.5868187579214195,0.6208066392346823,0.03398788131326286,0.4360594801393825,0.4624543473416642,0.44874430769544943,0.013187474689988031,1,0.4778256811234234,0.44536054925558616,0.46159311518950474,0.016232565933918613,0.5507736622882045,0.575798413054929,0.5628000402076968,0.012502933423772266,1,0.5954372820225846,0.5727342884295145,0.5840857852260495,0.011351496796535077
0,1,"KNeighborsClassifier-split_x_y_split_with_one_hot_encoding_and_projection-{'n_neighbors': [1, 5, 10, 15, 20, 25, 40, 60, 80, 100], 'algorithm': ['brute'], 'metric': ['hamming']}-(1 of 5)",0.001143813133239746,1.2993812561035156e-05,0.4501694440841675,0.004932999610900879,brute,hamming,1,"{'algorithm': 'brute', 'metric': 'hamming', 'n_neighbors': 1}",0.003816793893129771,0.04365620736698499,0.02304147465437788,0.0199075778380578,10,0.9440654843110505,0.9478371501272265,0.9459513172191385,0.0018858329080879699,0.021628498727735368,0.06684856753069578,0.043449637919684,0.022596267390533695,10,0.9454297407912687,0.9478371501272265,0.9466334454592475,0.0012037046679788665,0.012331180270111541,0.05183008593649836,0.03139154752057997,0.019737427600125902,10,0.9445435570947163,0.9482829864509248,0.9464132717728205,0.0018697146781042617,0.18864589682714594,0.22727069845798295,0.20728446140608178,0.01930064169870474,10,0.9529319592076945,0.9569116561007561,0.9549218076542253,0.0019898484465308286
1,1,"KNeighborsClassifier-split_x_y_split_with_one_hot_encoding_and_projection-{'n_neighbors': [1, 5, 10, 15, 20, 25, 40, 60, 80, 100], 'algorithm': ['brute'], 'metric': ['hamming']}-(1 of 5)",0.0012236833572387695,5.352497100830078e-05,0.49629902839660645,0.02468419075012207,brute,hamming,5,"{'algorithm': 'brute', 'metric': 'hamming', 'n_neighbors': 5}",0.03816793893129771,0.04365620736698499,0.04081632653061224,0.0027424633435254105,9,0.2155525238744884,0.3320610687022901,0.2738067962883892,0.05825427241390084,0.089058524173028,0.10231923601637108,0.09545753785385122,0.006626318768037361,9,0.9809004092769441,0.9860050890585241,0.9834527491677341,0.002552339890790012,0.025597529414323247,0.06519921642704794,0.04470749424666506,0.019788786982057178,9,0.3044606522778387,0.2743562558448035,0.2894084540613211,0.015052198216517598,0.2148742974819128,0.23715261101230958,0.22562479374114972,0.011132374250391099,9,0.6145965160801138,0.6832785782707396,0.6489375471754266,0.03434103109531289
2,1,"KNeighborsClassifier-split_x_y_split_with_one_hot_encoding_and_projection-{'n_neighbors': [1, 5, 10, 15, 20, 25, 40, 60, 80, 100], 'algorithm': ['brute'], 'metric': ['hamming']}-(1 of 5)",0.0013928413391113281,0.00022530555725097656,0.45595479011535645,0.09821748733520508,brute,hamming,10,"{'algorithm': 'brute', 'metric': 'hamming', 'n_neighbors': 10}",0.04580152671755725,0.10368349249658936,0.07373271889400922,0.0289233610309568,8,0.3369713506139154,0.1806615776081425,0.258816464111029,0.07815488650288646,0.17557251908396945,0.165075034106412,0.17050691244239632,0.005245546584959416,8,0.7162346521145976,0.6679389312977099,0.6920867917061537,0.024147860408443855,0.04122572366847205,0.08980130828698478,0.0646660814863587,0.02427300372925464,8,0.3735310922214043,0.23086204861014123,0.30219657041577275,0.07133452180563153,0.24778225512181484,0.29256156750751716,0.269390705404053,0.022376023367866364,8,0.6343813568926293,0.48803691962541174,0.5612091382590205,0.07317221863360879
3,1,"KNeighborsClassifier-split_x_y_split_with_one_hot_encoding_and_projection-{'n_neighbors': [1, 5, 10, 15, 20, 25, 40, 60, 80, 100], 'algorithm': ['brute'], 'metric': ['hamming']}-(1 of 5)",0.0015211105346679688,0.0003859996795654297,0.44499194622039795,0.014298081398010254,brute,hamming,15,"{'algorithm': 'brute', 'metric': 'hamming', 'n_neighbors': 15}",0.09796437659033079,0.10368349249658936,0.10072416063199473,0.0028578167985187294,2,0.15006821282401092,0.1272264631043257,0.1386473379641683,0.011420874859842611,0.23791348600508905,0.23601637107776263,0.2369980250164582,0.0009479798970503595,6,0.5361527967257844,0.42748091603053434,0.4818168563781594,0.05433594034762504,0.14187995352117624,0.14394734415198407,0.14287758178475896,0.0010330659092530935,5,0.28148043407252005,0.21708037509564315,0.2492804045840816,0.03220002948843845,0.3064385797201735,0.30140877665434035,0.30401142656200647,0.002513370235957091,7,0.518264595114302,0.4319138440831288,0.4750892195987154,0.04317537551558662
4,1,"KNeighborsClassifier-split_x_y_split_with_one_hot_encoding_and_projection-{'n_neighbors': [1, 5, 10, 15, 20, 25, 40, 60, 80, 100], 'algorithm': ['brute'], 'metric': ['hamming']}-(1 of 5)",0.0011265277862548828,3.719329833984375e-05,0.36482012271881104,0.0457991361618042,brute,hamming,20,"{'algorithm': 'brute', 'metric': 'hamming', 'n_neighbors': 20}",0.09796437659033079,0.10368349249658936,0.10072416063199473,0.0028578167985187294,2,0.19236016371077763,0.13231552162849872,0.1623378426696382,0.030022321041139458,0.272264631043257,0.2019099590723056,0.23831468071099407,0.035155916877438007,5,0.4733969986357435,0.3905852417302799,0.4319911201830117,0.041405878452731804,0.1476586693919443,0.09760278564848941,0.12350398684819681,0.02501270262248092,7,0.25740482737217757,0.21169730145975568,0.23455106441596663,0.022853762956210943,0.3215931554444937,0.30324476355485996,0.3127390598190154,0.009168609873882379,5,0.46578837602736906,0.41522384154248926,0.44050610878492913,0.0252822672424399
5,1,"KNeighborsClassifier-split_x_y_split_with_one_hot_encoding_and_projection-{'n_neighbors': [1, 5, 10, 15, 20, 25, 40, 60, 80, 100], 'algorithm': ['brute'], 'metric': ['hamming']}-(1 of 5)",0.002149820327758789,0.0009984970092773438,0.40342581272125244,0.002091050148010254,brute,hamming,25,"{'algorithm': 'brute', 'metric': 'hamming', 'n_neighbors': 25}",0.09796437659033079,0.10368349249658936,0.10072416063199473,0.0028578167985187294,2,0.12278308321964529,0.13104325699745548,0.12691317010855038,0.0041300868889050935,0.2544529262086514,0.17735334242837653,0.21724818959842002,0.03852631932934812,7,0.36425648021828105,0.4071246819338422,0.38569058107606163,0.02143410085778058,0.15444742651956475,0.09780947505384711,0.1271165388142514,0.028301732607882296,6,0.23876408331009283,0.2142034081339913,0.22648374572204205,0.012280337588050763,0.31427722662525265,0.3075306651655746,0.31102164430139223,0.0033712267748600704,6,0.4302848650406349,0.41676332892304363,0.42352409698183924,0.006760768058795635
6,1,"KNeighborsClassifier-split_x_y_split_with_one_hot_encoding_and_projection-{'n_neighbors': [1, 5, 10, 15, 20, 25, 40, 60, 80, 100], 'algorithm': ['brute'], 'metric': ['hamming']}-(1 of 5)",0.0011227130889892578,5.245208740234375e-05,0.32080209255218506,0.0027142763137817383,brute,hamming,40,"{'algorithm': 'brute', 'metric': 'hamming', 'n_neighbors': 40}",0.09796437659033079,0.10504774897680765,0.10138248847926268,0.003539529697952944,1,0.11732605729877217,0.10941475826972011,0.11337040778424615,0.0039556495145260315,0.25318066157760816,0.22373806275579808,0.238973008558262,0.014712335767306005,4,0.3765347885402456,0.3435114503816794,0.3600231194609625,0.016511669079283087,0.16497330100133528,0.15710232827323814,0.16117512917138452,0.003933090088001766,4,0.22027254720858871,0.19694195501754586,0.20860725111306727,0.01166529609552143,0.3237581821660623,0.3208017381650094,0.32233153736502757,0.0014773219267759437,4,0.41854177715328394,0.39099696331181566,0.4047693702325498,0.013772406920734143
7,1,"KNeighborsClassifier-split_x_y_split_with_one_hot_encoding_and_projection-{'n_neighbors': [1, 5, 10, 15, 20, 25, 40, 60, 80, 100], 'algorithm': ['brute'], 'metric': ['hamming']}-(1 of 5)",0.0017616748809814453,0.00021004676818847656,0.3683767318725586,0.009167909622192383,brute,hamming,60,"{'algorithm': 'brute', 'metric': 'hamming', 'n_neighbors': 60}",0.09796437659033079,0.10368349249658936,0.10072416063199473,0.0028578167985187294,2,0.10504774897680765,0.13740458015267176,0.1212261645647397,0.01617841558793206,0.23918575063613232,0.26875852660300137,0.2534562211981567,0.014777384708091701,2,0.33424283765347884,0.2837150127226463,0.3089789251880626,0.02526391246541626,0.16925542553245673,0.16509140107546133,0.16724605757526276,0.0020807445132597882,3,0.21113271891404817,0.18798399146164596,0.19955835518784706,0.011574363726201103,0.3287087847931488,0.32506944827541684,0.32695260726352565,0.0018185602820980557,3,0.3901030214277877,0.37963834662810103,0.38487068402794433,0.005232337399843329
8,1,"KNeighborsClassifier-split_x_y_split_with_one_hot_encoding_and_projection-{'n_neighbors': [1, 5, 10, 15, 20, 25, 40, 60, 80, 100], 'algorithm': ['brute'], 'metric': ['hamming']}-(1 of 5)",0.0014002323150634766,4.029273986816406e-05,0.40190672874450684,0.04266476631164551,brute,hamming,80,"{'algorithm': 'brute', 'metric': 'hamming', 'n_neighbors': 80}",0.09796437659033079,0.10368349249658936,0.10072416063199473,0.0028578167985187294,2,0.10368349249658936,0.09796437659033079,0.10082393454346007,0.0028595579531292825,0.24045801526717558,0.24147339699863574,0.24094799210006584,0.0005073817381285059,3,0.29058663028649384,0.3104325699745547,0.3005096001305243,0.009922969844030433,0.16701337867904884,0.1773839945656023,0.1720177640936925,0.005182150664081642,2,0.2059397153259825,0.18871640707279175,0.19732806119938712,0.00861165412659537,0.3276305189025479,0.3331344942245027,0.33028648592755966,0.002750312004780656,2,0.3844914926365963,0.3636744757188455,0.3740829841777209,0.01040850845887542
9,1,"KNeighborsClassifier-split_x_y_split_with_one_hot_encoding_and_projection-{'n_neighbors': [1, 5, 10, 15, 20, 25, 40, 60, 80, 100], 'algorithm': ['brute'], 'metric': ['hamming']}-(1 of 5)",0.0018017292022705078,0.00010633468627929688,0.3783220052719116,0.023394465446472168,brute,hamming,100,"{'algorithm': 'brute', 'metric': 'hamming', 'n_neighbors': 100}",0.09796437659033079,0.10368349249658936,0.10072416063199473,0.0028578167985187294,2,0.10368349249658936,0.09796437659033079,0.10082393454346007,0.0028595579531292825,0.25318066157760816,0.28240109140518416,0.2672811059907834,0.014601318908365035,1,0.3151432469304229,0.3193384223918575,0.31724083466114017,0.002097587730717304,0.17352596516193486,0.17516452742622882,0.17431666044812807,0.0008187822805258688,1,0.20506572419179778,0.19086382894380366,0.1979647765678007,0.007100947623997059,0.3319986951464077,0.3379509250198861,0.334870969338152,0.002974302811813414,1,0.37722539551750206,0.3667546795495947,0.37199003753354837,0.005235357983953692
0,2,"KNeighborsClassifier-split_x_y_split_with_one_hot_encoding_and_projection-{'n_neighbors': [1, 5, 10, 15, 20, 25, 40, 60, 80, 100], 'algorithm': ['brute'], 'metric': ['hamming']}-(1 of 5)",0.0012985467910766602,1.9431114196777344e-05,0.3412107229232788,0.030939698219299316,brute,hamming,1,"{'algorithm': 'brute', 'metric': 'hamming', 'n_neighbors': 1}",0.0012706480304955528,0.020491803278688523,0.01053324555628703,0.009604275720738534,9,0.9631147540983607,0.963151207115629,0.9631329806069948,1.8226508634144878e-05,0.029224904701397714,0.0546448087431694,0.041474654377880185,0.012701617777882694,10,0.9631147540983607,0.96569250317662,0.9644036286374904,0.0012888745391296808,0.009806796337927188,0.028863668207930473,0.018990226363498224,0.009522187894065554,10,0.9634300126103401,0.9634661540633582,0.9634480833368492,1.807072650905628e-05,0.215551159853898,0.22402356207884513,0.2196339764626283,0.0042334233262613504,9,0.9697752149319196,0.9700963958597226,0.9699358053958211,0.0001605904639014888
1,2,"KNeighborsClassifier-split_x_y_split_with_one_hot_encoding_and_projection-{'n_neighbors': [1, 5, 10, 15, 20, 25, 40, 60, 80, 100], 'algorithm': ['brute'], 'metric': ['hamming']}-(1 of 5)",0.00139617919921875,6.175041198730469e-05,0.3153339624404907,0.014389395713806152,brute,hamming,5,"{'algorithm': 'brute', 'metric': 'hamming', 'n_neighbors': 5}",0.012706480304955527,0.0,0.0065832784726793945,0.006349074169222981,10,0.1489071038251366,0.12325285895806862,0.1360799813916026,0.012827122433533997,0.15374841168996187,0.045081967213114756,0.10138248847926268,0.05429759454474423,9,0.9863387978142076,0.9936467598475223,0.9899927788308649,0.003653981016657315,0.03798260189619773,0.017178086030545013,0.02795698924731176,0.010395436904292883,9,0.27832714492550337,0.2363948348700551,0.2573609898977792,0.02096615502772413,0.2378874402932626,0.19767603936622596,0.21850972766746218,0.020092516637715028,10,0.6302272238988499,0.6678112571704866,0.6490192405346682,0.018792016635818365
2,2,"KNeighborsClassifier-split_x_y_split_with_one_hot_encoding_and_projection-{'n_neighbors': [1, 5, 10, 15, 20, 25, 40, 60, 80, 100], 'algorithm': ['brute'], 'metric': ['hamming']}-(1 of 5)",0.0014771223068237305,0.0001634359359741211,0.3563568592071533,0.013683557510375977,brute,hamming,10,"{'algorithm': 'brute', 'metric': 'hamming', 'n_neighbors': 10}",0.08767471410419314,0.0,0.04542462146148782,0.043808611767638575,8,0.14754098360655737,0.17789072426937738,0.1627158539379674,0.015174870331410004,0.1473951715374841,0.11748633879781421,0.13298222514812377,0.014944610373731135,8,0.5491803278688525,0.5044472681067345,0.5268137979877935,0.022366529881059027,0.0762524571292057,0.029161412358133684,0.053559471762237486,0.023530082979873843,8,0.22538356452290972,0.2273330509671018,0.22635830774500576,0.0009747432220960361,0.2758652477454689,0.2722088863208784,0.2741032618581745,0.001826981927100382,8,0.5001546875126714,0.5285717550383396,0.5143632212755056,0.014208533762834097
3,2,"KNeighborsClassifier-split_x_y_split_with_one_hot_encoding_and_projection-{'n_neighbors': [1, 5, 10, 15, 20, 25, 40, 60, 80, 100], 'algorithm': ['brute'], 'metric': ['hamming']}-(1 of 5)",0.0019843578338623047,0.0005388259887695312,0.31637513637542725,0.018857121467590332,brute,hamming,15,"{'algorithm': 'brute', 'metric': 'hamming', 'n_neighbors': 15}",0.08894536213468869,0.09153005464480875,0.0901909150757077,0.0012914988303241854,3,0.16666666666666666,0.18932655654383734,0.177996611605252,0.011329944938585345,0.19949174078780177,0.12021857923497267,0.16129032258064516,0.03961059004919059,6,0.4521857923497268,0.35578144853875476,0.40398362044424074,0.04820217190548601,0.12554553310589048,0.0697843898663582,0.09867446210435156,0.027862289610631575,7,0.22940060849897007,0.19983290745679672,0.21461675797788338,0.014783850521086675,0.28550404041300076,0.27764600037926,0.2817172824770572,0.003926443657216849,7,0.4646350496157919,0.459483740040458,0.46205939482812497,0.0025756547876669422
4,2,"KNeighborsClassifier-split_x_y_split_with_one_hot_encoding_and_projection-{'n_neighbors': [1, 5, 10, 15, 20, 25, 40, 60, 80, 100], 'algorithm': ['brute'], 'metric': ['hamming']}-(1 of 5)",0.0015766620635986328,0.0001914501190185547,0.3388845920562744,0.0011608600616455078,brute,hamming,20,"{'algorithm': 'brute', 'metric': 'hamming', 'n_neighbors': 20}",0.08894536213468869,0.0942622950819672,0.09150757077024359,0.0026567232486789574,2,0.09562841530054644,0.19440914866581957,0.14501878198318302,0.04939036668263656,0.15756035578144853,0.13114754098360656,0.1448321263989467,0.013197747617335632,7,0.3743169398907104,0.4434561626429479,0.40888655126682916,0.03456961137611875,0.125424066297629,0.07376299442736146,0.1005288032238727,0.025813598187215354,6,0.20818019111584987,0.22662551812673246,0.21740285462129116,0.009222663505441292,0.2880331969713945,0.29413210593872746,0.29097223671075445,0.0030474548777944667,6,0.4313264730747506,0.47252808485041736,0.451927278962584,0.02060080588783339
5,2,"KNeighborsClassifier-split_x_y_split_with_one_hot_encoding_and_projection-{'n_neighbors': [1, 5, 10, 15, 20, 25, 40, 60, 80, 100], 'algorithm': ['brute'], 'metric': ['hamming']}-(1 of 5)",0.0034041404724121094,0.0019435882568359375,0.3430442810058594,0.023706912994384766,brute,hamming,25,"{'algorithm': 'brute', 'metric': 'hamming', 'n_neighbors': 25}",0.08894536213468869,0.09562841530054644,0.09216589861751152,0.0033393354578563476,1,0.12978142076502733,0.13341804320203304,0.1315997319835302,0.0018183112185028577,0.19695044472681067,0.1762295081967213,0.1869651086240948,0.010353674639073046,5,0.38934426229508196,0.44472681067344344,0.4170355364842627,0.027691274189180742,0.13368011225035886,0.1305932152243637,0.13219254896989246,0.0015424364340417306,4,0.21031754895890117,0.21456377167939902,0.2124406603191501,0.002123111360248925,0.30132505132479015,0.3051898605866771,0.30318748738779294,0.0019311375034398953,4,0.43043384316693034,0.45008519660294577,0.44025951988493806,0.009825676718007714
6,2,"KNeighborsClassifier-split_x_y_split_with_one_hot_encoding_and_projection-{'n_neighbors': [1, 5, 10, 15, 20, 25, 40, 60, 80, 100], 'algorithm': ['brute'], 'metric': ['hamming']}-(1 of 5)",0.010743975639343262,0.009375929832458496,0.39926624298095703,0.029837846755981445,brute,hamming,40,"{'algorithm': 'brute', 'metric': 'hamming', 'n_neighbors': 40}",0.03939008894536213,0.09562841530054644,0.06649111257406189,0.028100724717825976,6,0.06693989071038252,0.10165184243964422,0.08429586657501337,0.01735597586463085,0.17153748411689962,0.24180327868852458,0.2053982883475971,0.035109859739887575,4,0.3825136612021858,0.35578144853875476,0.36914755487047024,0.013366106331715505,0.1134151506705508,0.15383943856951401,0.13289545267321115,0.020198890325942135,3,0.17324592180277257,0.20077330211076838,0.18700961195677046,0.013763690153997907,0.2829087477737177,0.3214223013267246,0.3014682745681884,0.01924414961183367,5,0.386633074068941,0.3953076669627013,0.3909703705158212,0.004337296446880162
7,2,"KNeighborsClassifier-split_x_y_split_with_one_hot_encoding_and_projection-{'n_neighbors': [1, 5, 10, 15, 20, 25, 40, 60, 80, 100], 'algorithm': ['brute'], 'metric': ['hamming']}-(1 of 5)",0.0016689300537109375,0.0002772808074951172,0.3948705196380615,0.02057027816772461,brute,hamming,60,"{'algorithm': 'brute', 'metric': 'hamming', 'n_neighbors': 60}",0.053367217280813214,0.09562841530054644,0.07373271889400922,0.021116743131680694,4,0.1133879781420765,0.09021601016518424,0.10180199415363037,0.011585983988446132,0.21346886912325286,0.22814207650273224,0.2205398288347597,0.007331792889677852,3,0.3592896174863388,0.25158831003811943,0.3054389637622291,0.05385065372410969,0.09864570311136317,0.1628287295996541,0.12957524582988125,0.03207047001209582,5,0.17278977100482726,0.1936677027093669,0.18322873685709706,0.010438965852269819,0.2858091770141177,0.3243118769500112,0.30436347349408743,0.01923872636177516,3,0.3812400659232194,0.37725491509421777,0.3792474905087186,0.001992575414500819
8,2,"KNeighborsClassifier-split_x_y_split_with_one_hot_encoding_and_projection-{'n_neighbors': [1, 5, 10, 15, 20, 25, 40, 60, 80, 100], 'algorithm': ['brute'], 'metric': ['hamming']}-(1 of 5)",0.003321528434753418,0.0019184350967407227,0.35891640186309814,0.004896759986877441,brute,hamming,80,"{'algorithm': 'brute', 'metric': 'hamming', 'n_neighbors': 80}",0.03939008894536213,0.09562841530054644,0.06649111257406189,0.028100724717825976,6,0.0860655737704918,0.08894536213468869,0.08750546795259025,0.0014398941820984446,0.2554002541296061,0.23087431693989072,0.2435813034891376,0.012254927450403207,2,0.35655737704918034,0.2960609911054638,0.32630918407732207,0.030248192971858268,0.1304096220485501,0.17065464743474962,0.14980353816619202,0.020109317843084378,1,0.16576502443689695,0.18353491753487744,0.1746499709858872,0.008884946548990247,0.296800024355877,0.33157610397908654,0.3135584774725257,0.017376638025909583,2,0.3598344781547524,0.3639874801232649,0.3619109791390086,0.002076500984256241
9,2,"KNeighborsClassifier-split_x_y_split_with_one_hot_encoding_and_projection-{'n_neighbors': [1, 5, 10, 15, 20, 25, 40, 60, 80, 100], 'algorithm': ['brute'], 'metric': ['hamming']}-(1 of 5)",0.001729726791381836,0.0001308917999267578,0.45720458030700684,0.04934191703796387,brute,hamming,100,"{'algorithm': 'brute', 'metric': 'hamming', 'n_neighbors': 100}",0.04066073697585769,0.09562841530054644,0.06714944042132982,0.027465817300903674,5,0.04234972677595628,0.08894536213468869,0.06564754445532249,0.023297817679366204,0.24015247776365947,0.2718579234972678,0.2554312047399605,0.01584232782798604,1,0.35382513661202186,0.2630241423125794,0.30842463946230064,0.04540049714972122,0.13186741335556654,0.1689484781849035,0.14973662958668876,0.01852837490988029,2,0.16804122218771111,0.18838576002559912,0.17821349110665513,0.010172268918944002,0.2988762806160849,0.334939693420938,0.31625509442329525,0.01801988254796413,1,0.34611856092755866,0.35719686104414,0.3516577109858493,0.0055391500582906705
0,3,"KNeighborsClassifier-split_x_y_split_with_one_hot_encoding_and_projection-{'n_neighbors': [1, 5, 10, 15, 20, 25, 40, 60, 80, 100], 'algorithm': ['brute'], 'metric': ['hamming']}-(1 of 5)",0.0017473697662353516,0.0001747608184814453,0.38550448417663574,0.020632028579711914,brute,hamming,1,"{'algorithm': 'brute', 'metric': 'hamming', 'n_neighbors': 1}",0.007614213197969543,0.02051983584131327,0.013824884792626729,0.006448266612485702,10,0.9835841313269493,0.9898477157360406,0.986715923531495,0.003131792204545625,0.03553299492385787,0.04514363885088919,0.040157998683344305,0.004801937579596562,10,0.9835841313269493,0.9898477157360406,0.986715923531495,0.003131792204545625,0.016096142999696274,0.028891461176002876,0.02225373193115126,0.0063931532226353975,10,0.9837244378968043,0.9899344873964162,0.9868294626466103,0.003105024749805951,0.2306467568933587,0.23065186259246462,0.23064921394803048,2.5510515833240395e-06,10,0.9868043282567918,0.9915757009531334,0.9891900146049626,0.0023856863481708235
1,3,"KNeighborsClassifier-split_x_y_split_with_one_hot_encoding_and_projection-{'n_neighbors': [1, 5, 10, 15, 20, 25, 40, 60, 80, 100], 'algorithm': ['brute'], 'metric': ['hamming']}-(1 of 5)",0.0014033317565917969,4.029273986816406e-05,0.43303751945495605,0.054442405700683594,brute,hamming,5,"{'algorithm': 'brute', 'metric': 'hamming', 'n_neighbors': 5}",0.10279187817258884,0.10807113543091655,0.10533245556287031,0.0026377695411042516,5,0.13679890560875513,0.36421319796954316,0.25050605178914914,0.11370714618039401,0.14213197969543148,0.3023255813953488,0.21922317314022383,0.08004038874545744,8,1.0,1.0,1.0,0.0,0.1167989934487412,0.06642814549791377,0.09255864463237856,0.025167685904053404,8,0.3639078887368904,0.3402284263959354,0.3520681575664129,0.011839731170477485,0.2829248625721401,0.32153460534524075,0.301505324696654,0.019291274983067475,8,0.5831404425882822,0.7024372411522767,0.6427888418702794,0.05964839928199722
2,3,"KNeighborsClassifier-split_x_y_split_with_one_hot_encoding_and_projection-{'n_neighbors': [1, 5, 10, 15, 20, 25, 40, 60, 80, 100], 'algorithm': ['brute'], 'metric': ['hamming']}-(1 of 5)",0.001206040382385254,9.417533874511719e-06,0.36962103843688965,0.03744864463806152,brute,hamming,10,"{'algorithm': 'brute', 'metric': 'hamming', 'n_neighbors': 10}",0.10279187817258884,0.07113543091655267,0.08755760368663594,0.01581707582441173,8,0.1094391244870041,0.3489847715736041,0.2292119480303041,0.11977282354329999,0.14593908629441624,0.13406292749658003,0.1402238314680711,0.005933897214960273,9,0.896032831737346,0.6852791878172588,0.7906560097773024,0.10537682196004361,0.12153920529555205,0.047174868754896494,0.08575228626249136,0.03715598090279512,9,0.26509347925216475,0.38819796954314745,0.3266457243976561,0.06155224514549135,0.28435482451214905,0.29579005427709987,0.2898578876840905,0.005713587971477399,9,0.5260331675835485,0.6379279825246599,0.5819805750541042,0.05594740747055571
3,3,"KNeighborsClassifier-split_x_y_split_with_one_hot_encoding_and_projection-{'n_neighbors': [1, 5, 10, 15, 20, 25, 40, 60, 80, 100], 'algorithm': ['brute'], 'metric': ['hamming']}-(1 of 5)",0.001361846923828125,1.6927719116210938e-05,0.34721410274505615,0.010924458503723145,brute,hamming,15,"{'algorithm': 'brute', 'metric': 'hamming', 'n_neighbors': 15}",0.10279187817258884,0.07113543091655267,0.08755760368663594,0.01581707582441173,8,0.1094391244870041,0.2779187817258883,0.1936789531064462,0.0842398286194421,0.15355329949238578,0.36114911080711354,0.2534562211981567,0.10372480088615184,6,0.5198358413132695,0.5761421319796954,0.5479889866464824,0.028153145333212948,0.12111100264653706,0.10081046024958588,0.11134161720073632,0.01014312237163746,7,0.2398665174314979,0.2842369770669271,0.2620517472492125,0.02218522981771459,0.28357256814288695,0.3547050003107178,0.3178041730900129,0.03554116683004824,6,0.49379866408645334,0.5308643622971563,0.5123315131918048,0.018532849105351468
4,3,"KNeighborsClassifier-split_x_y_split_with_one_hot_encoding_and_projection-{'n_neighbors': [1, 5, 10, 15, 20, 25, 40, 60, 80, 100], 'algorithm': ['brute'], 'metric': ['hamming']}-(1 of 5)",0.0013382434844970703,6.341934204101562e-05,0.425121545791626,0.01593184471130371,brute,hamming,20,"{'algorithm': 'brute', 'metric': 'hamming', 'n_neighbors': 20}",0.10279187817258884,0.07250341997264022,0.08821593153390389,0.015133563033096323,7,0.1094391244870041,0.17258883248730963,0.14101397848715685,0.031574854000152766,0.14593908629441624,0.37756497948016415,0.2574061882817643,0.11573137963918212,5,0.5047879616963065,0.5596446700507615,0.532216315873534,0.0274283541772275,0.1208659501806724,0.15262531965678466,0.13614975471460133,0.015868500690436455,6,0.23725087846356022,0.26535581872342834,0.2513033485934943,0.014052470129934061,0.28777198997690145,0.3506846171687277,0.31804791524169734,0.03143415894265648,5,0.448626324821975,0.4839149030919406,0.4662706139569578,0.017644289134982782
5,3,"KNeighborsClassifier-split_x_y_split_with_one_hot_encoding_and_projection-{'n_neighbors': [1, 5, 10, 15, 20, 25, 40, 60, 80, 100], 'algorithm': ['brute'], 'metric': ['hamming']}-(1 of 5)",0.004375338554382324,0.0026906728744506836,0.4050107002258301,0.008291244506835938,brute,hamming,25,"{'algorithm': 'brute', 'metric': 'hamming', 'n_neighbors': 25}",0.10279187817258884,0.07387140902872777,0.08887425938117183,0.014450050241780917,6,0.1094391244870041,0.10786802030456853,0.10865357239578632,0.0007855520912177852,0.15862944162436549,0.35020519835841313,0.25082290980908495,0.09572041505079831,7,0.43365253077975374,0.3756345177664975,0.4046435242731256,0.029009006506628132,0.12380688966983538,0.18087673895894052,0.1512710501901355,0.028514827522896,5,0.2099203912251059,0.24367149990283782,0.22679594556397187,0.016875554338865964,0.28669150855527015,0.3439168050263451,0.31423047611310806,0.028592496373225963,7,0.4167372388942908,0.44664055844210626,0.43168889866819854,0.014951659773907722
6,3,"KNeighborsClassifier-split_x_y_split_with_one_hot_encoding_and_projection-{'n_neighbors': [1, 5, 10, 15, 20, 25, 40, 60, 80, 100], 'algorithm': ['brute'], 'metric': ['hamming']}-(1 of 5)",0.0014663934707641602,0.00020682811737060547,0.3736145496368408,0.027978897094726562,brute,hamming,40,"{'algorithm': 'brute', 'metric': 'hamming', 'n_neighbors': 40}",0.10279187817258884,0.13406292749658003,0.11784068466096116,0.015624512576096978,4,0.1094391244870041,0.17893401015228427,0.1441865673196442,0.034747442832640085,0.20304568527918782,0.35294117647058826,0.27518104015799866,0.07489495996616433,4,0.5485636114911081,0.4302030456852792,0.48938332858819367,0.059180282902914466,0.1427769040056818,0.22868982615904668,0.18412143731319314,0.04292620687994117,4,0.2220170862606821,0.26576711597716357,0.24389210111892284,0.02187501485824074,0.31235130896022933,0.3764696742154849,0.3432074807848454,0.032036603374256574,4,0.4240240485263266,0.46302097800896824,0.4435225132676474,0.01949846474132083
7,3,"KNeighborsClassifier-split_x_y_split_with_one_hot_encoding_and_projection-{'n_neighbors': [1, 5, 10, 15, 20, 25, 40, 60, 80, 100], 'algorithm': ['brute'], 'metric': ['hamming']}-(1 of 5)",0.0015643835067749023,0.00014102458953857422,0.40568625926971436,0.006950974464416504,brute,hamming,60,"{'algorithm': 'brute', 'metric': 'hamming', 'n_neighbors': 60}",0.10279187817258884,0.13679890560875513,0.11915734035549704,0.016991538158727792,1,0.1094391244870041,0.1281725888324873,0.1188058566597457,0.009366732172741601,0.3223350253807107,0.38303693570451436,0.35154707044107963,0.030329579011592004,2,0.4418604651162791,0.40609137055837563,0.42397591783732735,0.017884547278951723,0.2117667537830272,0.2364349995113659,0.22363804254366945,0.012325435952575365,2,0.2530752577384914,0.2594734132693234,0.2562743355039074,0.003199077765416003,0.3664432375460056,0.38578763777122815,0.3757524913739435,0.009665387990807163,3,0.42697205981293695,0.42924924299742445,0.4281106514051807,0.0011385915922437484
8,3,"KNeighborsClassifier-split_x_y_split_with_one_hot_encoding_and_projection-{'n_neighbors': [1, 5, 10, 15, 20, 25, 40, 60, 80, 100], 'algorithm': ['brute'], 'metric': ['hamming']}-(1 of 5)",0.0014619827270507812,0.00012254714965820312,0.397186279296875,0.009713888168334961,brute,hamming,80,"{'algorithm': 'brute', 'metric': 'hamming', 'n_neighbors': 80}",0.10279187817258884,0.13679890560875513,0.11915734035549704,0.016991538158727792,1,0.1094391244870041,0.14974619289340102,0.12959265869020256,0.02015353420319846,0.3362944162436548,0.36388508891928867,0.3495720868992758,0.013785620294893115,3,0.4432284541723666,0.39847715736040606,0.42085280576638634,0.022375648405980275,0.2112555277251335,0.24573267997077738,0.227847231669548,0.017226435009227218,1,0.25273319525017746,0.25563331653077204,0.25418325589047475,0.0014500606402972904,0.37335512480952354,0.3943417888843575,0.38345469784356145,0.010485941593139814,2,0.4216764001222188,0.4296646649163957,0.42567053251930725,0.003994132397088457
9,3,"KNeighborsClassifier-split_x_y_split_with_one_hot_encoding_and_projection-{'n_neighbors': [1, 5, 10, 15, 20, 25, 40, 60, 80, 100], 'algorithm': ['brute'], 'metric': ['hamming']}-(1 of 5)",0.0017715692520141602,0.00042688846588134766,0.408400297164917,0.04808950424194336,brute,hamming,100,"{'algorithm': 'brute', 'metric': 'hamming', 'n_neighbors': 100}",0.10279187817258884,0.13679890560875513,0.11915734035549704,0.016991538158727792,1,0.12175102599179206,0.1281725888324873,0.12496180741213969,0.0032107814203476207,0.34517766497461927,0.3844049247606019,0.3640552995391705,0.01959981603117123,1,0.387140902872777,0.35913705583756345,0.37313897935517026,0.01400192351760679,0.16087046380105913,0.24775577406725927,0.20268294688505667,0.04341205851032396,3,0.2503799935100062,0.2529220261702048,0.2516510098401055,0.001271016330099295,0.37232782848448664,0.3956230025183644,0.38353834344088206,0.011639383631922073,1,0.42801007507095634,0.4169421943443054,0.4224761347076309,0.005533940363325468
0,4,"KNeighborsClassifier-split_x_y_split_with_one_hot_encoding_and_projection-{'n_neighbors': [1, 5, 10, 15, 20, 25, 40, 60, 80, 100], 'algorithm': ['brute'], 'metric': ['hamming']}-(1 of 5)",0.0011469125747680664,2.110004425048828e-05,0.42429232597351074,0.0734703540802002,brute,hamming,1,"{'algorithm': 'brute', 'metric': 'hamming', 'n_neighbors': 1}",0.0012804097311139564,0.04065040650406504,0.02040816326530612,0.01967710953494309,10,0.983739837398374,0.9833546734955185,0.9835472554469462,0.00019258195142773937,0.03713188220230474,0.06910569105691057,0.052666227781435156,0.015980497603537206,10,0.983739837398374,0.9846350832266325,0.9841874603125033,0.00044762291412925315,0.009816474605206973,0.04884997567924433,0.02878074306645751,0.019508929111567704,10,0.9838788131471057,0.9834969412434199,0.9836878771952628,0.00019093595184288548,0.18635628624516173,0.231714245228784,0.20839326697584853,0.022669890788901144,10,0.9868418904001436,0.986742335856212,0.9867921131281778,4.977727196581183e-05
1,4,"KNeighborsClassifier-split_x_y_split_with_one_hot_encoding_and_projection-{'n_neighbors': [1, 5, 10, 15, 20, 25, 40, 60, 80, 100], 'algorithm': ['brute'], 'metric': ['hamming']}-(1 of 5)",0.001161813735961914,3.0040740966796875e-05,0.3357388973236084,0.0005452632904052734,brute,hamming,5,"{'algorithm': 'brute', 'metric': 'hamming', 'n_neighbors': 5}",0.2791293213828425,0.03387533875338753,0.15997366688610928,0.12257784799709241,9,0.34010840108401086,0.29961587708066584,0.31986213908233835,0.02024626200167251,0.3393085787451985,0.3970189701897019,0.3673469387755102,0.028843631872942525,9,1.0,1.0,1.0,0.0,0.2993094542390288,0.12981493062794017,0.21696122617781524,0.0847132989596736,9,0.5002484191508573,0.43305591122492315,0.4666521651878902,0.03359625396296706,0.43775253015572047,0.31151661785783163,0.376421323259182,0.06309266134447887,9,0.6551897556225524,0.684118700397765,0.6696542280101587,0.014464472387606286
2,4,"KNeighborsClassifier-split_x_y_split_with_one_hot_encoding_and_projection-{'n_neighbors': [1, 5, 10, 15, 20, 25, 40, 60, 80, 100], 'algorithm': ['brute'], 'metric': ['hamming']}-(1 of 5)",0.0012301206588745117,7.832050323486328e-05,0.3502599000930786,0.03174388408660889,brute,hamming,10,"{'algorithm': 'brute', 'metric': 'hamming', 'n_neighbors': 10}",0.2791293213828425,0.2940379403794038,0.28637261356155364,0.007451322150262901,8,0.2953929539295393,0.3546734955185659,0.3250332247240526,0.029640270794513313,0.38028169014084506,0.38482384823848237,0.3824884792626728,0.0022701689036876836,8,0.8739837398373984,0.7323943661971831,0.8031890530172907,0.07079468682010764,0.30531987574240815,0.3340565449305261,0.31928147012083546,0.014362576419424889,8,0.4492192540973038,0.41554376765644346,0.4323815108768736,0.016837743220430162,0.44766805443443947,0.46545794950887265,0.4563112029301154,0.008891382847033114,8,0.6206888005340365,0.601178075680861,0.6109334381074487,0.009755362426587755
3,4,"KNeighborsClassifier-split_x_y_split_with_one_hot_encoding_and_projection-{'n_neighbors': [1, 5, 10, 15, 20, 25, 40, 60, 80, 100], 'algorithm': ['brute'], 'metric': ['hamming']}-(1 of 5)",0.0012967586517333984,0.00017118453979492188,0.4078342914581299,0.04257345199584961,brute,hamming,15,"{'algorithm': 'brute', 'metric': 'hamming', 'n_neighbors': 15}",0.2791293213828425,0.2953929539295393,0.28703094140882157,0.008128557411447048,1,0.2953929539295393,0.29449423815621,0.2949435960428747,0.00044935788666464194,0.39308578745198464,0.42276422764227645,0.4075049374588545,0.014833273211031941,7,0.6395663956639567,0.6824583866837388,0.6610123911738477,0.02144599550989107,0.3067023032451955,0.34871563245546777,0.32711430914195716,0.02099824608992937,7,0.4394103638006062,0.40802810434692494,0.42371923407376555,0.01569112972684064,0.465372864518897,0.4751172833808044,0.4701071509705676,0.004870256871137282,7,0.6075140846356445,0.5791424046773633,0.5933282446565039,0.01418583997914058
4,4,"KNeighborsClassifier-split_x_y_split_with_one_hot_encoding_and_projection-{'n_neighbors': [1, 5, 10, 15, 20, 25, 40, 60, 80, 100], 'algorithm': ['brute'], 'metric': ['hamming']}-(1 of 5)",0.0012903213500976562,4.410743713378906e-05,0.395963191986084,0.053792715072631836,brute,hamming,20,"{'algorithm': 'brute', 'metric': 'hamming', 'n_neighbors': 20}",0.2791293213828425,0.2953929539295393,0.28703094140882157,0.008128557411447048,1,0.2953929539295393,0.28425096030729835,0.28982195711841885,0.005570996811120471,0.39308578745198464,0.462059620596206,0.42659644502962474,0.03447309578537206,6,0.6585365853658537,0.5505761843790012,0.6045563848724275,0.05398020049342622,0.3257413165863859,0.35331994112481696,0.339140279660357,0.013783786140379216,6,0.44825538621270283,0.40429022535296383,0.42627280578283333,0.021982580429869503,0.47483195787957455,0.4872515763269408,0.4808659792187163,0.006207320614741004,6,0.6105630069350272,0.5638622736718327,0.5872126403034299,0.02335036663159723
5,4,"KNeighborsClassifier-split_x_y_split_with_one_hot_encoding_and_projection-{'n_neighbors': [1, 5, 10, 15, 20, 25, 40, 60, 80, 100], 'algorithm': ['brute'], 'metric': ['hamming']}-(1 of 5)",0.001143813133239746,3.8504600524902344e-05,0.4268343448638916,0.007269859313964844,brute,hamming,25,"{'algorithm': 'brute', 'metric': 'hamming', 'n_neighbors': 25}",0.2791293213828425,0.2953929539295393,0.28703094140882157,0.008128557411447048,1,0.2953929539295393,0.2791293213828425,0.2872611376561909,0.008131816273348386,0.4084507042253521,0.4634146341463415,0.43515470704410797,0.027470951439582114,5,0.6260162601626016,0.5697823303457106,0.5978992952541561,0.028116964908445508,0.3258692230626756,0.3588471299853406,0.34189140562286435,0.016482345439161095,5,0.42542458040126563,0.39705294705294697,0.4112387637271063,0.01418581667415933,0.4736194552047855,0.5006756390068988,0.4867645925622309,0.01352267045745634,5,0.5877388015720961,0.5602623453722486,0.5740005734721724,0.013738228099923755
6,4,"KNeighborsClassifier-split_x_y_split_with_one_hot_encoding_and_projection-{'n_neighbors': [1, 5, 10, 15, 20, 25, 40, 60, 80, 100], 'algorithm': ['brute'], 'metric': ['hamming']}-(1 of 5)",0.0012369155883789062,6.4373016357421875e-06,0.44062626361846924,0.0668259859085083,brute,hamming,40,"{'algorithm': 'brute', 'metric': 'hamming', 'n_neighbors': 40}",0.2791293213828425,0.2953929539295393,0.28703094140882157,0.008128557411447048,1,0.2953929539295393,0.2791293213828425,0.2872611376561909,0.008131816273348386,0.44814340588988477,0.4634146341463415,0.4555628703094141,0.007632554121565718,4,0.559620596205962,0.48911651728553135,0.5243685567457467,0.03525203946021535,0.34821137621468723,0.36450402689044403,0.356127094581184,0.008143060661404274,4,0.4082986720208575,0.3853551965072483,0.3968269342640529,0.0114717377568046,0.4807544129872297,0.5040083498511203,0.49205224406395864,0.011622308872115461,4,0.560626651232719,0.5350381600484269,0.547832405640573,0.012794245592146092
7,4,"KNeighborsClassifier-split_x_y_split_with_one_hot_encoding_and_projection-{'n_neighbors': [1, 5, 10, 15, 20, 25, 40, 60, 80, 100], 'algorithm': ['brute'], 'metric': ['hamming']}-(1 of 5)",0.0011358261108398438,6.9141387939453125e-06,0.43670785427093506,0.047538161277770996,brute,hamming,60,"{'algorithm': 'brute', 'metric': 'hamming', 'n_neighbors': 60}",0.2791293213828425,0.2953929539295393,0.28703094140882157,0.008128557411447048,1,0.2953929539295393,0.2791293213828425,0.2872611376561909,0.008131816273348386,0.4737516005121639,0.4634146341463415,0.4687294272547729,0.005166411890057772,2,0.524390243902439,0.5108834827144686,0.5176368633084538,0.006753380593985225,0.35405180369968864,0.37454291417705887,0.36400732676242675,0.010241449286398068,3,0.4065508314830795,0.38709005725790135,0.39682044437049047,0.009730387112589084,0.48387164742615907,0.5076907433241598,0.4954440587314418,0.011904775144159638,3,0.5503749651980382,0.5272193329722736,0.538797149085156,0.011577816112882278
8,4,"KNeighborsClassifier-split_x_y_split_with_one_hot_encoding_and_projection-{'n_neighbors': [1, 5, 10, 15, 20, 25, 40, 60, 80, 100], 'algorithm': ['brute'], 'metric': ['hamming']}-(1 of 5)",0.0012155771255493164,8.022785186767578e-05,0.3617680072784424,0.026105642318725586,brute,hamming,80,"{'algorithm': 'brute', 'metric': 'hamming', 'n_neighbors': 80}",0.2791293213828425,0.2953929539295393,0.28703094140882157,0.008128557411447048,1,0.2953929539295393,0.2791293213828425,0.2872611376561909,0.008131816273348386,0.4737516005121639,0.4634146341463415,0.4687294272547729,0.005166411890057772,2,0.5067750677506775,0.5352112676056338,0.5209931676781556,0.014218099927478134,0.35967586926861594,0.38008390042779316,0.3695910285809746,0.01019992627450655,2,0.4055030683333515,0.3836445549159131,0.3945738116246323,0.010929256708719193,0.488343720076234,0.5098582675145905,0.49879647584286146,0.010752962693411406,2,0.5448475821665859,0.5224275142705694,0.5336375482185777,0.011210033948008236
9,4,"KNeighborsClassifier-split_x_y_split_with_one_hot_encoding_and_projection-{'n_neighbors': [1, 5, 10, 15, 20, 25, 40, 60, 80, 100], 'algorithm': ['brute'], 'metric': ['hamming']}-(1 of 5)",0.0012053251266479492,7.49826431274414e-05,0.43970704078674316,0.0586698055267334,brute,hamming,100,"{'algorithm': 'brute', 'metric': 'hamming', 'n_neighbors': 100}",0.2791293213828425,0.2953929539295393,0.28703094140882157,0.008128557411447048,1,0.2953929539295393,0.2791293213828425,0.2872611376561909,0.008131816273348386,0.4737516005121639,0.47696476964769646,0.47531270572745227,0.0016059407217836315,1,0.5040650406504065,0.4980793854033291,0.5010722130268678,0.0029928276235386964,0.3653309416433603,0.3826915011366225,0.3737654991851822,0.008676801085529035,1,0.39944152765021884,0.38257003827350905,0.39100578296186395,0.008435744688354896,0.4912722872280891,0.513805319098209,0.5022198695323343,0.011262000828187492,1,0.5399309091138899,0.5200340368286018,0.5299824729712459,0.009948436142644013
0,5,"KNeighborsClassifier-split_x_y_split_with_one_hot_encoding_and_projection-{'n_neighbors': [1, 5, 10, 15, 20, 25, 40, 60, 80, 100], 'algorithm': ['brute'], 'metric': ['hamming']}-(1 of 5)",0.001157999038696289,5.53131103515625e-05,0.4540797472000122,0.10984408855438232,brute,hamming,1,"{'algorithm': 'brute', 'metric': 'hamming', 'n_neighbors': 1}",0.001282051282051282,0.4790257104194858,0.2337063857801185,0.23878480012098813,10,0.9918809201623816,0.9910256410256411,0.9914532805940113,0.00042763956837027495,0.0038461538461538464,0.4817320703653586,0.23633969716919026,0.23885590289717792,10,0.9918809201623816,0.9910256410256411,0.9914532805940113,0.00042763956837027495,0.009818102125794405,0.48347848212529904,0.24025590385037238,0.23674390439345674,10,0.9919503140071475,0.9911023449484987,0.9915263294778232,0.000423984529324406,0.17045149888594902,0.5703861194186937,0.3650214031477649,0.1998944551096643,10,0.993194260554694,0.9925983535560952,0.9928963070553946,0.0002979534992993971
1,5,"KNeighborsClassifier-split_x_y_split_with_one_hot_encoding_and_projection-{'n_neighbors': [1, 5, 10, 15, 20, 25, 40, 60, 80, 100], 'algorithm': ['brute'], 'metric': ['hamming']}-(1 of 5)",0.001198887825012207,4.589557647705078e-05,0.48031556606292725,0.106589674949646,brute,hamming,5,"{'algorithm': 'brute', 'metric': 'hamming', 'n_neighbors': 5}",0.46025641025641023,0.4844384303112314,0.4720210664911126,0.012086604845237901,1,0.4925575101488498,0.4641025641025641,0.478330037125707,0.01422747302314284,0.5743589743589743,0.5060893098782138,0.5411454904542462,0.03412239571488637,9,1.0,1.0,1.0,0.0,0.5010957703265361,0.4974902559476277,0.4993416721527288,0.0018021003813120534,9,0.6801984663960287,0.6745726495726476,0.6773855579843382,0.002812908411690518,0.6032547366220976,0.5784244113366096,0.5911746771184928,0.012410639360320053,9,0.7988273110639256,0.7711621818609494,0.7849947464624375,0.013832564601488073
2,5,"KNeighborsClassifier-split_x_y_split_with_one_hot_encoding_and_projection-{'n_neighbors': [1, 5, 10, 15, 20, 25, 40, 60, 80, 100], 'algorithm': ['brute'], 'metric': ['hamming']}-(1 of 5)",0.001240849494934082,4.3272972106933594e-05,0.320664644241333,0.0063784122467041016,brute,hamming,10,"{'algorithm': 'brute', 'metric': 'hamming', 'n_neighbors': 10}",0.46025641025641023,0.4844384303112314,0.4720210664911126,0.012086604845237901,1,0.4884979702300406,0.46025641025641023,0.47437719024322544,0.014120779986815185,0.6128205128205129,0.5832205683355887,0.5984200131665569,0.014794580089636907,8,0.952638700947226,0.9987179487179487,0.9756783248325873,0.02303962388536135,0.49446307253999194,0.5123694528295313,0.5031746031745999,0.008949928181250906,8,0.6213125845737465,0.6009188034188009,0.6111156939962736,0.010196890577472806,0.597074602963392,0.5994771198714727,0.5982434377198579,0.0012008207931406727,8,0.7574742536094595,0.7221001659896851,0.7397872097995724,0.017687043809887226
3,5,"KNeighborsClassifier-split_x_y_split_with_one_hot_encoding_and_projection-{'n_neighbors': [1, 5, 10, 15, 20, 25, 40, 60, 80, 100], 'algorithm': ['brute'], 'metric': ['hamming']}-(1 of 5)",0.001174330711364746,7.426738739013672e-05,0.3864649534225464,0.012498259544372559,brute,hamming,15,"{'algorithm': 'brute', 'metric': 'hamming', 'n_neighbors': 15}",0.46025641025641023,0.4844384303112314,0.4720210664911126,0.012086604845237901,1,0.4844384303112314,0.46025641025641023,0.4723474202838208,0.012091010027410587,0.6256410256410256,0.5872801082543978,0.6069782751810402,0.019173470574496036,7,0.9079837618403248,0.8846153846153846,0.8962995732278547,0.011684188612470114,0.5225094705863923,0.5139258576335698,0.5183335061544398,0.004290242819666643,7,0.6109220954958455,0.588614163614165,0.5997681295550052,0.011153965940840282,0.6169135772895761,0.6214088857855116,0.6191005641088626,0.002246835348107348,7,0.736629379956827,0.7200069087071073,0.7283181443319671,0.008311235624859858
4,5,"KNeighborsClassifier-split_x_y_split_with_one_hot_encoding_and_projection-{'n_neighbors': [1, 5, 10, 15, 20, 25, 40, 60, 80, 100], 'algorithm': ['brute'], 'metric': ['hamming']}-(1 of 5)",0.00115203857421875,4.76837158203125e-07,0.32625317573547363,0.015349626541137695,brute,hamming,20,"{'algorithm': 'brute', 'metric': 'hamming', 'n_neighbors': 20}",0.46025641025641023,0.4844384303112314,0.4720210664911126,0.012086604845237901,1,0.4844384303112314,0.46025641025641023,0.4723474202838208,0.012091010027410587,0.6269230769230769,0.5872801082543978,0.6076366030283081,0.019814262667230863,6,0.86468200270636,0.8307692307692308,0.8477256167377953,0.01695638596856458,0.530766491343412,0.5406879243144445,0.5355933109389308,0.004958909121220246,6,0.6053450608931007,0.5794480056980038,0.5923965332955523,0.012948527597548443,0.6206106592079847,0.633023625197246,0.626649620278468,0.0062042217535778765,6,0.7214199265749449,0.704136370757421,0.7127781486661829,0.008641777908761972
5,5,"KNeighborsClassifier-split_x_y_split_with_one_hot_encoding_and_projection-{'n_neighbors': [1, 5, 10, 15, 20, 25, 40, 60, 80, 100], 'algorithm': ['brute'], 'metric': ['hamming']}-(1 of 5)",0.001106858253479004,1.8477439880371094e-05,0.4062180519104004,0.09678125381469727,brute,hamming,25,"{'algorithm': 'brute', 'metric': 'hamming', 'n_neighbors': 25}",0.46025641025641023,0.4844384303112314,0.4720210664911126,0.012086604845237901,1,0.4844384303112314,0.46025641025641023,0.4723474202838208,0.012091010027410587,0.6551282051282051,0.5872801082543978,0.6221198156682027,0.03391168870739713,5,0.7726657645466847,0.7987179487179488,0.7856918566323168,0.013026092085632046,0.5389994051532491,0.5406879243144445,0.5398208769505654,0.0008439519870016978,5,0.5992799149429734,0.5715206552706527,0.585400285106813,0.013879629836160368,0.632503131318668,0.633023625197246,0.6327563538178577,0.00026015212213353824,5,0.7028461893201937,0.6911640688773736,0.6970051290987836,0.005841060221410066
6,5,"KNeighborsClassifier-split_x_y_split_with_one_hot_encoding_and_projection-{'n_neighbors': [1, 5, 10, 15, 20, 25, 40, 60, 80, 100], 'algorithm': ['brute'], 'metric': ['hamming']}-(1 of 5)",0.0015283823013305664,0.00030243396759033203,0.32386910915374756,0.015352606773376465,brute,hamming,40,"{'algorithm': 'brute', 'metric': 'hamming', 'n_neighbors': 40}",0.46025641025641023,0.4844384303112314,0.4720210664911126,0.012086604845237901,1,0.4844384303112314,0.46025641025641023,0.4723474202838208,0.012091010027410587,0.6679487179487179,0.6508795669824087,0.6596445029624753,0.00853146603574827,4,0.7753721244925575,0.6820512820512821,0.7287117032719198,0.04666042122063774,0.5440026213103138,0.5613135924367305,0.552424482839229,0.008652332063987625,4,0.5950169586840759,0.5645064337372036,0.5797616962106398,0.01525526247343617,0.6375120855889383,0.6512856738080572,0.6442129951965282,0.006884285007129657,4,0.6983811650532015,0.674079743914842,0.6862304544840218,0.012150710569179712
7,5,"KNeighborsClassifier-split_x_y_split_with_one_hot_encoding_and_projection-{'n_neighbors': [1, 5, 10, 15, 20, 25, 40, 60, 80, 100], 'algorithm': ['brute'], 'metric': ['hamming']}-(1 of 5)",0.0012421607971191406,3.647804260253906e-05,0.40753841400146484,0.02174663543701172,brute,hamming,60,"{'algorithm': 'brute', 'metric': 'hamming', 'n_neighbors': 60}",0.46025641025641023,0.4844384303112314,0.4720210664911126,0.012086604845237901,1,0.4844384303112314,0.46025641025641023,0.4723474202838208,0.012091010027410587,0.6551282051282051,0.7009472259810555,0.6774193548387096,0.02290116368229988,3,0.7374830852503383,0.6679487179487179,0.7027159015995281,0.03476718365081022,0.5354003048233777,0.5772733712686334,0.5557717308293316,0.02092890530381038,3,0.5884467134128823,0.567086894586894,0.5777668039998882,0.010679909412994182,0.6350167388084781,0.6663133494511414,0.6502426738084308,0.015642604090791115,3,0.6981309377207332,0.6706220041244475,0.6843764709225904,0.01375446679814285
8,5,"KNeighborsClassifier-split_x_y_split_with_one_hot_encoding_and_projection-{'n_neighbors': [1, 5, 10, 15, 20, 25, 40, 60, 80, 100], 'algorithm': ['brute'], 'metric': ['hamming']}-(1 of 5)",0.001428842544555664,2.6226043701171875e-06,0.3962653875350952,0.011754393577575684,brute,hamming,80,"{'algorithm': 'brute', 'metric': 'hamming', 'n_neighbors': 80}",0.46025641025641023,0.4844384303112314,0.4720210664911126,0.012086604845237901,1,0.4844384303112314,0.46025641025641023,0.4723474202838208,0.012091010027410587,0.6846153846153846,0.7009472259810555,0.6925608953258723,0.008162945549398783,1,0.7672530446549392,0.7102564102564103,0.7387547274556747,0.028498317199264434,0.5379790793252317,0.5795548689217217,0.5582058788721744,0.020780321033657484,2,0.5925638074149562,0.5673699156593887,0.5799668615371725,0.01259694587778376,0.6456135478314539,0.6712877138167512,0.6581041394464208,0.01283240598973327,2,0.6946821647768042,0.6718642854567857,0.683273225116795,0.011408939660009276
9,5,"KNeighborsClassifier-split_x_y_split_with_one_hot_encoding_and_projection-{'n_neighbors': [1, 5, 10, 15, 20, 25, 40, 60, 80, 100], 'algorithm': ['brute'], 'metric': ['hamming']}-(1 of 5)",0.002135157585144043,0.0007647275924682617,0.3771514892578125,0.041573286056518555,brute,hamming,100,"{'algorithm': 'brute', 'metric': 'hamming', 'n_neighbors': 100}",0.46025641025641023,0.4844384303112314,0.4720210664911126,0.012086604845237901,1,0.4844384303112314,0.46025641025641023,0.4723474202838208,0.012091010027410587,0.6858974358974359,0.6982408660351827,0.6919025674786043,0.006169466495004469,2,0.7347767253044655,0.7589743589743589,0.7468755421394122,0.012098816834946735,0.5469381757843288,0.5829279989293504,0.56444737874955,0.01798835539039877,1,0.5958178830641614,0.5682568164215305,0.5820373497428459,0.013780533321315458,0.6439536378157495,0.6748875610860712,0.6590031238570713,0.01546132647453268,1,0.6914792666634476,0.6704006557193697,0.6809399611914086,0.010539305472038962
