,column,evaluation_method,mean_fit_time,std_fit_time,mean_score_time,std_score_time,param_hidden_layer_sizes,param_max_iter,params,split0_test_accuracy,split1_test_accuracy,mean_test_accuracy,std_test_accuracy,rank_test_accuracy,split0_train_accuracy,split1_train_accuracy,mean_train_accuracy,std_train_accuracy,split0_test_precision_weighted,split1_test_precision_weighted,mean_test_precision_weighted,std_test_precision_weighted,rank_test_precision_weighted,split0_train_precision_weighted,split1_train_precision_weighted,mean_train_precision_weighted,std_train_precision_weighted,split0_test_recall_weighted,split1_test_recall_weighted,mean_test_recall_weighted,std_test_recall_weighted,rank_test_recall_weighted,split0_train_recall_weighted,split1_train_recall_weighted,mean_train_recall_weighted,std_train_recall_weighted,split0_test_f1_weighted,split1_test_f1_weighted,mean_test_f1_weighted,std_test_f1_weighted,rank_test_f1_weighted,split0_train_f1_weighted,split1_train_f1_weighted,mean_train_f1_weighted,std_train_f1_weighted,split0_test_mrr,split1_test_mrr,mean_test_mrr,std_test_mrr,rank_test_mrr,split0_train_mrr,split1_train_mrr,mean_train_mrr,std_train_mrr
0,0,"MLPClassifier-split_x_y_with_projection-{'hidden_layer_sizes': [2, 5, 10, 20, 40, 80], 'max_iter': [500]}-(2 of 5)",9.253304243087769,0.8426716327667236,0.7126865386962891,0.016251325607299805,2,500,"{'hidden_layer_sizes': 2, 'max_iter': 500}",0.3303684879288437,0.3524590163934426,0.34101382488479265,0.011038021567968806,2,0.35382513661202186,0.33672172808132145,0.3452734323466716,0.008551704265350207,0.11069047275966412,0.1302641420154471,0.12012294537008752,0.009780417148275005,6,0.1260532467434851,0.12024099121692412,0.12314711898020461,0.002906127763280482,0.3303684879288437,0.3524590163934426,0.34101382488479265,0.011038021567968806,2,0.35382513661202186,0.33672172808132145,0.3452734323466716,0.008551704265350207,0.1658220209681455,0.188967205740286,0.17697559256341003,0.011565003939082932,6,0.18588379387933807,0.17465145812197572,0.18026762600065688,0.005616167878681175,0.4622739309731528,0.49385753910460933,0.4774939448982523,0.015781448972937557,2,0.49656447567030393,0.4741852865434877,0.4853748811068958,0.011189594563408123
1,0,"MLPClassifier-split_x_y_with_projection-{'hidden_layer_sizes': [2, 5, 10, 20, 40, 80], 'max_iter': [500]}-(2 of 5)",8.606633186340332,0.8871016502380371,0.8293900489807129,0.06969404220581055,5,500,"{'hidden_layer_sizes': 5, 'max_iter': 500}",0.3290978398983482,0.3633879781420765,0.3456221198156682,0.017133826658310213,1,0.3551912568306011,0.34307496823379924,0.34913311253220014,0.00605814429840093,0.11253303987807947,0.23118000194324617,0.16970853443482864,0.05928458109764216,5,0.12845297349955095,0.21770538926155938,0.17307918138055517,0.044626207881004215,0.3290978398983482,0.3633879781420765,0.3456221198156682,0.017133826658310213,1,0.3551912568306011,0.34307496823379924,0.34913311253220014,0.00605814429840093,0.1671179998592285,0.22839691596035938,0.19664806344450025,0.030619366968517407,5,0.18862072196027765,0.19779578265406458,0.19320825230717112,0.004587530346893465,0.4599220298524777,0.49862074818807073,0.478570786812092,0.019336671294467436,1,0.49991231464200575,0.48513539196821,0.49252385330510784,0.0073884613368978835
2,0,"MLPClassifier-split_x_y_with_projection-{'hidden_layer_sizes': [2, 5, 10, 20, 40, 80], 'max_iter': [500]}-(2 of 5)",16.17131245136261,1.9718674421310425,1.4787681102752686,0.12229156494140625,10,500,"{'hidden_layer_sizes': 10, 'max_iter': 500}",0.3418043202033037,0.337431693989071,0.3396971691902567,0.00218487948528317,3,0.4057377049180328,0.35578144853875476,0.3807595767283938,0.024978128189639015,0.19172276413371153,0.1903695834428567,0.19107067179289144,0.0006761466877060384,4,0.2885576153288608,0.20571677343939357,0.24713719438412718,0.041420420944733624,0.3418043202033037,0.337431693989071,0.3396971691902567,0.00218487948528317,3,0.4057377049180328,0.35578144853875476,0.3807595767283938,0.024978128189639015,0.23901055336977917,0.22697600960815126,0.23321115505936996,0.00601332620061089,4,0.3068669904207192,0.23660662597519486,0.27173680819795704,0.035130182222762166,0.4633430411104164,0.4750848936383022,0.4690013926906747,0.0058670765463313046,3,0.5576070227985238,0.5095571790708251,0.5335821009346744,0.024024921863849358
3,0,"MLPClassifier-split_x_y_with_projection-{'hidden_layer_sizes': [2, 5, 10, 20, 40, 80], 'max_iter': [500]}-(2 of 5)",28.039548635482788,3.2671515941619873,1.7344138622283936,0.020398616790771484,20,500,"{'hidden_layer_sizes': 20, 'max_iter': 500}",0.32147395171537485,0.33060109289617484,0.32587228439763,0.004560578139586656,5,0.43989071038251365,0.39644218551461247,0.41816644794856306,0.021724262433950592,0.2091081943355444,0.22389672158387092,0.21623472622874715,0.00738941501499685,3,0.39510877766928737,0.31881075530583186,0.3569597664875596,0.038149011181727754,0.32147395171537485,0.33060109289617484,0.32587228439763,0.004560578139586656,5,0.43989071038251365,0.39644218551461247,0.41816644794856306,0.021724262433950592,0.23705553305664304,0.24099354234927786,0.23895324392050657,0.0019677135192407904,3,0.3635170617192763,0.3030715255298548,0.33329429362456553,0.03022276809471075,0.44635622702731853,0.46655062207216774,0.4560878249027824,0.010090576529861898,5,0.5990376669384369,0.5605170505264221,0.5797773587324295,0.01926030820600738
4,0,"MLPClassifier-split_x_y_with_projection-{'hidden_layer_sizes': [2, 5, 10, 20, 40, 80], 'max_iter': [500]}-(2 of 5)",35.392874121665955,2.0938678979873657,1.4945732355117798,0.33630239963531494,40,500,"{'hidden_layer_sizes': 40, 'max_iter': 500}",0.33799237611181704,0.3333333333333333,0.3357472021066491,0.0023279938620484417,4,0.45901639344262296,0.5044472681067345,0.48173183077467874,0.02271543733205575,0.2372432922167073,0.24351212923633453,0.2402642196020708,0.003132363190840616,2,0.45804694520199696,0.4985149714331724,0.47828095831758466,0.02023401311558773,0.33799237611181704,0.3333333333333333,0.3357472021066491,0.0023279938620484417,4,0.45901639344262296,0.5044472681067345,0.48173183077467874,0.02271543733205575,0.26140709118471545,0.2696844470865936,0.2653959157536258,0.004135964113176503,2,0.39257197390066956,0.4473816951024331,0.4199768345015513,0.027404860600881764,0.45862084388033775,0.46322126546587433,0.4608377685680355,0.002298702485288147,4,0.6321179946292231,0.6668224598076362,0.6494702272184296,0.01735223258920654
5,0,"MLPClassifier-split_x_y_with_projection-{'hidden_layer_sizes': [2, 5, 10, 20, 40, 80], 'max_iter': [500]}-(2 of 5)",30.702170729637146,1.2651382684707642,0.5409085750579834,0.1840829849243164,80,500,"{'hidden_layer_sizes': 80, 'max_iter': 500}",0.2884371029224905,0.3087431693989071,0.29822251481237655,0.010146375632728204,6,0.592896174863388,0.6289707750952986,0.6109334749793434,0.018037300115955335,0.2599539113850623,0.28391975670960473,0.2715029560049208,0.011975065151149919,1,0.6245944757122708,0.6645821897962697,0.6445883327542703,0.019993857041999463,0.2884371029224905,0.3087431693989071,0.29822251481237655,0.010146375632728204,6,0.592896174863388,0.6289707750952986,0.6109334749793434,0.018037300115955335,0.2682401896758067,0.28728705318744174,0.27741879671367164,0.00951718699625065,1,0.583197870945983,0.6099521831828946,0.5965750270644388,0.013377156118455802,0.42560059515786336,0.4473450320918193,0.4360791519950298,0.010865089273214048,6,0.7375238528927046,0.7556128779666157,0.7465683654296602,0.00904451253695554
0,1,"MLPClassifier-split_x_y_with_projection-{'hidden_layer_sizes': [2, 5, 10, 20, 40, 80], 'max_iter': [500]}-(2 of 5)",11.212405800819397,1.0156499147415161,0.6906434297561646,0.03756153583526611,2,500,"{'hidden_layer_sizes': 2, 'max_iter': 500}",0.12213740458015267,0.1145975443383356,0.1184990125082291,0.0037676346503081534,4,0.14051841746248295,0.10814249363867684,0.1243304555505799,0.016187961911903054,0.043771613997368265,0.013132597168376794,0.028986624309645586,0.015310180527757815,6,0.051077553343607696,0.011694798930391262,0.031386176136999476,0.019691377206608216,0.12213740458015267,0.1145975443383356,0.1184990125082291,0.0037676346503081534,4,0.14051841746248295,0.10814249363867684,0.1243304555505799,0.016187961911903054,0.0556341293420535,0.023564733719510872,0.04015890419964155,0.016024934453269645,6,0.06482837057485168,0.021107030905367467,0.04296770074010957,0.021860669834742105,0.22791659873335474,0.22583818175962628,0.22691364966044955,0.0010385757238015854,2,0.25481252247612574,0.2190677629162131,0.23694014269616942,0.017872379779956316
1,1,"MLPClassifier-split_x_y_with_projection-{'hidden_layer_sizes': [2, 5, 10, 20, 40, 80], 'max_iter': [500]}-(2 of 5)",10.491350173950195,0.784060001373291,0.7467933893203735,0.029820799827575684,5,500,"{'hidden_layer_sizes': 5, 'max_iter': 500}",0.12340966921119594,0.1432469304229195,0.13298222514812377,0.009912591256531277,1,0.15688949522510232,0.14631043256997456,0.15159996389753844,0.005289531327563879,0.0543665411582983,0.06111899930657754,0.05762496895467006,0.0033741733239449822,5,0.08112023118573242,0.061055883569877345,0.07108805737780488,0.010032173807927536,0.12340966921119594,0.1432469304229195,0.13298222514812377,0.009912591256531277,1,0.15688949522510232,0.14631043256997456,0.15159996389753844,0.005289531327563879,0.0561450654060627,0.07372542264722137,0.06462854260011754,0.008784826373734308,5,0.0741202794497549,0.0734502217662629,0.07378525060800889,0.0003350288417460004,0.2249308411576197,0.25031015294733955,0.2371777374985444,0.012681929297522222,1,0.2803781503947154,0.261432363877549,0.2709052571361322,0.00947289325858322
2,1,"MLPClassifier-split_x_y_with_projection-{'hidden_layer_sizes': [2, 5, 10, 20, 40, 80], 'max_iter': [500]}-(2 of 5)",20.31148386001587,2.4961698055267334,1.5182856321334839,0.16410768032073975,10,500,"{'hidden_layer_sizes': 10, 'max_iter': 500}",0.11704834605597965,0.12687585266030013,0.1217906517445688,0.004910761369715642,2,0.2073669849931787,0.16030534351145037,0.18383616425231453,0.02353082074086417,0.0608331392873718,0.07032677978072936,0.0654143364444693,0.0047439299580070895,4,0.19232432038791575,0.09538735899776905,0.1438558396928424,0.04846848069507335,0.11704834605597965,0.12687585266030013,0.1217906517445688,0.004910761369715642,2,0.2073669849931787,0.16030534351145037,0.18383616425231453,0.02353082074086417,0.06586648886669587,0.07763470030405598,0.07154529004087952,0.005880522948906197,4,0.15484118831127186,0.10429998123733546,0.12957058477430367,0.0252706035369682,0.2122250899318179,0.23601334383329495,0.22370421442805405,0.011886884742565707,3,0.34291220226735925,0.2934003470502485,0.31815627465880386,0.024755927608555384
3,1,"MLPClassifier-split_x_y_with_projection-{'hidden_layer_sizes': [2, 5, 10, 20, 40, 80], 'max_iter': [500]}-(2 of 5)",30.980355978012085,1.942277431488037,1.6461904048919678,0.02558588981628418,20,500,"{'hidden_layer_sizes': 20, 'max_iter': 500}",0.11195928753180662,0.1145975443383356,0.11323238973008558,0.001318325199923662,6,0.2810368349249659,0.27989821882951654,0.2804675268772412,0.0005693080477246759,0.07074966797649979,0.07905799403013082,0.07475888653957519,0.004151633600860287,3,0.311456307029143,0.3140847676422496,0.31277053733569626,0.0013142303065532823,0.11195928753180662,0.1145975443383356,0.11323238973008558,0.001318325199923662,6,0.2810368349249659,0.27989821882951654,0.2804675268772412,0.0005693080477246759,0.0792820777513279,0.0889855896736285,0.0839645492714374,0.0048488017782312995,3,0.24055507855049635,0.25646678197419615,0.24851093026234625,0.007955851711849898,0.20954302946899558,0.21416869932200094,0.21177516640267094,0.002311426665763875,5,0.430969608930599,0.4392305151425083,0.43510006203655366,0.004130453105954668
4,1,"MLPClassifier-split_x_y_with_projection-{'hidden_layer_sizes': [2, 5, 10, 20, 40, 80], 'max_iter': [500]}-(2 of 5)",42.389914870262146,2.074588179588318,1.5502163171768188,0.31874358654022217,40,500,"{'hidden_layer_sizes': 40, 'max_iter': 500}",0.1297709923664122,0.11050477489768076,0.12047399605003292,0.009627243236284649,3,0.4488403819918145,0.41348600508905853,0.43116319354043653,0.017677188451377973,0.09836428070632947,0.09022412561168343,0.09443621376467343,0.004067599320127422,2,0.49445350516591274,0.45654223717800396,0.47549787117195835,0.01895563399395439,0.1297709923664122,0.11050477489768076,0.12047399605003292,0.009627243236284649,3,0.4488403819918145,0.41348600508905853,0.43116319354043653,0.017677188451377973,0.10707598414401434,0.09593648815950165,0.10170057232265306,0.005566356631579174,2,0.4331737535224452,0.3917005756987805,0.41243716461061286,0.02073658891183236,0.22083621737127518,0.21257747366759436,0.21685092498496972,0.004126857520969566,4,0.5865314336549835,0.5610074907100948,0.5737694621825391,0.012761971472444344
5,1,"MLPClassifier-split_x_y_with_projection-{'hidden_layer_sizes': [2, 5, 10, 20, 40, 80], 'max_iter': [500]}-(2 of 5)",40.19104611873627,0.4500671625137329,0.5379146337509155,0.15829646587371826,80,500,"{'hidden_layer_sizes': 80, 'max_iter': 500}",0.11195928753180662,0.11732605729877217,0.11454904542462147,0.0026817509987920847,5,0.5961800818553888,0.6005089058524173,0.5983444938539031,0.0021644119985142485,0.09481915609289351,0.11998077830220885,0.10696100538810624,0.012573150781762164,1,0.6613612970394825,0.6561948676684554,0.658778082353969,0.0025832146855135907,0.11195928753180662,0.11732605729877217,0.11454904542462147,0.0026817509987920847,5,0.5961800818553888,0.6005089058524173,0.5983444938539031,0.0021644119985142485,0.09549776822605031,0.11465002896290755,0.10473977423007688,0.009570299563872267,1,0.594418245325921,0.5978080825489518,0.5961131639374364,0.0016949186115153836,0.20830515926433044,0.2134660877043767,0.21079558753724284,0.002578893002636489,6,0.719151193838217,0.7214270630125585,0.7202891284253878,0.0011379345871707636
0,2,"MLPClassifier-split_x_y_with_projection-{'hidden_layer_sizes': [2, 5, 10, 20, 40, 80], 'max_iter': [500]}-(2 of 5)",9.872047185897827,1.17008376121521,0.5970577001571655,0.023772120475769043,2,500,"{'hidden_layer_sizes': 2, 'max_iter': 500}",0.09578544061302682,0.09918478260869565,0.09743252139565503,0.0016988571953357333,6,0.11141304347826086,0.10217113665389528,0.10679209006607807,0.004620953412182792,0.011055128218426954,0.011985318821714785,0.011505832816201702,0.00046487261400666996,6,0.017160879401927998,0.012544421648381382,0.014852650525154689,0.0023082288767733083,0.09578544061302682,0.09918478260869565,0.09743252139565503,0.0016988571953357333,6,0.11141304347826086,0.10217113665389528,0.10679209006607807,0.004620953412182792,0.019694265107407592,0.021289799859989498,0.020467348437164197,0.0007973854052594899,6,0.02748205839238448,0.02215016395839078,0.02481611117538763,0.0026659472169968494,0.18864864755416408,0.1973836982285014,0.19288103550433675,0.004365434165973203,6,0.22057299367340444,0.20223457842229667,0.21140378604785054,0.009169207625553885
1,2,"MLPClassifier-split_x_y_with_projection-{'hidden_layer_sizes': [2, 5, 10, 20, 40, 80], 'max_iter': [500]}-(2 of 5)",11.727074265480042,0.14583241939544678,0.8119031190872192,0.06063950061798096,5,500,"{'hidden_layer_sizes': 5, 'max_iter': 500}",0.12132822477650064,0.13858695652173914,0.12969058591178406,0.008625234132112936,5,0.15625,0.13282247765006386,0.14453623882503192,0.011713761174968071,0.031162562355636438,0.04762816823060875,0.039140630771686225,0.008228861071319,5,0.05571475847980263,0.04255277391329716,0.0491337661965499,0.0065809922832527346,0.12132822477650064,0.13858695652173914,0.12969058591178406,0.008625234132112936,5,0.15625,0.13282247765006386,0.14453623882503192,0.011713761174968071,0.04546706147060867,0.06808251785363126,0.05642491262130296,0.011302314051087432,5,0.07168130825708684,0.062307364338230496,0.06699433629765866,0.0046869719594281704,0.21881148045464116,0.2392257013485221,0.2287027685243557,0.01020222328230885,5,0.27942146502634585,0.24701145254434018,0.263216458785343,0.016205006241002837
2,2,"MLPClassifier-split_x_y_with_projection-{'hidden_layer_sizes': [2, 5, 10, 20, 40, 80], 'max_iter': [500]}-(2 of 5)",19.35943043231964,3.2768880128860474,1.5151246786117554,0.1093062162399292,10,500,"{'hidden_layer_sizes': 10, 'max_iter': 500}",0.14559386973180077,0.14266304347826086,0.14417379855167872,0.0014647114869433748,4,0.21467391304347827,0.194125159642401,0.20439953634293964,0.010274376700538629,0.06627600860015619,0.06822838659275679,0.06722199293363482,0.000975721596994563,4,0.14585443982870852,0.13845383617757587,0.1421541380031422,0.0037003018255663267,0.14559386973180077,0.14266304347826086,0.14417379855167872,0.0014647114869433748,4,0.21467391304347827,0.194125159642401,0.20439953634293964,0.010274376700538629,0.08229865903484934,0.08389428636022292,0.08307178721883549,0.0007974316694933988,4,0.14397227236981858,0.13595761817728153,0.13996494527355005,0.004007327096268526,0.23030063270193218,0.2382711925047299,0.23416260242863338,0.003983371749323641,4,0.35119985419220945,0.33679217718966953,0.3439960156909395,0.00720383850126996
3,2,"MLPClassifier-split_x_y_with_projection-{'hidden_layer_sizes': [2, 5, 10, 20, 40, 80], 'max_iter': [500]}-(2 of 5)",31.897324442863464,0.6158136129379272,1.515212893486023,0.20861351490020752,20,500,"{'hidden_layer_sizes': 20, 'max_iter': 500}",0.14687100893997446,0.15489130434782608,0.15075707702435814,0.004008227645146386,2,0.32472826086956524,0.2554278416347382,0.2900780512521517,0.034650209617413524,0.08948725085753374,0.08270881754881795,0.0862029013412633,0.003387593897374104,3,0.3518096568197013,0.20796057026170364,0.27988511354070245,0.07192454327899882,0.14687100893997446,0.15489130434782608,0.15075707702435814,0.004008227645146386,2,0.32472826086956524,0.2554278416347382,0.2900780512521517,0.034650209617413524,0.10459539921130769,0.10352280822139157,0.10407569745450829,0.000536038716667212,3,0.28936588458932994,0.2034466277370111,0.24640625616317052,0.04295962842615941,0.2271883953101765,0.24280300901869445,0.23475413309126222,0.0078035687156226986,3,0.46096144873022815,0.40676337202499047,0.4338624103776093,0.027099038352618843
4,2,"MLPClassifier-split_x_y_with_projection-{'hidden_layer_sizes': [2, 5, 10, 20, 40, 80], 'max_iter': [500]}-(2 of 5)",39.19384169578552,1.7662725448608398,1.4762687683105469,0.36420750617980957,40,500,"{'hidden_layer_sizes': 40, 'max_iter': 500}",0.14559386973180077,0.16168478260869565,0.1533903884134299,0.008041604273786767,1,0.48777173913043476,0.41507024265644954,0.4514209908934421,0.03635074823699261,0.1209841601447047,0.11317639224175266,0.11720106786256336,0.0039020147717828244,2,0.5223017197438276,0.47041861130812085,0.4963601655259742,0.025941554217853352,0.14559386973180077,0.16168478260869565,0.1533903884134299,0.008041604273786767,1,0.48777173913043476,0.41507024265644954,0.4514209908934421,0.03635074823699261,0.12108077796764799,0.12670146852352288,0.12380416720341095,0.002808999684577168,2,0.46939269491765545,0.3886816180661493,0.4290371564919024,0.04035553842575307,0.23489478571078407,0.23742835911245053,0.23612237624641705,0.0012661801633423013,1,0.6240177541938191,0.5602862714959437,0.5921520128448814,0.031865741348937715
5,2,"MLPClassifier-split_x_y_with_projection-{'hidden_layer_sizes': [2, 5, 10, 20, 40, 80], 'max_iter': [500]}-(2 of 5)",39.16775333881378,0.00200045108795166,0.5295292139053345,0.16269314289093018,80,500,"{'hidden_layer_sizes': 80, 'max_iter': 500}",0.14687100893997446,0.14945652173913043,0.14812376563528637,0.0012921374277949187,3,0.6698369565217391,0.5606641123882503,0.6152505344549948,0.05458642206674441,0.12960582436283183,0.13589104557514883,0.1326511981694581,0.0031411059241542045,1,0.7310308876018735,0.6163011858268397,0.6736660367143565,0.057364850887516916,0.14687100893997446,0.14945652173913043,0.14812376563528637,0.0012921374277949187,3,0.6698369565217391,0.5606641123882503,0.6152505344549948,0.05458642206674441,0.13113311899729466,0.12815733157238515,0.12969126281248003,0.0014871813089234168,1,0.6729772837767911,0.544139252662266,0.6085582682195285,0.06441901555726254,0.2315904600936902,0.24001027041695167,0.23567010485861478,0.004207889458977633,2,0.7772406186808366,0.6924223586495384,0.7348314886651874,0.04240913001564911
0,3,"MLPClassifier-split_x_y_with_projection-{'hidden_layer_sizes': [2, 5, 10, 20, 40, 80], 'max_iter': [500]}-(2 of 5)",9.771162152290344,0.40994131565093994,0.7076524496078491,0.09240949153900146,2,500,"{'hidden_layer_sizes': 2, 'max_iter': 500}",0.12927756653992395,0.17534246575342466,0.15141540487162608,0.023015069097312116,6,0.13972602739726028,0.16983523447401774,0.154780630935639,0.01505460353837873,0.018013376568509647,0.0392354905368604,0.028212285848888876,0.010603049777855077,6,0.022171771586886255,0.04625627307062255,0.0342140223287544,0.012042250741868148,0.12927756653992395,0.17534246575342466,0.15141540487162608,0.023015069097312116,6,0.13972602739726028,0.16983523447401774,0.154780630935639,0.01505460353837873,0.03109953266928185,0.06288504074307776,0.04637499079559588,0.015880761210852346,6,0.036775682825321405,0.06048398787171463,0.048629835348518016,0.01185415252319661,0.2535721691979164,0.29507296158967244,0.2735165921379967,0.020734737746034973,6,0.27368574278182645,0.2911328659857245,0.2824093043837755,0.008723561601949037
1,3,"MLPClassifier-split_x_y_with_projection-{'hidden_layer_sizes': [2, 5, 10, 20, 40, 80], 'max_iter': [500]}-(2 of 5)",10.014206290245056,0.39495766162872314,0.7979656457901001,0.02143728733062744,5,500,"{'hidden_layer_sizes': 5, 'max_iter': 500}",0.21292775665399238,0.21780821917808219,0.2152732060566162,0.002438389839911971,5,0.2534246575342466,0.21292775665399238,0.2331762070941195,0.020248450440127103,0.07338737237077264,0.08444899031607649,0.07870335729511221,0.005526635370660317,5,0.10218600520846825,0.08019879085729324,0.09119239803288075,0.010993607175587505,0.21292775665399238,0.21780821917808219,0.2152732060566162,0.002438389839911971,5,0.2534246575342466,0.21292775665399238,0.2331762070941195,0.020248450440127103,0.10557856990976398,0.11574735357269328,0.11046547713421323,0.005080555100169312,5,0.13783709751402243,0.10915330064269385,0.12349519907835814,0.014341898435664288,0.30265686888256016,0.32190208970572914,0.3119057241827006,0.0096153490966165,4,0.3636503526825262,0.32803456547947296,0.3458424590809996,0.017807893601526625
2,3,"MLPClassifier-split_x_y_with_projection-{'hidden_layer_sizes': [2, 5, 10, 20, 40, 80], 'max_iter': [500]}-(2 of 5)",19.458481788635254,3.6074297428131104,1.493669867515564,0.03758347034454346,10,500,"{'hidden_layer_sizes': 10, 'max_iter': 500}",0.19898605830164764,0.2602739726027397,0.228439763001975,0.03062083292383226,2,0.25753424657534246,0.29784537389100124,0.27768981023317185,0.02015556365782939,0.07103943795959004,0.11640327552391293,0.09284036055468925,0.022664802786676742,4,0.14442410741376877,0.24738239555078506,0.1959032514822769,0.05147914406850815,0.19898605830164764,0.2602739726027397,0.228439763001975,0.03062083292383226,2,0.25753424657534246,0.29784537389100124,0.27768981023317185,0.02015556365782939,0.09861210374624817,0.15538689374305814,0.12589689419896133,0.028365973595335804,4,0.150062055343985,0.21355497663545672,0.18180851598972086,0.03174646064573586,0.29469527906301507,0.3381995749560481,0.3156025443703976,0.021735733565105,2,0.37237348508697804,0.4124987165843409,0.3924361008356595,0.02006261574868143
3,3,"MLPClassifier-split_x_y_with_projection-{'hidden_layer_sizes': [2, 5, 10, 20, 40, 80], 'max_iter': [500]}-(2 of 5)",29.28666615486145,3.8110241889953613,1.7032853364944458,0.01905238628387451,20,500,"{'hidden_layer_sizes': 20, 'max_iter': 500}",0.21799746514575413,0.2493150684931507,0.23304805793285055,0.015646985390370714,1,0.35753424657534244,0.36755386565272496,0.36254405611403373,0.005009809538691262,0.13160816752366047,0.14365344648060535,0.1373968795964516,0.00601809473641999,3,0.2816286287339777,0.35830799291822246,0.3199683108261001,0.03833968209212238,0.21799746514575413,0.2493150684931507,0.23304805793285055,0.015646985390370714,1,0.35753424657534244,0.36755386565272496,0.36254405611403373,0.005009809538691262,0.14578219587879268,0.17591966705751236,0.16026564154071854,0.015057364575611633,3,0.278762459598893,0.311357165890361,0.295059812744627,0.016297353145733995,0.2964076042337191,0.33001181209644614,0.3125570918833509,0.016789424901084624,3,0.4966874955023752,0.4996821037933936,0.4981847996478844,0.0014973041455092206
4,3,"MLPClassifier-split_x_y_with_projection-{'hidden_layer_sizes': [2, 5, 10, 20, 40, 80], 'max_iter': [500]}-(2 of 5)",38.139349818229675,1.7663356065750122,1.3903172016143799,0.44584226608276367,40,500,"{'hidden_layer_sizes': 40, 'max_iter': 500}",0.19518377693282637,0.25068493150684934,0.2218564845292956,0.027729636432752017,4,0.5260273972602739,0.4955640050697085,0.5107957011649912,0.015231696095282715,0.1321379966461254,0.19237291807767654,0.16108565474028758,0.030094733788368203,2,0.5696773109288265,0.5452471570321746,0.5574622339805005,0.01221507694832591,0.19518377693282637,0.25068493150684934,0.2218564845292956,0.027729636432752017,4,0.5260273972602739,0.4955640050697085,0.5107957011649912,0.015231696095282715,0.15116478469735548,0.20120843213457063,0.17521472717870312,0.02500294200820645,2,0.4946377098106945,0.46436259474442726,0.4795001522775609,0.015137557533133617,0.2903593007059533,0.33050001896209696,0.3096501001312231,0.020055213840783244,5,0.6607632872747362,0.6408593834589251,0.6508113353668307,0.009951951907905543
5,3,"MLPClassifier-split_x_y_with_projection-{'hidden_layer_sizes': [2, 5, 10, 20, 40, 80], 'max_iter': [500]}-(2 of 5)",37.337398171424866,2.1214534044265747,0.593551516532898,0.21414363384246826,80,500,"{'hidden_layer_sizes': 80, 'max_iter': 500}",0.21419518377693283,0.236986301369863,0.22514812376563528,0.011386959597482886,3,0.6178082191780822,0.6387832699619772,0.6282957445700297,0.010487525391947528,0.16241082524058192,0.19781592769695472,0.17942578560473738,0.017689192711660556,1,0.6933577399953068,0.6844565718092984,0.6889071559023026,0.004450584093004195,0.21419518377693283,0.236986301369863,0.22514812376563528,0.011386959597482886,3,0.6178082191780822,0.6387832699619772,0.6282957445700297,0.010487525391947528,0.16715582656386813,0.2044781919855285,0.18509218387645013,0.018647100801707533,1,0.6019771687086275,0.6276502011513493,0.6148136849299883,0.012836516221360894,0.3022578337486196,0.33178771723230954,0.3164492853240598,0.014753799973874975,1,0.7445687144506535,0.7565288670418281,0.7505487907462408,0.005980076295587278
0,4,"MLPClassifier-split_x_y_with_projection-{'hidden_layer_sizes': [2, 5, 10, 20, 40, 80], 'max_iter': [500]}-(2 of 5)",8.329095005989075,0.7453545331954956,0.6614067554473877,0.03352713584899902,2,500,"{'hidden_layer_sizes': 2, 'max_iter': 500}",0.27599486521181,0.2891891891891892,0.282422646477946,0.006594987223326369,6,0.2945945945945946,0.2772785622593068,0.2859365784269507,0.00865801616764389,0.0897775652820695,0.0951714956229927,0.09240528644881285,0.00269607611143158,6,0.10416549070934922,0.08664511746731521,0.09540530408833221,0.008760186621017005,0.27599486521181,0.2891891891891892,0.282422646477946,0.006594987223326369,6,0.2945945945945946,0.2772785622593068,0.2859365784269507,0.00865801616764389,0.13415189248042325,0.1429816983013548,0.1384534437032602,0.0044134475304177835,6,0.14961750968687798,0.1317905026171124,0.1407040061519952,0.008913503534882794,0.38976349357487655,0.39889715839916917,0.39421307354194474,0.004565326948286757,5,0.41367419170435643,0.3887859099504753,0.40123005082741586,0.012444140876940568
1,4,"MLPClassifier-split_x_y_with_projection-{'hidden_layer_sizes': [2, 5, 10, 20, 40, 80], 'max_iter': [500]}-(2 of 5)",7.994822859764099,1.3075803518295288,0.7876260280609131,0.15979433059692383,5,500,"{'hidden_layer_sizes': 5, 'max_iter': 500}",0.27599486521181,0.2959459459459459,0.2857142857142857,0.009972251913683472,5,0.3108108108108108,0.3055198973042362,0.3081653540575235,0.002645456753287312,0.11104565958789091,0.13445524740902973,0.12244993541912379,0.011700935405893608,5,0.16803900578349837,0.14051326501069694,0.15427613539709767,0.013762870386400713,0.27599486521181,0.2959459459459459,0.2857142857142857,0.009972251913683472,5,0.3108108108108108,0.3055198973042362,0.3081653540575235,0.002645456753287312,0.147388438107189,0.16973384989514026,0.15827428716781042,0.011169022792994735,5,0.17924183254968953,0.17545570012339742,0.17734876633654348,0.0018930662131460552,0.3786281758335465,0.40442676177719256,0.39119628221820624,0.01289504069855562,6,0.4218169883652759,0.42658410709860073,0.4242005477319383,0.002383559366662402
2,4,"MLPClassifier-split_x_y_with_projection-{'hidden_layer_sizes': [2, 5, 10, 20, 40, 80], 'max_iter': [500]}-(2 of 5)",17.005577325820923,2.3925042152404785,1.6451542377471924,0.16402554512023926,10,500,"{'hidden_layer_sizes': 10, 'max_iter': 500}",0.28241335044929394,0.31891891891891894,0.30019749835418036,0.018246767174294,2,0.3081081081081081,0.35173299101412064,0.3299205495611144,0.02181244145300626,0.10627519498990144,0.1747889397057652,0.13965252947952567,0.03424557952328811,4,0.14183593764233984,0.21387778711214553,0.17785686237724269,0.03602092473490284,0.28241335044929394,0.31891891891891894,0.30019749835418036,0.018246767174294,2,0.3081081081081081,0.35173299101412064,0.3299205495611144,0.02181244145300626,0.1513601253199801,0.21323997944669243,0.18150567637578469,0.030929727665215956,4,0.17764112800197815,0.24266747476143963,0.21015430138170887,0.03251317337973074,0.388330895873695,0.41937833490134163,0.40345604721040235,0.015518602094004763,2,0.4386883612493813,0.48237738488546666,0.46053287306742396,0.021844511818042672
3,4,"MLPClassifier-split_x_y_with_projection-{'hidden_layer_sizes': [2, 5, 10, 20, 40, 80], 'max_iter': [500]}-(2 of 5)",25.06943440437317,4.650899410247803,1.482906460762024,0.09007370471954346,20,500,"{'hidden_layer_sizes': 20, 'max_iter': 500}",0.2939666238767651,0.31756756756756754,0.3054641211323239,0.01179658180033593,1,0.3716216216216216,0.4017971758664955,0.3867093987440585,0.015087777122436946,0.15640416146403835,0.21115240923607073,0.18307546057615418,0.027365099960792286,3,0.2595802507797262,0.30958175693589646,0.2845810038578113,0.025000753078085136,0.2939666238767651,0.31756756756756754,0.3054641211323239,0.01179658180033593,1,0.3716216216216216,0.4017971758664955,0.3867093987440585,0.015087777122436946,0.19024949495292337,0.24316385405222976,0.21602739207832608,0.02644845789664667,3,0.27205870044743485,0.31701763439483865,0.29453816742113675,0.0224794669737019,0.39904167818666775,0.4222000541629327,0.4103235730006481,0.011575370889656801,1,0.5077563148067482,0.5383255002400511,0.5230409075233997,0.015284592716651446
4,4,"MLPClassifier-split_x_y_with_projection-{'hidden_layer_sizes': [2, 5, 10, 20, 40, 80], 'max_iter': [500]}-(2 of 5)",33.48186254501343,1.085876703262329,1.50620436668396,0.21306157112121582,40,500,"{'hidden_layer_sizes': 40, 'max_iter': 500}",0.2952503209242619,0.3,0.2975641869651086,0.002374056668086701,4,0.49864864864864866,0.47753530166880614,0.4880919751587274,0.010556673489921259,0.19820515105360723,0.227523687480584,0.21248804569216076,0.014654435761471052,2,0.490395607307372,0.43775726116877633,0.46407643423807415,0.02631917306929782,0.2952503209242619,0.3,0.2975641869651086,0.002374056668086701,4,0.49864864864864866,0.47753530166880614,0.4880919751587274,0.010556673489921259,0.227056078724506,0.2542759063437329,0.24031656090898784,0.013605427279011309,2,0.45531905573120857,0.4293025167242384,0.44231078622772346,0.013008269503485076,0.3996446089341682,0.40711970890086574,0.40328619812136784,0.003736317893813749,4,0.6376139315844347,0.6209744780877835,0.6292942048361091,0.008319726748325595
5,4,"MLPClassifier-split_x_y_with_projection-{'hidden_layer_sizes': [2, 5, 10, 20, 40, 80], 'max_iter': [500]}-(2 of 5)",31.683457612991333,2.6265029907226562,0.6432647705078125,0.2851412296295166,80,500,"{'hidden_layer_sizes': 80, 'max_iter': 500}",0.28369704749679076,0.31756756756756754,0.30019749835418036,0.01692967729890181,2,0.6175675675675676,0.6405648267008985,0.6290661971342331,0.011498629566665475,0.2643312135205309,0.27661268104250497,0.2703142852560548,0.0061387094579441375,1,0.6290784719731243,0.665204280640238,0.6471413763066811,0.01806290433355684,0.28369704749679076,0.31756756756756754,0.30019749835418036,0.01692967729890181,2,0.6175675675675676,0.6405648267008985,0.6290661971342331,0.011498629566665475,0.2694423024876118,0.29016734860017074,0.27953876998155097,0.010359107033411294,1,0.6079575512905735,0.6247990475893213,0.6163782994399474,0.00842074814937388,0.3867113679887229,0.4208931392596191,0.4033634487921878,0.01708525159672499,3,0.7446998070682279,0.7527303574583265,0.7487150822632772,0.004015275195049295
0,5,"MLPClassifier-split_x_y_with_projection-{'hidden_layer_sizes': [2, 5, 10, 20, 40, 80], 'max_iter': [500]}-(2 of 5)",6.099502086639404,0.6494693756103516,0.6175363063812256,0.04310274124145508,2,500,"{'hidden_layer_sizes': 2, 'max_iter': 500}",0.4462915601023018,0.4654002713704206,0.4555628703094141,0.009550162138328698,5,0.47218453188602444,0.4424552429667519,0.4573198874263882,0.014864644459636256,0.19968686471244018,0.2404341517484894,0.21945694407094463,0.02036470133601003,6,0.22356492121950544,0.21822793694536002,0.22089642908243273,0.002668492137072709,0.4462915601023018,0.4654002713704206,0.4555628703094141,0.009550162138328698,5,0.47218453188602444,0.4424552429667519,0.4573198874263882,0.014864644459636256,0.2759180770163035,0.31377020285727225,0.29428345999510136,0.018917756095084955,6,0.30345377118437034,0.2912106508592872,0.2973322110218288,0.006121560162541562,0.5580601743054088,0.5808520534686306,0.5691185119902635,0.011390937797522755,2,0.5898480122488481,0.5622448592785606,0.5760464357637043,0.01380157648514374
1,5,"MLPClassifier-split_x_y_with_projection-{'hidden_layer_sizes': [2, 5, 10, 20, 40, 80], 'max_iter': [500]}-(2 of 5)",6.171022653579712,0.9695284366607666,0.6263539791107178,0.051329851150512695,5,500,"{'hidden_layer_sizes': 5, 'max_iter': 500}",0.44501278772378516,0.47218453188602444,0.45819618169848586,0.013579909115248137,3,0.47489823609226595,0.4475703324808184,0.4612342842865422,0.013663951805723773,0.22856813015061092,0.2400489605374273,0.23413848696106757,0.005737895671681344,5,0.25304302763943337,0.21685391951729371,0.23494847357836354,0.01809455406106983,0.44501278772378516,0.47218453188602444,0.45819618169848586,0.013579909115248137,3,0.47489823609226595,0.4475703324808184,0.4612342842865422,0.013663951805723773,0.2952997571138344,0.31260379025083257,0.30369545982744045,0.008648219117793716,5,0.3257719374524132,0.2871772339887787,0.30647458572059594,0.019297351731817236,0.557744966410522,0.5851269698946465,0.5710303756059135,0.013684992633802824,1,0.5981417080858795,0.5590792647552418,0.5786104864205607,0.019531221665318843
2,5,"MLPClassifier-split_x_y_with_projection-{'hidden_layer_sizes': [2, 5, 10, 20, 40, 80], 'max_iter': [500]}-(2 of 5)",6.477566838264465,0.9021748304367065,0.9912469387054443,0.22417187690734863,10,500,"{'hidden_layer_sizes': 10, 'max_iter': 500}",0.4398976982097187,0.4762550881953867,0.4575378538512179,0.01817071619418321,4,0.48032564450474896,0.46930946291560105,0.474817553710175,0.0055080907945739555,0.2311400538915315,0.2932229895010285,0.26126192587586283,0.03102784341523446,4,0.34423873199542915,0.3074457804314224,0.3258422562134258,0.018396475782003374,0.4398976982097187,0.4762550881953867,0.4575378538512179,0.01817071619418321,4,0.48032564450474896,0.46930946291560105,0.474817553710175,0.0055080907945739555,0.2863935723270762,0.351957668355501,0.3182044602618682,0.03276765966782292,4,0.3346077045263322,0.34344630822878486,0.33902700637755856,0.004419301851226326,0.5507230604734564,0.5809839074381717,0.5654052488954413,0.01512378259848153,5,0.6026897488661864,0.5996439335207829,0.6011668411934847,0.0015229076727017454
3,5,"MLPClassifier-split_x_y_with_projection-{'hidden_layer_sizes': [2, 5, 10, 20, 40, 80], 'max_iter': [500]}-(2 of 5)",9.433577299118042,2.4936182498931885,1.3080230951309204,0.47839534282684326,20,500,"{'hidden_layer_sizes': 20, 'max_iter': 500}",0.45652173913043476,0.4789687924016282,0.467412771560237,0.011218600525157415,1,0.5061058344640434,0.5217391304347826,0.5139224824494131,0.007816647985369574,0.30246390520133215,0.33475933564548355,0.31813324834638784,0.01614062783937424,3,0.37115019381080383,0.37023380830846303,0.3706920010596334,0.0004581927511703998,0.45652173913043476,0.4789687924016282,0.467412771560237,0.011218600525157415,1,0.5061058344640434,0.5217391304347826,0.5139224824494131,0.007816647985369574,0.3569007245631784,0.3840915246600786,0.3700933642415296,0.013589432900664953,3,0.40944137023974836,0.4165053818214009,0.4129733760305746,0.0035320057908262703,0.5556472276291949,0.5797718334874571,0.5673521878119068,0.01205700867195946,3,0.6425364137220723,0.6402289059199003,0.6413826598209863,0.0011537539010859632
4,5,"MLPClassifier-split_x_y_with_projection-{'hidden_layer_sizes': [2, 5, 10, 20, 40, 80], 'max_iter': [500]}-(2 of 5)",21.383674025535583,4.023173213005066,1.3076198101043701,0.5611166954040527,40,500,"{'hidden_layer_sizes': 40, 'max_iter': 500}",0.4578005115089514,0.47218453188602444,0.4647794601711652,0.007188853548238004,2,0.5725915875169606,0.5843989769820972,0.5784952822495288,0.005903694732568299,0.3424462428395646,0.36839210879949047,0.35503485588266226,0.01296723903877529,2,0.5181592590903082,0.5319377552910908,0.5250485071906995,0.006889248100391265,0.4578005115089514,0.47218453188602444,0.4647794601711652,0.007188853548238004,2,0.5725915875169606,0.5843989769820972,0.5784952822495288,0.005903694732568299,0.3833419962310529,0.4018693150343642,0.39233122200988135,0.009259593495210506,2,0.5070279451473814,0.5209058739639211,0.5139669095556512,0.006938964408269854,0.5571112427912033,0.5760228804303743,0.5662869353126444,0.009451668572581009,4,0.7062376734527341,0.7060817739080287,0.7061597236803814,7.79497723527034e-05
5,5,"MLPClassifier-split_x_y_with_projection-{'hidden_layer_sizes': [2, 5, 10, 20, 40, 80], 'max_iter': [500]}-(2 of 5)",20.753055214881897,0.4788857698440552,0.6763086318969727,0.306168794631958,80,500,"{'hidden_layer_sizes': 80, 'max_iter': 500}",0.4258312020460358,0.4816824966078697,0.4529295589203423,0.02791339045406908,6,0.6621438263229308,0.6726342710997443,0.6673890487113375,0.005245222388406745,0.3598792935350192,0.3875085246508904,0.37328465451750575,0.013808552194420343,1,0.6537049150268194,0.6806790962625625,0.6671920056446909,0.013487090617871567,0.4258312020460358,0.4816824966078697,0.4529295589203423,0.02791339045406908,6,0.6621438263229308,0.6726342710997443,0.6673890487113375,0.005245222388406745,0.38659041053254656,0.4212582234362068,0.4034108042850137,0.01732629843874307,1,0.6389511775092109,0.6367477847046519,0.6378494811069314,0.0011016964022795284,0.5329570942624751,0.5814771425008634,0.5564984211562816,0.024249376168514147,6,0.7810862946039336,0.7862767039574153,0.7836814992806744,0.0025952046767408476
