,column,evaluation_method,mean_fit_time,std_fit_time,mean_score_time,std_score_time,param_C,param_kernel,param_probability,params,split0_test_accuracy,split1_test_accuracy,mean_test_accuracy,std_test_accuracy,rank_test_accuracy,split0_train_accuracy,split1_train_accuracy,mean_train_accuracy,std_train_accuracy,split0_test_precision_weighted,split1_test_precision_weighted,mean_test_precision_weighted,std_test_precision_weighted,rank_test_precision_weighted,split0_train_precision_weighted,split1_train_precision_weighted,mean_train_precision_weighted,std_train_precision_weighted,split0_test_recall_weighted,split1_test_recall_weighted,mean_test_recall_weighted,std_test_recall_weighted,rank_test_recall_weighted,split0_train_recall_weighted,split1_train_recall_weighted,mean_train_recall_weighted,std_train_recall_weighted,split0_test_f1_weighted,split1_test_f1_weighted,mean_test_f1_weighted,std_test_f1_weighted,rank_test_f1_weighted,split0_train_f1_weighted,split1_train_f1_weighted,mean_train_f1_weighted,std_train_f1_weighted,split0_test_mrr,split1_test_mrr,mean_test_mrr,std_test_mrr,rank_test_mrr,split0_train_mrr,split1_train_mrr,mean_train_mrr,std_train_mrr
0,0,"SVC-split_x_y_split_with_bag_of_words-{'C': [1e-05, 0.01, 1.0, 100.0, 10000.0, 1000000.0], 'kernel': ['linear'], 'probability': [True]}-(4 of 5)",3.338683009147644,0.36379826068878174,4.557161331176758,0.2638862133026123,1e-05,linear,True,"{'C': 1e-05, 'kernel': 'linear', 'probability': True}",0.3231939163498099,0.34794520547945207,0.33508887425938116,0.012366305783630403,5,0.34794520547945207,0.3231939163498099,0.33556956091463097,0.012375644564821098,0.10445430756552791,0.12106586601613811,0.11243747917115361,0.008299511603897821,5,0.12106586601613811,0.10445430756552791,0.11276008679083302,0.0083057792253051,0.3231939163498099,0.34794520547945207,0.33508887425938116,0.012366305783630403,5,0.34794520547945207,0.3231939163498099,0.33556956091463097,0.012375644564821098,0.15788208557318298,0.1796302483572781,0.1683338030401938,0.010865875704962875,5,0.1796302483572781,0.15788208557318298,0.16875616696523055,0.010874081392047555,0.5016136641205917,0.5396876839360151,0.5199112509969966,0.019022644395748075,6,0.5652033135834118,0.5376909247857474,0.5514471191845796,0.013756194398832189
1,0,"SVC-split_x_y_split_with_bag_of_words-{'C': [1e-05, 0.01, 1.0, 100.0, 10000.0, 1000000.0], 'kernel': ['linear'], 'probability': [True]}-(4 of 5)",9.761325001716614,1.1407030820846558,4.9812047481536865,0.12769055366516113,0.01,linear,True,"{'C': 0.01, 'kernel': 'linear', 'probability': True}",0.3231939163498099,0.34794520547945207,0.33508887425938116,0.012366305783630403,5,0.34794520547945207,0.3231939163498099,0.33556956091463097,0.012375644564821098,0.10445430756552791,0.12106586601613811,0.11243747917115361,0.008299511603897821,5,0.12106586601613811,0.10445430756552791,0.11276008679083302,0.0083057792253051,0.3231939163498099,0.34794520547945207,0.33508887425938116,0.012366305783630403,5,0.34794520547945207,0.3231939163498099,0.33556956091463097,0.012375644564821098,0.15788208557318298,0.1796302483572781,0.1683338030401938,0.010865875704962875,5,0.1796302483572781,0.15788208557318298,0.16875616696523055,0.010874081392047555,0.5134727567311581,0.5562312603732789,0.5340216096993926,0.02136311883067495,5,0.5901574656123608,0.5716897870469622,0.5809236263296615,0.00923383928269933
2,0,"SVC-split_x_y_split_with_bag_of_words-{'C': [1e-05, 0.01, 1.0, 100.0, 10000.0, 1000000.0], 'kernel': ['linear'], 'probability': [True]}-(4 of 5)",11.255652666091919,1.0935475826263428,4.6643208265304565,0.5182796716690063,1.0,linear,True,"{'C': 1.0, 'kernel': 'linear', 'probability': True}",0.40430925221799746,0.43561643835616437,0.41935483870967744,0.015641780716219352,1,0.958904109589041,0.9556400506970849,0.957272080143063,0.001632029445978067,0.32224580601423775,0.36677884851607057,0.34364746567607973,0.022249718718430032,4,0.9585825393530875,0.9509369354219396,0.9547597373875135,0.003822801965573941,0.40430925221799746,0.43561643835616437,0.41935483870967744,0.015641780716219352,1,0.958904109589041,0.9556400506970849,0.957272080143063,0.001632029445978067,0.3476696849516078,0.3905724458565431,0.36828786497833776,0.021435193033118718,1,0.9558858215152982,0.9513646053925942,0.9536252134539462,0.002260608061352032,0.5160384678456023,0.5569885233963242,0.5357182180444351,0.020459577121193753,1,0.6562635225399375,0.6094649659658907,0.6328642442529141,0.023399278287023373
3,0,"SVC-split_x_y_split_with_bag_of_words-{'C': [1e-05, 0.01, 1.0, 100.0, 10000.0, 1000000.0], 'kernel': ['linear'], 'probability': [True]}-(4 of 5)",11.31437885761261,1.547721028327942,4.958247065544128,0.2428675889968872,100.0,linear,True,"{'C': 100.0, 'kernel': 'linear', 'probability': True}",0.3688212927756654,0.4095890410958904,0.38841342988808425,0.020368492291345755,2,0.9876712328767123,0.9898605830164765,0.9887659079465945,0.0010946750698820895,0.32326642552425106,0.36714330979888277,0.34435274910587127,0.02192188717650456,1,0.987004946635936,0.9849598547464327,0.9859824006911844,0.0010225459447516516,0.3688212927756654,0.4095890410958904,0.38841342988808425,0.020368492291345755,2,0.9876712328767123,0.9898605830164765,0.9887659079465945,0.0010946750698820895,0.3352340406410148,0.38159883739268396,0.3575160035302304,0.023164904713603614,2,0.9864450332830714,0.9870301391008052,0.9867375861919383,0.00029255290886687213,0.5124840509739705,0.5582702498820016,0.5344879517000157,0.02287582409955151,4,0.6660963499344013,0.617590446630855,0.6418433982826282,0.024252951651773103
4,0,"SVC-split_x_y_split_with_bag_of_words-{'C': [1e-05, 0.01, 1.0, 100.0, 10000.0, 1000000.0], 'kernel': ['linear'], 'probability': [True]}-(4 of 5)",11.354781866073608,0.9874563217163086,4.5506590604782104,0.1378873586654663,10000.0,linear,True,"{'C': 10000.0, 'kernel': 'linear', 'probability': True}",0.3688212927756654,0.4095890410958904,0.38841342988808425,0.020368492291345755,2,0.9876712328767123,0.9898605830164765,0.9887659079465945,0.0010946750698820895,0.32326642552425106,0.36714330979888277,0.34435274910587127,0.02192188717650456,1,0.987004946635936,0.9849598547464327,0.9859824006911844,0.0010225459447516516,0.3688212927756654,0.4095890410958904,0.38841342988808425,0.020368492291345755,2,0.9876712328767123,0.9898605830164765,0.9887659079465945,0.0010946750698820895,0.3352340406410148,0.38159883739268396,0.3575160035302304,0.023164904713603614,2,0.9864450332830714,0.9870301391008052,0.9867375861919383,0.00029255290886687213,0.5133872218366439,0.5596403113031928,0.5356155005137873,0.023109093218742868,2,0.6674752372999899,0.6118634316122487,0.6396693344561193,0.027805902843870633
5,0,"SVC-split_x_y_split_with_bag_of_words-{'C': [1e-05, 0.01, 1.0, 100.0, 10000.0, 1000000.0], 'kernel': ['linear'], 'probability': [True]}-(4 of 5)",10.996893048286438,0.8933924436569214,3.2646065950393677,0.28907954692840576,1000000.0,linear,True,"{'C': 1000000.0, 'kernel': 'linear', 'probability': True}",0.3688212927756654,0.4095890410958904,0.38841342988808425,0.020368492291345755,2,0.9876712328767123,0.9898605830164765,0.9887659079465945,0.0010946750698820895,0.32326642552425106,0.36714330979888277,0.34435274910587127,0.02192188717650456,1,0.987004946635936,0.9849598547464327,0.9859824006911844,0.0010225459447516516,0.3688212927756654,0.4095890410958904,0.38841342988808425,0.020368492291345755,2,0.9876712328767123,0.9898605830164765,0.9887659079465945,0.0010946750698820895,0.3352340406410148,0.38159883739268396,0.3575160035302304,0.023164904713603614,2,0.9864450332830714,0.9870301391008052,0.9867375861919383,0.00029255290886687213,0.5118939315568746,0.5596992771556123,0.5348681924436938,0.0238846356110853,3,0.6659623904841436,0.6155175128039465,0.6407399516440451,0.02522243884009856
0,1,"SVC-split_x_y_split_with_bag_of_words-{'C': [1e-05, 0.01, 1.0, 100.0, 10000.0, 1000000.0], 'kernel': ['linear'], 'probability': [True]}-(4 of 5)",3.8960211277008057,0.2967405319213867,4.841379880905151,0.40861010551452637,1e-05,linear,True,"{'C': 1e-05, 'kernel': 'linear', 'probability': True}",0.09529860228716645,0.10245901639344263,0.09874917709019092,0.0035778594191318053,5,0.10245901639344263,0.09529860228716645,0.09887880934030455,0.003580207053138086,0.009081823597887527,0.010497850040311745,0.009764201054012957,0.0007075489587014932,5,0.010497850040311745,0.009081823597887527,0.009789836819099635,0.0007080132212121089,0.09529860228716645,0.10245901639344263,0.09874917709019092,0.0035778594191318053,5,0.10245901639344263,0.09529860228716645,0.09887880934030455,0.003580207053138086,0.016583283460643816,0.019044426838929856,0.017769298571180606,0.0012297647715816275,5,0.019044426838929856,0.016583283460643816,0.017813855149786836,0.0012305716891430202,0.2622982882966301,0.2899369795764407,0.275617262632918,0.013810283938923416,6,0.3109129297617413,0.28618916901618446,0.2985510493889629,0.012361880372778411
1,1,"SVC-split_x_y_split_with_bag_of_words-{'C': [1e-05, 0.01, 1.0, 100.0, 10000.0, 1000000.0], 'kernel': ['linear'], 'probability': [True]}-(4 of 5)",7.165587902069092,0.553924560546875,6.04488742351532,0.14422237873077393,0.01,linear,True,"{'C': 0.01, 'kernel': 'linear', 'probability': True}",0.09529860228716645,0.10245901639344263,0.09874917709019092,0.0035778594191318053,5,0.10245901639344263,0.09529860228716645,0.09887880934030455,0.003580207053138086,0.009081823597887527,0.010497850040311745,0.009764201054012957,0.0007075489587014932,5,0.010497850040311745,0.009081823597887527,0.009789836819099635,0.0007080132212121089,0.09529860228716645,0.10245901639344263,0.09874917709019092,0.0035778594191318053,5,0.10245901639344263,0.09529860228716645,0.09887880934030455,0.003580207053138086,0.016583283460643816,0.019044426838929856,0.017769298571180606,0.0012297647715816275,5,0.019044426838929856,0.016583283460643816,0.017813855149786836,0.0012305716891430202,0.26743502391742163,0.28981283906273864,0.2782188031711228,0.011181570717688707,5,0.32802006920676846,0.3069292812956404,0.31747467525120443,0.01054539395556403
2,1,"SVC-split_x_y_split_with_bag_of_words-{'C': [1e-05, 0.01, 1.0, 100.0, 10000.0, 1000000.0], 'kernel': ['linear'], 'probability': [True]}-(4 of 5)",8.233051419258118,0.3680814504623413,5.593868970870972,1.1169707775115967,1.0,linear,True,"{'C': 1.0, 'kernel': 'linear', 'probability': True}",0.21601016518424396,0.24180327868852458,0.228439763001975,0.012888100147607141,1,0.9098360655737705,0.9250317662007624,0.9174339158872664,0.0075978503134959685,0.17786167116108506,0.20247192247039125,0.18972125243719573,0.012297056866728356,4,0.9238511765087283,0.9362150989762653,0.9300331377424969,0.006181961233768518,0.21601016518424396,0.24180327868852458,0.228439763001975,0.012888100147607141,1,0.9098360655737705,0.9250317662007624,0.9174339158872664,0.0075978503134959685,0.1802107723899545,0.2056076559339446,0.19244942858100175,0.012690115076558647,1,0.9078961701707857,0.9219594903231355,0.9149278302469606,0.007031660076174895,0.29177301369342323,0.3073863728134637,0.29929702875324526,0.007801560519099074,1,0.43314589507224355,0.4092902527693742,0.4212180739208089,0.011927821151434675
3,1,"SVC-split_x_y_split_with_bag_of_words-{'C': [1e-05, 0.01, 1.0, 100.0, 10000.0, 1000000.0], 'kernel': ['linear'], 'probability': [True]}-(4 of 5)",8.040816187858582,0.5955768823623657,5.732277750968933,0.24803078174591064,100.0,linear,True,"{'C': 100.0, 'kernel': 'linear', 'probability': True}",0.19949174078780177,0.226775956284153,0.21263989466754443,0.013633162266645746,2,0.9412568306010929,0.9479034307496823,0.9445801306753876,0.0033233000742947105,0.17473192595083972,0.21983478621661842,0.19646681318885814,0.02253664257912934,1,0.9559850660324544,0.9603770385302518,0.9581810522813531,0.002195986248898718,0.19949174078780177,0.226775956284153,0.21263989466754443,0.013633162266645746,2,0.9412568306010929,0.9479034307496823,0.9445801306753876,0.0033233000742947105,0.17359185535278362,0.2116710020881933,0.19194204324634512,0.019027088628906307,2,0.9418818544808978,0.9468616882936913,0.9443717713872946,0.002489916906396772,0.2934924083818255,0.29652566884960607,0.29495412442028196,0.0015156357403710047,3,0.439969777133079,0.4023974581137911,0.42118361762343504,0.018786159509643963
4,1,"SVC-split_x_y_split_with_bag_of_words-{'C': [1e-05, 0.01, 1.0, 100.0, 10000.0, 1000000.0], 'kernel': ['linear'], 'probability': [True]}-(4 of 5)",8.27503526210785,0.2984665632247925,4.98370623588562,0.9598398208618164,10000.0,linear,True,"{'C': 10000.0, 'kernel': 'linear', 'probability': True}",0.19949174078780177,0.226775956284153,0.21263989466754443,0.013633162266645746,2,0.9412568306010929,0.9479034307496823,0.9445801306753876,0.0033233000742947105,0.17473192595083972,0.21983478621661842,0.19646681318885814,0.02253664257912934,1,0.9559850660324544,0.9603770385302518,0.9581810522813531,0.002195986248898718,0.19949174078780177,0.226775956284153,0.21263989466754443,0.013633162266645746,2,0.9412568306010929,0.9479034307496823,0.9445801306753876,0.0033233000742947105,0.17359185535278362,0.2116710020881933,0.19194204324634512,0.019027088628906307,2,0.9418818544808978,0.9468616882936913,0.9443717713872946,0.002489916906396772,0.29273444135587173,0.3060864363226869,0.2991687141114403,0.0066716198598552896,2,0.4351131846885935,0.4055818233514904,0.42034750402004195,0.01476568066855155
5,1,"SVC-split_x_y_split_with_bag_of_words-{'C': [1e-05, 0.01, 1.0, 100.0, 10000.0, 1000000.0], 'kernel': ['linear'], 'probability': [True]}-(4 of 5)",8.14578378200531,0.6510099172592163,6.2487863302230835,0.11465609073638916,1000000.0,linear,True,"{'C': 1000000.0, 'kernel': 'linear', 'probability': True}",0.19949174078780177,0.226775956284153,0.21263989466754443,0.013633162266645746,2,0.9412568306010929,0.9479034307496823,0.9445801306753876,0.0033233000742947105,0.17473192595083972,0.21983478621661842,0.19646681318885814,0.02253664257912934,1,0.9559850660324544,0.9603770385302518,0.9581810522813531,0.002195986248898718,0.19949174078780177,0.226775956284153,0.21263989466754443,0.013633162266645746,2,0.9412568306010929,0.9479034307496823,0.9445801306753876,0.0033233000742947105,0.17359185535278362,0.2116710020881933,0.19194204324634512,0.019027088628906307,2,0.9418818544808978,0.9468616882936913,0.9443717713872946,0.002489916906396772,0.28699529836971754,0.303384417794498,0.29489314920509563,0.00818918632845969,4,0.4201027186571221,0.4031240615017021,0.4116133900794121,0.00848932857771001
0,2,"SVC-split_x_y_split_with_bag_of_words-{'C': [1e-05, 0.01, 1.0, 100.0, 10000.0, 1000000.0], 'kernel': ['linear'], 'probability': [True]}-(4 of 5)",3.9131335020065308,0.33818066120147705,5.143483996391296,0.52350914478302,1e-05,linear,True,"{'C': 1e-05, 'kernel': 'linear', 'probability': True}",0.09481668773704172,0.10164835164835165,0.09809084924292298,0.00341289282470671,5,0.10164835164835165,0.09481668773704172,0.09823251969269668,0.003415831955654966,0.008990204273423678,0.010332387392826953,0.009633462542630778,0.0006705141232241299,5,0.010332387392826953,0.008990204273423678,0.009661295833125316,0.0006710915597016379,0.09481668773704172,0.10164835164835165,0.09809084924292298,0.00341289282470671,5,0.10164835164835165,0.09481668773704172,0.09823251969269668,0.003415831955654966,0.016423213811265887,0.018758049930119754,0.017542213610163594,0.0011664135619596815,5,0.018758049930119754,0.016423213811265887,0.01759063187069282,0.0011674180594269338,0.2697019580700888,0.27020277854095054,0.2699419826275525,0.00025019477153151833,6,0.3112681802279528,0.2806529051109028,0.2959605426694278,0.015307637558524989
1,2,"SVC-split_x_y_split_with_bag_of_words-{'C': [1e-05, 0.01, 1.0, 100.0, 10000.0, 1000000.0], 'kernel': ['linear'], 'probability': [True]}-(4 of 5)",6.921055436134338,0.8084269762039185,6.2781665325164795,0.5774834156036377,0.01,linear,True,"{'C': 0.01, 'kernel': 'linear', 'probability': True}",0.09481668773704172,0.10164835164835165,0.09809084924292298,0.00341289282470671,5,0.10164835164835165,0.09481668773704172,0.09823251969269668,0.003415831955654966,0.008990204273423678,0.010332387392826953,0.009633462542630778,0.0006705141232241299,5,0.010332387392826953,0.008990204273423678,0.009661295833125316,0.0006710915597016379,0.09481668773704172,0.10164835164835165,0.09809084924292298,0.00341289282470671,5,0.10164835164835165,0.09481668773704172,0.09823251969269668,0.003415831955654966,0.016423213811265887,0.018758049930119754,0.017542213610163594,0.0011664135619596815,5,0.018758049930119754,0.016423213811265887,0.01759063187069282,0.0011674180594269338,0.2764097553041982,0.2806493736975832,0.2784416461471108,0.0021179852203097927,5,0.33753530684115063,0.3102745771718228,0.3239049420064867,0.013630364834663927
2,2,"SVC-split_x_y_split_with_bag_of_words-{'C': [1e-05, 0.01, 1.0, 100.0, 10000.0, 1000000.0], 'kernel': ['linear'], 'probability': [True]}-(4 of 5)",7.750270247459412,0.5679928064346313,4.8577563762664795,0.8118338584899902,1.0,linear,True,"{'C': 1.0, 'kernel': 'linear', 'probability': True}",0.1845764854614412,0.22527472527472528,0.20408163265306123,0.020331610635441394,1,0.9313186813186813,0.9380530973451328,0.934685889331907,0.0033672080132257087,0.14800091912369848,0.19820515810863235,0.17206193688606308,0.025080520532908927,1,0.9440751011320953,0.9567899139481026,0.950432507540099,0.006357406408003696,0.1845764854614412,0.22527472527472528,0.20408163265306123,0.020331610635441394,1,0.9313186813186813,0.9380530973451328,0.934685889331907,0.0033672080132257087,0.15481726383579714,0.19982953744632284,0.17638996639568041,0.022486771542548297,1,0.9314777024952903,0.9426042075374818,0.9370409550163861,0.005563252521095741,0.28972272190159104,0.3008961030761696,0.29507770642765635,0.0055818835547957,2,0.420790269461385,0.39554568959687275,0.40816797952912887,0.012622289932256114
3,2,"SVC-split_x_y_split_with_bag_of_words-{'C': [1e-05, 0.01, 1.0, 100.0, 10000.0, 1000000.0], 'kernel': ['linear'], 'probability': [True]}-(4 of 5)",7.762875199317932,0.9731069803237915,5.509588122367859,0.15257108211517334,100.0,linear,True,"{'C': 100.0, 'kernel': 'linear', 'probability': True}",0.17572692793931732,0.20054945054945056,0.18762343647136273,0.01240058211396993,2,0.9656593406593407,0.9633375474083439,0.9644984440338422,0.0011608966254983977,0.14811436709633177,0.18489734271255384,0.1657430743041064,0.01837566296903726,2,0.9753627969406387,0.9792341970645119,0.9772984970025753,0.0019357000619366072,0.17572692793931732,0.20054945054945056,0.18762343647136273,0.01240058211396993,2,0.9656593406593407,0.9633375474083439,0.9644984440338422,0.0011608966254983977,0.15304543096773346,0.18617112026687982,0.16892133735995107,0.01654859325491071,2,0.967016452493641,0.9681160941375934,0.9675662733156172,0.000549820821976188,0.2859868706230228,0.3007401216202229,0.29305755312859333,0.0073702783279610655,4,0.4198283542219315,0.4038999245753362,0.41186413939863387,0.00796421482329765
4,2,"SVC-split_x_y_split_with_bag_of_words-{'C': [1e-05, 0.01, 1.0, 100.0, 10000.0, 1000000.0], 'kernel': ['linear'], 'probability': [True]}-(4 of 5)",8.060123682022095,0.39418482780456543,4.783591389656067,0.9495164155960083,10000.0,linear,True,"{'C': 10000.0, 'kernel': 'linear', 'probability': True}",0.17572692793931732,0.20054945054945056,0.18762343647136273,0.01240058211396993,2,0.9656593406593407,0.9633375474083439,0.9644984440338422,0.0011608966254983977,0.14811436709633177,0.18489734271255384,0.1657430743041064,0.01837566296903726,2,0.9753627969406387,0.9792341970645119,0.9772984970025753,0.0019357000619366072,0.17572692793931732,0.20054945054945056,0.18762343647136273,0.01240058211396993,2,0.9656593406593407,0.9633375474083439,0.9644984440338422,0.0011608966254983977,0.15304543096773346,0.18617112026687982,0.16892133735995107,0.01654859325491071,2,0.967016452493641,0.9681160941375934,0.9675662733156172,0.000549820821976188,0.28989198486900913,0.2994810078585699,0.2944876456566327,0.004790386087764167,3,0.4238061233295354,0.39978505264315783,0.41179558798634663,0.01201053534318877
5,2,"SVC-split_x_y_split_with_bag_of_words-{'C': [1e-05, 0.01, 1.0, 100.0, 10000.0, 1000000.0], 'kernel': ['linear'], 'probability': [True]}-(4 of 5)",7.9095224142074585,1.0202471017837524,4.775061845779419,0.00727534294128418,1000000.0,linear,True,"{'C': 1000000.0, 'kernel': 'linear', 'probability': True}",0.17572692793931732,0.20054945054945056,0.18762343647136273,0.01240058211396993,2,0.9656593406593407,0.9633375474083439,0.9644984440338422,0.0011608966254983977,0.14811436709633177,0.18489734271255384,0.1657430743041064,0.01837566296903726,2,0.9753627969406387,0.9792341970645119,0.9772984970025753,0.0019357000619366072,0.17572692793931732,0.20054945054945056,0.18762343647136273,0.01240058211396993,2,0.9656593406593407,0.9633375474083439,0.9644984440338422,0.0011608966254983977,0.15304543096773346,0.18617112026687982,0.16892133735995107,0.01654859325491071,2,0.967016452493641,0.9681160941375934,0.9675662733156172,0.000549820821976188,0.2891434276213305,0.3039001873149903,0.2962157917141444,0.007372031166673109,1,0.42922814044283664,0.4028857577503838,0.41605694909661023,0.013171191346226407
0,3,"SVC-split_x_y_split_with_bag_of_words-{'C': [1e-05, 0.01, 1.0, 100.0, 10000.0, 1000000.0], 'kernel': ['linear'], 'probability': [True]}-(4 of 5)",3.6850441694259644,0.32732975482940674,4.531073212623596,0.31428682804107666,1e-05,linear,True,"{'C': 1e-05, 'kernel': 'linear', 'probability': True}",0.12706480304955528,0.1366120218579235,0.1316655694535879,0.004770479225509073,6,0.1366120218579235,0.12706480304955528,0.1318384124537394,0.004773609404184115,0.016145464174022274,0.01866284451610977,0.017358579651578592,0.0012578648154693204,6,0.01866284451610977,0.016145464174022274,0.017404154345066022,0.0012586901710437484,0.12706480304955528,0.1366120218579235,0.1316655694535879,0.004770479225509073,6,0.1366120218579235,0.12706480304955528,0.1318384124537394,0.004773609404184115,0.028650462919854628,0.032839428331231615,0.030669108529550453,0.0020931092994154873,6,0.032839428331231615,0.028650462919854628,0.03074494562554312,0.0020944827056884937,0.3402696933831595,0.36265059050611015,0.35105495782950574,0.011183110696039467,6,0.3953481473909283,0.3668785391843807,0.38111334328765445,0.014234804103273796
1,3,"SVC-split_x_y_split_with_bag_of_words-{'C': [1e-05, 0.01, 1.0, 100.0, 10000.0, 1000000.0], 'kernel': ['linear'], 'probability': [True]}-(4 of 5)",7.006335020065308,0.5559787750244141,6.28486430644989,0.35226213932037354,0.01,linear,True,"{'C': 0.01, 'kernel': 'linear', 'probability': True}",0.2020330368487929,0.22404371584699453,0.21263989466754443,0.01099812301444636,5,0.22404371584699453,0.20076238881829733,0.21240305233264595,0.011640663514348601,0.049414877444329014,0.0579260658027724,0.053516384935033794,0.0042528036764759615,5,0.056751494779835196,0.05024806534427296,0.05349978006205408,0.0032517147177811186,0.2020330368487929,0.22404371584699453,0.21263989466754443,0.01099812301444636,5,0.22404371584699453,0.20076238881829733,0.21240305233264595,0.011640663514348601,0.07879479262525575,0.09131133097468609,0.08482646219193318,0.006254165466377367,5,0.0900737103247554,0.07956971383010845,0.08482171207743193,0.005251998247323475,0.3485367444966757,0.3701876678580227,0.35897023751873364,0.010818363146539008,5,0.4233915343344157,0.3823920099720135,0.4028917721532146,0.020499762181201087
2,3,"SVC-split_x_y_split_with_bag_of_words-{'C': [1e-05, 0.01, 1.0, 100.0, 10000.0, 1000000.0], 'kernel': ['linear'], 'probability': [True]}-(4 of 5)",7.819748878479004,0.5242626667022705,4.686829090118408,0.6681697368621826,1.0,linear,True,"{'C': 1.0, 'kernel': 'linear', 'probability': True}",0.27064803049555275,0.28005464480874315,0.27518104015799866,0.00470022307691519,1,0.9549180327868853,0.9504447268106735,0.9526813797987794,0.0022366529881058805,0.22004512039283072,0.2177843866778014,0.21895568189421222,0.001129625646843078,4,0.9593957176463648,0.9533143699824735,0.9563550438144192,0.0030406738319456172,0.27064803049555275,0.28005464480874315,0.27518104015799866,0.00470022307691519,1,0.9549180327868853,0.9504447268106735,0.9526813797987794,0.0022366529881058805,0.22410361201874995,0.2326428955270232,0.22821865844933323,0.004266842040034089,1,0.9543145148797255,0.9493071308071691,0.9518108228434473,0.0025036920362782045,0.3632781058075255,0.38611199550256886,0.3742816655552356,0.011409458462635533,1,0.5250051745746954,0.4508009493994197,0.4879030619870576,0.03710211258763785
3,3,"SVC-split_x_y_split_with_bag_of_words-{'C': [1e-05, 0.01, 1.0, 100.0, 10000.0, 1000000.0], 'kernel': ['linear'], 'probability': [True]}-(4 of 5)",8.066196203231812,1.002634048461914,5.413087725639343,0.448921799659729,100.0,linear,True,"{'C': 100.0, 'kernel': 'linear', 'probability': True}",0.2630241423125794,0.24726775956284153,0.2554312047399605,0.007873025441808339,2,0.9863387978142076,0.9822109275730623,0.984274862693635,0.0020639351205726797,0.2278893173225689,0.2108732335355502,0.2196893348787916,0.008502462951236002,1,0.9868534304862755,0.9818898944361176,0.9843716624611966,0.0024817680250789342,0.2630241423125794,0.24726775956284153,0.2554312047399605,0.007873025441808339,2,0.9863387978142076,0.9822109275730623,0.984274862693635,0.0020639351205726797,0.22742497804591802,0.22171456365475134,0.22467315228269613,0.002853334962662773,2,0.9860204602895846,0.9813940624224472,0.9837072613560158,0.002313198933568683,0.3645380242062119,0.38361221043833993,0.37372979795335987,0.009530839398391259,3,0.5192207805589283,0.4341238945036101,0.4766723375312692,0.04254844302765909
4,3,"SVC-split_x_y_split_with_bag_of_words-{'C': [1e-05, 0.01, 1.0, 100.0, 10000.0, 1000000.0], 'kernel': ['linear'], 'probability': [True]}-(4 of 5)",8.13206434249878,0.3731424808502197,4.384545564651489,0.6750314235687256,10000.0,linear,True,"{'C': 10000.0, 'kernel': 'linear', 'probability': True}",0.2630241423125794,0.24726775956284153,0.2554312047399605,0.007873025441808339,2,0.9863387978142076,0.9822109275730623,0.984274862693635,0.0020639351205726797,0.2278893173225689,0.2108732335355502,0.2196893348787916,0.008502462951236002,1,0.9868534304862755,0.9818898944361176,0.9843716624611966,0.0024817680250789342,0.2630241423125794,0.24726775956284153,0.2554312047399605,0.007873025441808339,2,0.9863387978142076,0.9822109275730623,0.984274862693635,0.0020639351205726797,0.22742497804591802,0.22171456365475134,0.22467315228269613,0.002853334962662773,2,0.9860204602895846,0.9813940624224472,0.9837072613560158,0.002313198933568683,0.36271572676818725,0.3854503732107952,0.3736714615910898,0.011359869374596621,4,0.527413739975232,0.44319521047643107,0.48530447522583153,0.042109264749400466
5,3,"SVC-split_x_y_split_with_bag_of_words-{'C': [1e-05, 0.01, 1.0, 100.0, 10000.0, 1000000.0], 'kernel': ['linear'], 'probability': [True]}-(4 of 5)",8.00290822982788,0.8822917938232422,4.930759072303772,0.09016311168670654,1000000.0,linear,True,"{'C': 1000000.0, 'kernel': 'linear', 'probability': True}",0.2630241423125794,0.24726775956284153,0.2554312047399605,0.007873025441808339,2,0.9863387978142076,0.9822109275730623,0.984274862693635,0.0020639351205726797,0.2278893173225689,0.2108732335355502,0.2196893348787916,0.008502462951236002,1,0.9868534304862755,0.9818898944361176,0.9843716624611966,0.0024817680250789342,0.2630241423125794,0.24726775956284153,0.2554312047399605,0.007873025441808339,2,0.9863387978142076,0.9822109275730623,0.984274862693635,0.0020639351205726797,0.22742497804591802,0.22171456365475134,0.22467315228269613,0.002853334962662773,2,0.9860204602895846,0.9813940624224472,0.9837072613560158,0.002313198933568683,0.36487466458470624,0.3839103221878643,0.37404787154027686,0.009511587716013613,2,0.5179459619384361,0.4478940021771055,0.4829199820577708,0.0350259798806653
0,4,"SVC-split_x_y_split_with_bag_of_words-{'C': [1e-05, 0.01, 1.0, 100.0, 10000.0, 1000000.0], 'kernel': ['linear'], 'probability': [True]}-(4 of 5)",3.326221466064453,0.2655954360961914,4.051716566085815,0.41306424140930176,1e-05,linear,True,"{'C': 1e-05, 'kernel': 'linear', 'probability': True}",0.2740076824583867,0.2899728997289973,0.2817643186306781,0.007979409569035189,5,0.2899728997289973,0.2740076824583867,0.281990291093692,0.00798260863530531,0.07508021004621607,0.08408428257724312,0.0794548022304807,0.004500232054256049,5,0.08408428257724312,0.07508021004621607,0.0795822463117296,0.004502036265513529,0.2740076824583867,0.2899728997289973,0.2817643186306781,0.007979409569035189,5,0.2899728997289973,0.2740076824583867,0.281990291093692,0.00798260863530531,0.11786461114792914,0.13036596752522148,0.12393834452939177,0.006248173201282736,5,0.13036596752522148,0.11786461114792914,0.12411528933657531,0.006250678188646171,0.44317990874834085,0.46660776625686834,0.4545622384661112,0.011709234344694093,6,0.5089950057479703,0.5024386158747055,0.5057168108113379,0.003278194936632395
1,4,"SVC-split_x_y_split_with_bag_of_words-{'C': [1e-05, 0.01, 1.0, 100.0, 10000.0, 1000000.0], 'kernel': ['linear'], 'probability': [True]}-(4 of 5)",7.1868733167648315,0.7936884164810181,5.382453083992004,0.19257962703704834,0.01,linear,True,"{'C': 0.01, 'kernel': 'linear', 'probability': True}",0.2740076824583867,0.2899728997289973,0.2817643186306781,0.007979409569035189,5,0.2899728997289973,0.2740076824583867,0.281990291093692,0.00798260863530531,0.07508021004621607,0.08408428257724312,0.0794548022304807,0.004500232054256049,5,0.08408428257724312,0.07508021004621607,0.0795822463117296,0.004502036265513529,0.2740076824583867,0.2899728997289973,0.2817643186306781,0.007979409569035189,5,0.2899728997289973,0.2740076824583867,0.281990291093692,0.00798260863530531,0.11786461114792914,0.13036596752522148,0.12393834452939177,0.006248173201282736,5,0.13036596752522148,0.11786461114792914,0.12411528933657531,0.006250678188646171,0.46266352909669084,0.47302340479247357,0.4676968327592897,0.005177861964529473,5,0.5498307032815,0.5246924340656378,0.5372615686735689,0.012569134607931076
2,4,"SVC-split_x_y_split_with_bag_of_words-{'C': [1e-05, 0.01, 1.0, 100.0, 10000.0, 1000000.0], 'kernel': ['linear'], 'probability': [True]}-(4 of 5)",7.920573949813843,0.4813807010650635,4.506348729133606,0.8608938455581665,1.0,linear,True,"{'C': 1.0, 'kernel': 'linear', 'probability': True}",0.353393085787452,0.3983739837398374,0.37524687294272546,0.022481435827733764,1,0.9539295392953929,0.9615877080665813,0.9577586236809872,0.003829084385594206,0.3045742266740857,0.3447549299694765,0.3240958586898845,0.02008230034902259,1,0.955413502415535,0.9633094471578316,0.9593614747866833,0.003947972371148301,0.353393085787452,0.3983739837398374,0.37524687294272546,0.022481435827733764,1,0.9539295392953929,0.9615877080665813,0.9577586236809872,0.003829084385594206,0.3181712269044188,0.3633734677280171,0.34013255259751657,0.022592062911265233,1,0.9517194786104402,0.9608149580742066,0.9562672183423233,0.004547739731883216,0.46789242902999834,0.4957793733725371,0.4814411880324958,0.013937884262159785,1,0.644658883466037,0.6396410317276281,0.6421499575968326,0.002508925869204426
3,4,"SVC-split_x_y_split_with_bag_of_words-{'C': [1e-05, 0.01, 1.0, 100.0, 10000.0, 1000000.0], 'kernel': ['linear'], 'probability': [True]}-(4 of 5)",8.03968608379364,1.043254017829895,5.025797486305237,0.08529365062713623,100.0,linear,True,"{'C': 100.0, 'kernel': 'linear', 'probability': True}",0.3213828425096031,0.37669376693766937,0.34825543120473995,0.027644379163316836,2,0.981029810298103,0.9769526248399488,0.9789912175690259,0.0020385927290770822,0.29590456242056506,0.34297101927836654,0.3187716099261987,0.023523797381891746,2,0.9819290456238493,0.978068438839228,0.9799987422315386,0.0019303033923106505,0.3213828425096031,0.37669376693766937,0.34825543120473995,0.027644379163316836,2,0.981029810298103,0.9769526248399488,0.9789912175690259,0.0020385927290770822,0.30346289853945985,0.3560615417731689,0.32901773639757526,0.0262887820455746,2,0.9799198899595144,0.9762567484572229,0.9780883192083687,0.0018315707511457613,0.46490543899972037,0.49465814770194516,0.4793606720624208,0.01487039258527854,2,0.6539428434935468,0.6432393079809925,0.6485910757372697,0.005351767756277159
4,4,"SVC-split_x_y_split_with_bag_of_words-{'C': [1e-05, 0.01, 1.0, 100.0, 10000.0, 1000000.0], 'kernel': ['linear'], 'probability': [True]}-(4 of 5)",8.190582394599915,0.19725358486175537,4.175194025039673,0.7202961444854736,10000.0,linear,True,"{'C': 10000.0, 'kernel': 'linear', 'probability': True}",0.3213828425096031,0.37669376693766937,0.34825543120473995,0.027644379163316836,2,0.981029810298103,0.9769526248399488,0.9789912175690259,0.0020385927290770822,0.29590456242056506,0.34297101927836654,0.3187716099261987,0.023523797381891746,2,0.9819290456238493,0.978068438839228,0.9799987422315386,0.0019303033923106505,0.3213828425096031,0.37669376693766937,0.34825543120473995,0.027644379163316836,2,0.981029810298103,0.9769526248399488,0.9789912175690259,0.0020385927290770822,0.30346289853945985,0.3560615417731689,0.32901773639757526,0.0262887820455746,2,0.9799198899595144,0.9762567484572229,0.9780883192083687,0.0018315707511457613,0.4591204256305551,0.4931726143809689,0.4756645436672933,0.0170192710914013,4,0.6599057869138355,0.6263981073109715,0.6431519471124034,0.016753839801432024
5,4,"SVC-split_x_y_split_with_bag_of_words-{'C': [1e-05, 0.01, 1.0, 100.0, 10000.0, 1000000.0], 'kernel': ['linear'], 'probability': [True]}-(4 of 5)",8.08881413936615,0.957412600517273,4.446485638618469,0.030835986137390137,1000000.0,linear,True,"{'C': 1000000.0, 'kernel': 'linear', 'probability': True}",0.3213828425096031,0.37669376693766937,0.34825543120473995,0.027644379163316836,2,0.981029810298103,0.9769526248399488,0.9789912175690259,0.0020385927290770822,0.29590456242056506,0.34297101927836654,0.3187716099261987,0.023523797381891746,2,0.9819290456238493,0.978068438839228,0.9799987422315386,0.0019303033923106505,0.3213828425096031,0.37669376693766937,0.34825543120473995,0.027644379163316836,2,0.981029810298103,0.9769526248399488,0.9789912175690259,0.0020385927290770822,0.30346289853945985,0.3560615417731689,0.32901773639757526,0.0262887820455746,2,0.9799198899595144,0.9762567484572229,0.9780883192083687,0.0018315707511457613,0.4572875308796658,0.4954158564976155,0.4758120235103747,0.019056522760089012,3,0.6370734722758015,0.6338128538655827,0.635443163070692,0.0016303092051093704
0,5,"SVC-split_x_y_split_with_bag_of_words-{'C': [1e-05, 0.01, 1.0, 100.0, 10000.0, 1000000.0], 'kernel': ['linear'], 'probability': [True]}-(4 of 5)",3.067181944847107,0.2808183431625366,3.665162205696106,0.37782609462738037,1e-05,linear,True,"{'C': 1e-05, 'kernel': 'linear', 'probability': True}",0.4574742268041237,0.477792732166891,0.467412771560237,0.010156854978580907,5,0.477792732166891,0.4574742268041237,0.4676334794855074,0.010159252681383651,0.2092826681900308,0.22828589491150245,0.21857786072067822,0.009499370868526985,5,0.22828589491150245,0.2092826681900308,0.21878428155076662,0.009501613360735822,0.4574742268041237,0.477792732166891,0.467412771560237,0.010156854978580907,5,0.477792732166891,0.4574742268041237,0.4676334794855074,0.010159252681383651,0.28718541205210246,0.30895522753961074,0.29783384714572897,0.010882338777844608,5,0.30895522753961074,0.28718541205210246,0.29807031979585663,0.01088490774375414,0.6199647630831123,0.6387546328859697,0.629155594724668,0.009392717586587591,6,0.6847773453539867,0.6654361879057478,0.6751067666298672,0.009670578724119472
1,5,"SVC-split_x_y_split_with_bag_of_words-{'C': [1e-05, 0.01, 1.0, 100.0, 10000.0, 1000000.0], 'kernel': ['linear'], 'probability': [True]}-(4 of 5)",8.21353793144226,0.8480815887451172,4.452181696891785,0.102699875831604,0.01,linear,True,"{'C': 0.01, 'kernel': 'linear', 'probability': True}",0.4574742268041237,0.477792732166891,0.467412771560237,0.010156854978580907,5,0.477792732166891,0.4574742268041237,0.4676334794855074,0.010159252681383651,0.2092826681900308,0.22828589491150245,0.21857786072067822,0.009499370868526985,5,0.22828589491150245,0.2092826681900308,0.21878428155076662,0.009501613360735822,0.4574742268041237,0.477792732166891,0.467412771560237,0.010156854978580907,5,0.477792732166891,0.4574742268041237,0.4676334794855074,0.010159252681383651,0.28718541205210246,0.30895522753961074,0.29783384714572897,0.010882338777844608,5,0.30895522753961074,0.28718541205210246,0.29807031979585663,0.01088490774375414,0.6296602963438112,0.6539340806936306,0.6415335167334858,0.01213402772598841,1,0.7037067671740911,0.6883995798079029,0.6960531734909969,0.007653593683094095
2,5,"SVC-split_x_y_split_with_bag_of_words-{'C': [1e-05, 0.01, 1.0, 100.0, 10000.0, 1000000.0], 'kernel': ['linear'], 'probability': [True]}-(4 of 5)",9.09810197353363,0.9495352506637573,4.0462387800216675,0.6131471395492554,1.0,linear,True,"{'C': 1.0, 'kernel': 'linear', 'probability': True}",0.4948453608247423,0.5208613728129206,0.5075707702435813,0.013004935952088181,1,0.9811574697173621,0.9780927835051546,0.9796251266112583,0.0015323431061037285,0.4458915692185108,0.46897339015203326,0.45718175549474993,0.011538186676514031,4,0.9814040575117583,0.9787817430241555,0.9800929002679569,0.0013111572438013752,0.4948453608247423,0.5208613728129206,0.5075707702435813,0.013004935952088181,1,0.9811574697173621,0.9780927835051546,0.9796251266112583,0.0015323431061037285,0.46525877079062977,0.49030660833835576,0.4775106096964628,0.012520962982124451,1,0.9807264420208581,0.9774305124337969,0.9790784772273275,0.0016479647935306319,0.6209775625377147,0.6426442961509062,0.6315755764117117,0.010830810004951966,4,0.7586669625362178,0.7157011134088752,0.7371840379725465,0.02148292456367129
3,5,"SVC-split_x_y_split_with_bag_of_words-{'C': [1e-05, 0.01, 1.0, 100.0, 10000.0, 1000000.0], 'kernel': ['linear'], 'probability': [True]}-(4 of 5)",9.080187320709229,1.1043591499328613,4.448099970817566,0.3791273832321167,100.0,linear,True,"{'C': 100.0, 'kernel': 'linear', 'probability': True}",0.47551546391752575,0.5100942126514132,0.4924292297564187,0.017285293871785522,2,0.9946164199192463,0.9935567010309279,0.994086560475087,0.0005298594441592308,0.4411859174741008,0.4806230168327132,0.46047608523147343,0.019713895870279597,1,0.994696665442026,0.9938610081470327,0.9942788367945293,0.00041782864749662085,0.47551546391752575,0.5100942126514132,0.4924292297564187,0.017285293871785522,2,0.9946164199192463,0.9935567010309279,0.994086560475087,0.0005298594441592308,0.4544163345186597,0.4918626834800217,0.4727327514233944,0.01871875559187722,2,0.9945057849561239,0.9931449362037474,0.9938253605799356,0.0006804243761882045,0.6210233877189757,0.6431848174813812,0.6318633760754387,0.011078099702511944,3,0.7553762550081078,0.7299495312206387,0.7426628931143733,0.012713361893734565
4,5,"SVC-split_x_y_split_with_bag_of_words-{'C': [1e-05, 0.01, 1.0, 100.0, 10000.0, 1000000.0], 'kernel': ['linear'], 'probability': [True]}-(4 of 5)",9.155534625053406,0.6130870580673218,3.669234275817871,0.07622694969177246,10000.0,linear,True,"{'C': 10000.0, 'kernel': 'linear', 'probability': True}",0.47551546391752575,0.5100942126514132,0.4924292297564187,0.017285293871785522,2,0.9946164199192463,0.9935567010309279,0.994086560475087,0.0005298594441592308,0.4411859174741008,0.4806230168327132,0.46047608523147343,0.019713895870279597,1,0.994696665442026,0.9938610081470327,0.9942788367945293,0.00041782864749662085,0.47551546391752575,0.5100942126514132,0.4924292297564187,0.017285293871785522,2,0.9946164199192463,0.9935567010309279,0.994086560475087,0.0005298594441592308,0.4544163345186597,0.4918626834800217,0.4727327514233944,0.01871875559187722,2,0.9945057849561239,0.9931449362037474,0.9938253605799356,0.0006804243761882045,0.6199435082505556,0.6416658134485961,0.6305687042756669,0.010858589239603538,5,0.7643330301870916,0.7251335608752012,0.7447332955311464,0.019599734655945222
5,5,"SVC-split_x_y_split_with_bag_of_words-{'C': [1e-05, 0.01, 1.0, 100.0, 10000.0, 1000000.0], 'kernel': ['linear'], 'probability': [True]}-(4 of 5)",8.386507034301758,0.5060455799102783,3.2236499786376953,0.35272884368896484,1000000.0,linear,True,"{'C': 1000000.0, 'kernel': 'linear', 'probability': True}",0.47551546391752575,0.5100942126514132,0.4924292297564187,0.017285293871785522,2,0.9946164199192463,0.9935567010309279,0.994086560475087,0.0005298594441592308,0.4411859174741008,0.4806230168327132,0.46047608523147343,0.019713895870279597,1,0.994696665442026,0.9938610081470327,0.9942788367945293,0.00041782864749662085,0.47551546391752575,0.5100942126514132,0.4924292297564187,0.017285293871785522,2,0.9946164199192463,0.9935567010309279,0.994086560475087,0.0005298594441592308,0.4544163345186597,0.4918626834800217,0.4727327514233944,0.01871875559187722,2,0.9945057849561239,0.9931449362037474,0.9938253605799356,0.0006804243761882045,0.6190958835692058,0.6454498146422851,0.631986581915024,0.013173855618104788,2,0.7555422458627392,0.7244368840848459,0.7399895649737925,0.01555268088894668
