,column,evaluation_method,mean_fit_time,std_fit_time,mean_score_time,std_score_time,param_C,param_kernel,param_probability,params,split0_test_accuracy,split1_test_accuracy,mean_test_accuracy,std_test_accuracy,rank_test_accuracy,split0_train_accuracy,split1_train_accuracy,mean_train_accuracy,std_train_accuracy,split0_test_hit@5,split1_test_hit@5,mean_test_hit@5,std_test_hit@5,rank_test_hit@5,split0_train_hit@5,split1_train_hit@5,mean_train_hit@5,std_train_hit@5,split0_test_mrr,split1_test_mrr,mean_test_mrr,std_test_mrr,rank_test_mrr,split0_train_mrr,split1_train_mrr,mean_train_mrr,std_train_mrr,split0_test_mdcg,split1_test_mdcg,mean_test_mdcg,std_test_mdcg,rank_test_mdcg,split0_train_mdcg,split1_train_mdcg,mean_train_mdcg,std_train_mdcg
0,0,"SVC-split_x_y_split_with_one_hot_encoding-{'C': [1e-05, 0.001, 0.1, 10.0, 1000.0, 100000.0], 'kernel': ['linear'], 'probability': [True]}-(2 of 5)",7.187316536903381,1.0846408605575562,8.499376654624939,0.7582367658615112,1e-05,linear,True,"{'C': 1e-05, 'kernel': 'linear', 'probability': True}",0.3303684879288437,0.35382513661202186,0.3416721527320606,0.011720633777146194,5,0.35382513661202186,0.3303684879288437,0.34209681227043276,0.011728324341589075,0.6315120711562897,0.6543715846994536,0.6425279789335089,0.011422261985587084,6,0.7254098360655737,0.6658195679796697,0.6956147020226218,0.02979513404295203,0.5105866479235409,0.5216738764844816,0.5159295388429672,0.0055399791897592825,6,0.5705756035666311,0.5214368896793149,0.5460062466229729,0.024569356943658083,0.6098384230016878,0.6223999032696803,0.6158917498984425,0.006276621690871514,6,0.6595247337599756,0.6187654252530708,0.6391450795065232,0.020379654253452395
1,0,"SVC-split_x_y_split_with_one_hot_encoding-{'C': [1e-05, 0.001, 0.1, 10.0, 1000.0, 100000.0], 'kernel': ['linear'], 'probability': [True]}-(2 of 5)",10.497019529342651,0.7672433853149414,10.284193277359009,0.36314868927001953,0.001,linear,True,"{'C': 0.001, 'kernel': 'linear', 'probability': True}",0.3303684879288437,0.35382513661202186,0.3416721527320606,0.011720633777146194,5,0.35382513661202186,0.3303684879288437,0.34209681227043276,0.011728324341589075,0.6327827191867853,0.6680327868852459,0.6497695852534562,0.01761347666043866,4,0.7513661202185792,0.6912325285895807,0.72129932440408,0.030066795814499225,0.5296782303392639,0.564305122042528,0.5463647903963997,0.017302092979118305,5,0.6072110778946703,0.5569178204546792,0.5820644491746747,0.025146628719995567,0.6243386380794259,0.6548653640940857,0.6390493447566681,0.015253354426956077,5,0.6879604115460114,0.6463260458527789,0.6671432286993951,0.020817182846616267
2,0,"SVC-split_x_y_split_with_one_hot_encoding-{'C': [1e-05, 0.001, 0.1, 10.0, 1000.0, 100000.0], 'kernel': ['linear'], 'probability': [True]}-(2 of 5)",19.78129804134369,3.136135458946228,11.687285423278809,1.4801480770111084,0.1,linear,True,"{'C': 0.1, 'kernel': 'linear', 'probability': True}",0.4155019059720457,0.44808743169398907,0.43120473996050035,0.016282079276592056,1,0.4781420765027322,0.42312579415501905,0.45063393532887563,0.027508141173856582,0.6315120711562897,0.6680327868852459,0.6491112574061882,0.018248384077360978,5,0.744535519125683,0.6975857687420585,0.7210606439338707,0.023474875191812294,0.5302421124717447,0.5689738928756062,0.5489068019092869,0.01935319148877668,1,0.6120024688774263,0.5764746220864284,0.5942385454819273,0.017763923395498926,0.6246704222484035,0.6580700595085143,0.6407655733177919,0.016688868128720464,1,0.6903484654792637,0.6595007344268363,0.67492459995305,0.015423865526213665
3,0,"SVC-split_x_y_split_with_one_hot_encoding-{'C': [1e-05, 0.001, 0.1, 10.0, 1000.0, 100000.0], 'kernel': ['linear'], 'probability': [True]}-(2 of 5)",23.472879767417908,2.4271270036697388,11.493119955062866,0.040625572204589844,10.0,linear,True,"{'C': 10.0, 'kernel': 'linear', 'probability': True}",0.409148665819568,0.4412568306010929,0.42462146148782093,0.016043555315316586,2,0.9863387978142076,0.9911054637865311,0.9887221308003693,0.0023833329861617236,0.6353240152477764,0.6775956284153005,0.6556945358788677,0.02112194729083578,1,0.7718579234972678,0.7153748411689962,0.743616382333132,0.028241541164135797,0.5293771872069615,0.567453250223793,0.5477258890689237,0.01902554778065409,2,0.6718198019142027,0.6300483111742285,0.6509340565442157,0.020885745369987052,0.6240373908896527,0.6573078368648718,0.6400702851976583,0.016624314843301655,2,0.7358485446469071,0.7014247841713128,0.71863666440911,0.017211880237797128
4,0,"SVC-split_x_y_split_with_one_hot_encoding-{'C': [1e-05, 0.001, 0.1, 10.0, 1000.0, 100000.0], 'kernel': ['linear'], 'probability': [True]}-(2 of 5)",21.997722148895264,1.36568021774292,9.4633629322052,0.2246711254119873,1000.0,linear,True,"{'C': 1000.0, 'kernel': 'linear', 'probability': True}",0.409148665819568,0.4412568306010929,0.42462146148782093,0.016043555315316586,2,0.9863387978142076,0.9911054637865311,0.9887221308003693,0.0023833329861617236,0.6327827191867853,0.6789617486338798,0.6550362080315998,0.023074374333857776,2,0.7718579234972678,0.7115628970775095,0.7417104102873886,0.03014751320987913,0.5292872373544558,0.5664396158675187,0.5471908193633841,0.018564008370633357,4,0.6699794071070989,0.6258505284095124,0.6479149677583056,0.022064439348793263,0.623972291473387,0.6565192167246255,0.6396565240500207,0.016262791696901258,4,0.7346211096796685,0.6979324057222124,0.7162767577009405,0.01834435197872808
5,0,"SVC-split_x_y_split_with_one_hot_encoding-{'C': [1e-05, 0.001, 0.1, 10.0, 1000.0, 100000.0], 'kernel': ['linear'], 'probability': [True]}-(2 of 5)",20.765555024147034,1.664380431175232,6.926716327667236,0.6013474464416504,100000.0,linear,True,"{'C': 100000.0, 'kernel': 'linear', 'probability': True}",0.409148665819568,0.4412568306010929,0.42462146148782093,0.016043555315316586,2,0.9863387978142076,0.9911054637865311,0.9887221308003693,0.0023833329861617236,0.6327827191867853,0.6762295081967213,0.6537195523370638,0.021709149915502997,3,0.7636612021857924,0.7191867852604829,0.7414239937231376,0.022237208462654756,0.5288335072365677,0.5670213468209881,0.5472360737775788,0.019081399417060916,3,0.672739947677024,0.6278435880939369,0.6502917678854805,0.022448179791543565,0.6236813255228532,0.6569553937631091,0.6397159653858336,0.016626124788213806,3,0.736913207297344,0.6993337728650708,0.7181234900812075,0.018789717216136592
0,1,"SVC-split_x_y_split_with_one_hot_encoding-{'C': [1e-05, 0.001, 0.1, 10.0, 1000.0, 100000.0], 'kernel': ['linear'], 'probability': [True]}-(2 of 5)",6.469090580940247,0.02993619441986084,10.55219566822052,0.04343903064727783,1e-05,linear,True,"{'C': 1e-05, 'kernel': 'linear', 'probability': True}",0.10814249363867684,0.1145975443383356,0.11125740618828177,0.0032255601437605973,5,0.1145975443383356,0.10814249363867684,0.11137001898850622,0.0032275253498293827,0.3575063613231552,0.38472032742155526,0.3706385780118499,0.01359869790105469,6,0.4147339699863574,0.3944020356234097,0.4045680028048836,0.010165967181473862,0.27784165438074687,0.29016451478012756,0.28378810380322617,0.0061576785699714726,6,0.3264345120820372,0.29477680047231636,0.3106056562771768,0.01582885580486043,0.4148169966310882,0.4264414624645332,0.4204264327442647,0.005808693909538024,6,0.45575316293765705,0.4294019755555486,0.44257756924660285,0.013175593691054227
1,1,"SVC-split_x_y_split_with_one_hot_encoding-{'C': [1e-05, 0.001, 0.1, 10.0, 1000.0, 100000.0], 'kernel': ['linear'], 'probability': [True]}-(2 of 5)",9.35547947883606,1.049670696258545,12.172575235366821,1.3126568794250488,0.001,linear,True,"{'C': 0.001, 'kernel': 'linear', 'probability': True}",0.10814249363867684,0.1145975443383356,0.11125740618828177,0.0032255601437605973,5,0.1145975443383356,0.10814249363867684,0.11137001898850622,0.0032275253498293827,0.35877862595419846,0.3942701227830832,0.3759052007899934,0.017734943215815185,5,0.43519781718963163,0.41348600508905853,0.42434191113934505,0.010855906050286551,0.2815470446392841,0.29397220694522197,0.2875428602879032,0.00620879837797531,5,0.34250305058904823,0.31654914935056666,0.3295260999698074,0.012976950619240785,0.41734952074269827,0.42959364160881813,0.42325797406387394,0.0061183327751758035,5,0.4683363199612298,0.4457408630242598,0.45703859149274484,0.011297728468485008
2,1,"SVC-split_x_y_split_with_one_hot_encoding-{'C': [1e-05, 0.001, 0.1, 10.0, 1000.0, 100000.0], 'kernel': ['linear'], 'probability': [True]}-(2 of 5)",11.262145280838013,0.3573133945465088,9.707030773162842,0.13436460494995117,0.1,linear,True,"{'C': 0.1, 'kernel': 'linear', 'probability': True}",0.17557251908396945,0.17871759890859482,0.17709019091507572,0.0015715824093826896,4,0.23874488403819918,0.20483460559796438,0.22178974481808178,0.016955139220117404,0.3651399491094148,0.3942701227830832,0.37919684002633314,0.014556218309420284,4,0.4597544338335607,0.4223918575063613,0.44107314566996103,0.01868128816359968,0.2824198490239102,0.298084594939485,0.28997893971259775,0.00782760390868592,4,0.35620308403923945,0.3434562961854633,0.3498296901123514,0.006373393926888071,0.4178769472190914,0.4326841974892557,0.42502224968652424,0.007399117145997793,4,0.47643176717350255,0.46424517098042556,0.4703384690769641,0.006093298096538496
3,1,"SVC-split_x_y_split_with_one_hot_encoding-{'C': [1e-05, 0.001, 0.1, 10.0, 1000.0, 100000.0], 'kernel': ['linear'], 'probability': [True]}-(2 of 5)",11.525748491287231,1.833383560180664,11.202043056488037,0.5065507888793945,10.0,linear,True,"{'C': 10.0, 'kernel': 'linear', 'probability': True}",0.21246819338422393,0.23192360163710776,0.2218564845292956,0.009721781030226532,1,0.9522510231923602,0.94529262086514,0.9487718220287501,0.0034792011636101128,0.38676844783715014,0.4051841746248295,0.3956550362080316,0.009202256823151359,1,0.5429740791268759,0.5050890585241731,0.5240315688255245,0.018942510301351412,0.2979846774361448,0.3129605303803289,0.30521133985094856,0.0074833671528147004,1,0.4522505677237809,0.43313039524244795,0.4426904814831144,0.009560086240666482,0.4312711139412141,0.44555756019270004,0.438165100183702,0.007138873692689524,1,0.5562660022967505,0.5389736716825019,0.5476198369896261,0.00864616530712431
4,1,"SVC-split_x_y_split_with_one_hot_encoding-{'C': [1e-05, 0.001, 0.1, 10.0, 1000.0, 100000.0], 'kernel': ['linear'], 'probability': [True]}-(2 of 5)",13.363370895385742,1.7780392169952393,10.505748391151428,0.34695136547088623,1000.0,linear,True,"{'C': 1000.0, 'kernel': 'linear', 'probability': True}",0.21246819338422393,0.23192360163710776,0.2218564845292956,0.009721781030226532,1,0.9522510231923602,0.94529262086514,0.9487718220287501,0.0034792011636101128,0.37659033078880405,0.4092769440654843,0.3923633969716919,0.016333355371685825,2,0.5156889495225102,0.5089058524173028,0.5122974009699065,0.003391548552603707,0.29260013225009285,0.3099371335929881,0.3009661770060785,0.008663222513019611,3,0.4284246776399123,0.4347405966063303,0.4315826371231213,0.0031579594832089886,0.42680033098238934,0.44306439943585807,0.43464862734604476,0.008127082717053797,3,0.5361368437002189,0.5396406150848813,0.5378887293925501,0.001751885692331201
5,1,"SVC-split_x_y_split_with_one_hot_encoding-{'C': [1e-05, 0.001, 0.1, 10.0, 1000.0, 100000.0], 'kernel': ['linear'], 'probability': [True]}-(2 of 5)",14.044986486434937,2.7589187622070312,10.863848567008972,0.7163015604019165,100000.0,linear,True,"{'C': 100000.0, 'kernel': 'linear', 'probability': True}",0.21246819338422393,0.23192360163710776,0.2218564845292956,0.009721781030226532,1,0.9522510231923602,0.94529262086514,0.9487718220287501,0.0034792011636101128,0.3816793893129771,0.4038199181446112,0.3923633969716919,0.011063523848833063,2,0.5279672578444747,0.5076335877862596,0.5178004228153672,0.01016683502910759,0.2943756907280615,0.31129406952481553,0.30253972736928647,0.008454038687370637,2,0.442332120345094,0.43261155022324693,0.43747183528417044,0.004860285060923536,0.4282310366009171,0.4441357641974108,0.43590593148454443,0.007947521687990974,2,0.5473563175155739,0.5387458846446983,0.5430511010801361,0.0043052164354377975
0,2,"SVC-split_x_y_split_with_one_hot_encoding-{'C': [1e-05, 0.001, 0.1, 10.0, 1000.0, 100000.0], 'kernel': ['linear'], 'probability': [True]}-(2 of 5)",6.65720009803772,0.07379889488220215,9.97385835647583,0.19414687156677246,1e-05,linear,True,"{'C': 1e-05, 'kernel': 'linear', 'probability': True}",0.09961685823754789,0.10461956521739131,0.10204081632653061,0.002500155841834069,5,0.10461956521739131,0.09961685823754789,0.1021182117274696,0.002501353489921712,0.34227330779054915,0.34646739130434784,0.34430546412113233,0.002096037693275398,6,0.38722826086956524,0.36909323116219667,0.37816074601588096,0.009067514853684289,0.2569092772913469,0.26283640705509265,0.25978114530064045,0.002962145926963997,6,0.3064541252383461,0.280437284199943,0.29344570471914455,0.013008420519201536,0.39694749146063324,0.40323471910298886,0.3999938374413928,0.003142108658834146,6,0.43872026531749525,0.41820036350757545,0.42846031441253535,0.010259950904959902
1,2,"SVC-split_x_y_split_with_one_hot_encoding-{'C': [1e-05, 0.001, 0.1, 10.0, 1000.0, 100000.0], 'kernel': ['linear'], 'probability': [True]}-(2 of 5)",10.48033082485199,0.6533454656600952,10.1123286485672,0.01782834529876709,0.001,linear,True,"{'C': 0.001, 'kernel': 'linear', 'probability': True}",0.09961685823754789,0.10461956521739131,0.10204081632653061,0.002500155841834069,5,0.10461956521739131,0.09961685823754789,0.1021182117274696,0.002501353489921712,0.3499361430395913,0.35597826086956524,0.35286372613561556,0.003019612431934185,5,0.38858695652173914,0.3831417624521073,0.3858643594869232,0.002722597034815921,0.2539713272437569,0.27410950477199847,0.2637288642159661,0.01006426768427293,5,0.3225025173283488,0.30685433139919716,0.31467842436377297,0.007824092964575813,0.39459347102651837,0.412329472632215,0.40318708339109555,0.008863754803933898,5,0.4491845139018356,0.43774943833409613,0.44346697611796587,0.005717537783869742
2,2,"SVC-split_x_y_split_with_one_hot_encoding-{'C': [1e-05, 0.001, 0.1, 10.0, 1000.0, 100000.0], 'kernel': ['linear'], 'probability': [True]}-(2 of 5)",9.695725202560425,0.7809629440307617,8.58683693408966,0.8664692640304565,0.1,linear,True,"{'C': 0.1, 'kernel': 'linear', 'probability': True}",0.16347381864623245,0.16304347826086957,0.16326530612244897,0.0002150671691900307,4,0.22282608695652173,0.17879948914431673,0.20081278805041924,0.0220132989061025,0.351213282247765,0.3654891304347826,0.35813034891375906,0.007134506455348191,4,0.41032608695652173,0.39846743295019155,0.40439675995335667,0.005929327003165091,0.26169254363090944,0.27657403265711666,0.26890306102609607,0.0074371818845216636,4,0.3304431323312728,0.31583525810981034,0.3231391952205416,0.00730393711073124,0.4004211116280588,0.41334637987624073,0.4066837827476519,0.006459539814777601,4,0.4535691554632077,0.4396893849500557,0.4466292702066317,0.006939885256575989
3,2,"SVC-split_x_y_split_with_one_hot_encoding-{'C': [1e-05, 0.001, 0.1, 10.0, 1000.0, 100000.0], 'kernel': ['linear'], 'probability': [True]}-(2 of 5)",11.26762306690216,0.6127701997756958,9.352590322494507,1.4562766551971436,10.0,linear,True,"{'C': 10.0, 'kernel': 'linear', 'probability': True}",0.17879948914431673,0.22418478260869565,0.20078999341672152,0.022681781492601423,1,0.9605978260869565,0.9655172413793104,0.9630575337331335,0.002459707646176923,0.36015325670498083,0.38722826086956524,0.37327188940092165,0.013531020326096753,2,0.5095108695652174,0.4763729246487867,0.4929418971070021,0.016568972458215342,0.2693595046358613,0.2834808319037923,0.2762017013897765,0.007057282988114065,3,0.40894091823765466,0.3928557396964765,0.40089832896706556,0.008042589270589068,0.40845257086774595,0.4212820768361348,0.41466884235736684,0.0064116816003715466,3,0.5212234279598659,0.5078534668176342,0.51453844738875,0.006684980571115828
4,2,"SVC-split_x_y_split_with_one_hot_encoding-{'C': [1e-05, 0.001, 0.1, 10.0, 1000.0, 100000.0], 'kernel': ['linear'], 'probability': [True]}-(2 of 5)",10.896247386932373,0.23242473602294922,8.39687705039978,0.5785870552062988,1000.0,linear,True,"{'C': 1000.0, 'kernel': 'linear', 'probability': True}",0.17879948914431673,0.22418478260869565,0.20078999341672152,0.022681781492601423,1,0.9605978260869565,0.9655172413793104,0.9630575337331335,0.002459707646176923,0.36398467432950193,0.38858695652173914,0.3759052007899934,0.01229525130958145,1,0.529891304347826,0.4827586206896552,0.5063249625187406,0.02356634182908543,0.27229633247820867,0.29536941924964916,0.2834759189586433,0.011531019688578042,1,0.41185349494057155,0.3976997499741445,0.404776622457358,0.007076872483213537,0.41091623521312826,0.43046532324643616,0.4203883410673183,0.009769863964835488,1,0.5251305383033043,0.5120840021797671,0.5186072702415356,0.006523268061768561
5,2,"SVC-split_x_y_split_with_one_hot_encoding-{'C': [1e-05, 0.001, 0.1, 10.0, 1000.0, 100000.0], 'kernel': ['linear'], 'probability': [True]}-(2 of 5)",11.348221182823181,1.0468794107437134,9.3630690574646,0.11167788505554199,100000.0,linear,True,"{'C': 100000.0, 'kernel': 'linear', 'probability': True}",0.17879948914431673,0.22418478260869565,0.20078999341672152,0.022681781492601423,1,0.9605978260869565,0.9655172413793104,0.9630575337331335,0.002459707646176923,0.36270753512132825,0.3845108695652174,0.37327188940092165,0.010896447503518899,2,0.5095108695652174,0.45977011494252873,0.48464049225387307,0.02487037731134434,0.27104781076292195,0.2916214877109012,0.28101635996220614,0.010281913135577473,2,0.4076396528782909,0.3905793434710005,0.3991094981746457,0.00853015470364521,0.4101098500113992,0.42730255418216634,0.4184402188525346,0.008592236151879063,2,0.5215088583350329,0.5058729185404802,0.5136908884377566,0.007817969897276345
0,3,"SVC-split_x_y_split_with_one_hot_encoding-{'C': [1e-05, 0.001, 0.1, 10.0, 1000.0, 100000.0], 'kernel': ['linear'], 'probability': [True]}-(2 of 5)",4.793649792671204,0.5850893259048462,8.81892704963684,0.8309288024902344,1e-05,linear,True,"{'C': 1e-05, 'kernel': 'linear', 'probability': True}",0.12927756653992395,0.13835616438356163,0.1336405529953917,0.00453587352290988,5,0.13835616438356163,0.12927756653992395,0.1338168654617428,0.004539298921818841,0.42712294043092525,0.4246575342465753,0.4259381171823568,0.0012317728824884607,6,0.4986301369863014,0.4512040557667934,0.4749170963765474,0.023713040609753988,0.3493559629508865,0.3710735650274014,0.3597929935735698,0.010850606881875665,6,0.4037161376800753,0.37616927744715245,0.3899427075636139,0.013773430116461427,0.4745540989775597,0.49280135219669957,0.4833233516766855,0.00911674183260935,6,0.521577939752255,0.49594083137859385,0.5087593855654244,0.01281855418683056
1,3,"SVC-split_x_y_split_with_one_hot_encoding-{'C': [1e-05, 0.001, 0.1, 10.0, 1000.0, 100000.0], 'kernel': ['linear'], 'probability': [True]}-(2 of 5)",7.907925248146057,1.1891504526138306,8.45756220817566,0.45682621002197266,0.001,linear,True,"{'C': 0.001, 'kernel': 'linear', 'probability': True}",0.12927756653992395,0.13835616438356163,0.1336405529953917,0.00453587352290988,5,0.13835616438356163,0.12927756653992395,0.1338168654617428,0.004539298921818841,0.42585551330798477,0.44794520547945205,0.43647136273864384,0.01103651153795802,5,0.510958904109589,0.4664131812420786,0.4886860426758338,0.022272861433755203,0.3536450264036456,0.3782258814629107,0.3654580772221206,0.012281153054041552,5,0.4164266416112811,0.39438489266923704,0.4054057671402591,0.01102087447102204,0.4778060947151466,0.49920277535441787,0.4880888971290163,0.010690267248465442,5,0.5314602963301757,0.5094041838493892,0.5204322400897825,0.011028056240393214
2,3,"SVC-split_x_y_split_with_one_hot_encoding-{'C': [1e-05, 0.001, 0.1, 10.0, 1000.0, 100000.0], 'kernel': ['linear'], 'probability': [True]}-(2 of 5)",10.784778356552124,0.4584317207336426,8.417992353439331,1.4505388736724854,0.1,linear,True,"{'C': 0.1, 'kernel': 'linear', 'probability': True}",0.27122940430925224,0.2958904109589041,0.28308097432521395,0.012321198607651929,1,0.32054794520547947,0.2965779467680608,0.30856294598677014,0.011984999218709325,0.43599493029150826,0.4506849315068493,0.44305464121132326,0.007339457999108894,4,0.5287671232876713,0.46894803548795944,0.4988575793878154,0.029909543899855923,0.36328013935235254,0.3794239504148956,0.3710385212323106,0.008065814393217791,4,0.4338881396424352,0.3884263866808513,0.41115726316164325,0.022730876480791973,0.4844575482988115,0.49982058439060006,0.4918407058676105,0.007675721498016134,4,0.5419613502545557,0.5020682238858456,0.5220147870702007,0.01994656318435506
3,3,"SVC-split_x_y_split_with_one_hot_encoding-{'C': [1e-05, 0.001, 0.1, 10.0, 1000.0, 100000.0], 'kernel': ['linear'], 'probability': [True]}-(2 of 5)",11.77186369895935,0.6706898212432861,9.151764988899231,0.04017007350921631,10.0,linear,True,"{'C': 10.0, 'kernel': 'linear', 'probability': True}",0.26108998732572875,0.25616438356164384,0.2587228439763002,0.0024609434279011795,2,0.9821917808219178,0.9835234474017744,0.9828576141118461,0.0006658332899283081,0.45627376425855515,0.4726027397260274,0.4641211323238973,0.008158326732256154,1,0.6356164383561644,0.5804816223067174,0.608049030331441,0.027567408024723516,0.369950890909599,0.39171958890746555,0.3804124771758548,0.010876135563813054,1,0.5054832166633199,0.46833750357722076,0.48691036012027034,0.01857285654304955,0.49129721543668176,0.5115101480615365,0.5010111330246633,0.010098839875112647,1,0.6033358952613718,0.5707432669004986,0.5870395810809352,0.01629631418043659
4,3,"SVC-split_x_y_split_with_one_hot_encoding-{'C': [1e-05, 0.001, 0.1, 10.0, 1000.0, 100000.0], 'kernel': ['linear'], 'probability': [True]}-(2 of 5)",11.507997393608093,0.35192859172821045,7.995329976081848,0.9473632574081421,1000.0,linear,True,"{'C': 1000.0, 'kernel': 'linear', 'probability': True}",0.26108998732572875,0.25616438356164384,0.2587228439763002,0.0024609434279011795,2,0.9821917808219178,0.9835234474017744,0.9828576141118461,0.0006658332899283081,0.4524714828897338,0.4712328767123288,0.46148782093482554,0.009373618146598636,2,0.6027397260273972,0.5652724968314322,0.5840061114294147,0.018733614597982506,0.3684607793463205,0.39012820675709964,0.37887369706183643,0.010825538480152025,2,0.49098003287595987,0.46150022284067804,0.47624012785831893,0.014739905017640914,0.4900439160285697,0.5100926653031584,0.4996789304923286,0.010016810147152378,2,0.5911403130345209,0.5646481484895877,0.5778942307620543,0.013246082272466597
5,3,"SVC-split_x_y_split_with_one_hot_encoding-{'C': [1e-05, 0.001, 0.1, 10.0, 1000.0, 100000.0], 'kernel': ['linear'], 'probability': [True]}-(2 of 5)",11.838057518005371,0.9329361915588379,9.62122917175293,0.5504496097564697,100000.0,linear,True,"{'C': 100000.0, 'kernel': 'linear', 'probability': True}",0.26108998732572875,0.25616438356164384,0.2587228439763002,0.0024609434279011795,2,0.9821917808219178,0.9835234474017744,0.9828576141118461,0.0006658332899283081,0.4524714828897338,0.46986301369863015,0.4608294930875576,0.008689203495694853,3,0.6205479452054794,0.5728770595690748,0.596712502387277,0.023835442818202327,0.3657846197588188,0.39193739218327794,0.37835310156912505,0.013066518644608224,3,0.5039569916565433,0.4643653575276927,0.484161174592118,0.019795817064425292,0.48804629561872914,0.511626196108588,0.4993783083623743,0.011781053434342296,3,0.6012285835124761,0.5674981080934806,0.5843633458029783,0.01686523770949777
0,4,"SVC-split_x_y_split_with_one_hot_encoding-{'C': [1e-05, 0.001, 0.1, 10.0, 1000.0, 100000.0], 'kernel': ['linear'], 'probability': [True]}-(2 of 5)",5.168252110481262,1.0543121099472046,8.060223460197449,0.6684976816177368,1e-05,linear,True,"{'C': 1e-05, 'kernel': 'linear', 'probability': True}",0.27214377406931967,0.2851351351351351,0.2784726793943384,0.0064935392210742765,5,0.2851351351351351,0.27214377406931967,0.2786394546022274,0.006495680532907722,0.5635430038510911,0.5689189189189189,0.5661619486504279,0.0026870714442661465,6,0.6513513513513514,0.6559691912708601,0.6536602713111057,0.002308919959754352,0.44243298470114534,0.4503546515620823,0.4462921245807328,0.00395952773517575,6,0.5174960627131737,0.517382612676741,0.5174393376949573,5.672501821635256e-05,0.5564545239429954,0.564296714435191,0.5602749459075937,0.00391980265056327,6,0.6187552830731768,0.6167650553369479,0.6177601692050624,0.0009951138681144611
1,4,"SVC-split_x_y_split_with_one_hot_encoding-{'C': [1e-05, 0.001, 0.1, 10.0, 1000.0, 100000.0], 'kernel': ['linear'], 'probability': [True]}-(2 of 5)",8.423687934875488,2.335707664489746,7.439239501953125,0.4251551628112793,0.001,linear,True,"{'C': 0.001, 'kernel': 'linear', 'probability': True}",0.27214377406931967,0.2851351351351351,0.2784726793943384,0.0064935392210742765,5,0.2851351351351351,0.27214377406931967,0.2786394546022274,0.006495680532907722,0.5725288831835686,0.5851351351351352,0.5786701777485188,0.006301048139878105,5,0.6959459459459459,0.6842105263157895,0.6900782361308677,0.005867709815078226,0.4586805948553411,0.4808666843964483,0.4694888280748403,0.011089387929993835,5,0.5477049934225483,0.5415555522919391,0.5446302728572436,0.003074720565304612,0.5687752644132751,0.5876706917753417,0.5779804100669481,0.009444599226589051,5,0.6420929927155061,0.6349705463278398,0.638531769521673,0.003561223193833174
2,4,"SVC-split_x_y_split_with_one_hot_encoding-{'C': [1e-05, 0.001, 0.1, 10.0, 1000.0, 100000.0], 'kernel': ['linear'], 'probability': [True]}-(2 of 5)",11.37614095211029,0.2493196725845337,7.11942458152771,0.044869422912597656,0.1,linear,True,"{'C': 0.1, 'kernel': 'linear', 'probability': True}",0.3594351732991014,0.3675675675675676,0.36339697169190255,0.004064856705621101,1,0.42702702702702705,0.4159178433889602,0.4214724352079936,0.005554591819033422,0.5686777920410783,0.6040540540540541,0.5859117840684661,0.01768230008484024,4,0.6878378378378378,0.699614890885751,0.6937263643617944,0.005888526523956605,0.46464074030259656,0.4796327548528823,0.47194428919477,0.007493536203944021,4,0.5705502301709567,0.5611008534526959,0.5658255418118263,0.0047246883591304245,0.5732418163492735,0.5869304368013507,0.5799104003746436,0.006842053987850074,4,0.6582286195359766,0.6487854445810156,0.6535070320584961,0.004721587477480471
3,4,"SVC-split_x_y_split_with_one_hot_encoding-{'C': [1e-05, 0.001, 0.1, 10.0, 1000.0, 100000.0], 'kernel': ['linear'], 'probability': [True]}-(2 of 5)",12.449585437774658,0.022925138473510742,8.70535695552826,0.3834763765335083,10.0,linear,True,"{'C': 10.0, 'kernel': 'linear', 'probability': True}",0.3247753530166881,0.3689189189189189,0.34628044766293614,0.022064506951352345,2,0.9824324324324324,0.9730423620025674,0.9777373972174999,0.004695035214932475,0.5776636713735558,0.6054054054054054,0.5911784068466096,0.01386629446166652,1,0.7283783783783784,0.7150192554557124,0.7216988169170454,0.006679561461332972,0.4620840417245263,0.49145641894164543,0.4763931655827674,0.01468134728218948,2,0.6398355127025944,0.6592407672760616,0.6495381399893281,0.0097026272867336,0.5715394107682168,0.596151373712988,0.5835294387992442,0.0123019247852355,2,0.7120707728309437,0.7235488935919816,0.7178098332114626,0.005739060380518968
4,4,"SVC-split_x_y_split_with_one_hot_encoding-{'C': [1e-05, 0.001, 0.1, 10.0, 1000.0, 100000.0], 'kernel': ['linear'], 'probability': [True]}-(2 of 5)",12.167323589324951,1.9533894062042236,7.334838151931763,1.307124137878418,1000.0,linear,True,"{'C': 1000.0, 'kernel': 'linear', 'probability': True}",0.3247753530166881,0.3689189189189189,0.34628044766293614,0.022064506951352345,2,0.9824324324324324,0.9730423620025674,0.9777373972174999,0.004695035214932475,0.5738125802310655,0.6054054054054054,0.5892034233048058,0.015791205273628674,2,0.7405405405405405,0.7329910141206675,0.736765777330604,0.003774763209936527,0.46210428963044464,0.4884168434626076,0.4749227819515774,0.013151939927631733,3,0.660151476477616,0.6631043926420758,0.6616279345598459,0.0014764580822299034,0.5715507052665362,0.5940569788317404,0.5825149201699273,0.011249427167445696,3,0.7275067325461161,0.7273207394867707,0.7274137360164434,9.299652967270644e-05
5,4,"SVC-split_x_y_split_with_one_hot_encoding-{'C': [1e-05, 0.001, 0.1, 10.0, 1000.0, 100000.0], 'kernel': ['linear'], 'probability': [True]}-(2 of 5)",12.396474599838257,0.8112432956695557,7.763798236846924,0.014666080474853516,100000.0,linear,True,"{'C': 100000.0, 'kernel': 'linear', 'probability': True}",0.3247753530166881,0.3689189189189189,0.34628044766293614,0.022064506951352345,2,0.9824324324324324,0.9730423620025674,0.9777373972174999,0.004695035214932475,0.5738125802310655,0.6027027027027027,0.5878867676102699,0.014440299397485788,3,0.7351351351351352,0.7329910141206675,0.7340630746279013,0.0010720605072338518,0.4636097359490002,0.4935157354025538,0.4781788206070842,0.014948070445680195,1,0.6503682183478798,0.6722755541954794,0.6613218862716796,0.01095366792379976,0.572713074154398,0.5977124215785932,0.5848918214183245,0.012495553173980252,1,0.7201779742005009,0.7335872362195053,0.726882605210003,0.006704631009502193
0,5,"SVC-split_x_y_split_with_one_hot_encoding-{'C': [1e-05, 0.001, 0.1, 10.0, 1000.0, 100000.0], 'kernel': ['linear'], 'probability': [True]}-(2 of 5)",5.688281536102295,0.14309263229370117,6.736863374710083,0.7870135307312012,1e-05,linear,True,"{'C': 1e-05, 'kernel': 'linear', 'probability': True}",0.4462915601023018,0.47218453188602444,0.4588545095457538,0.012940803558547114,5,0.47218453188602444,0.4462915601023018,0.4592380459941631,0.012946485891861315,0.7135549872122762,0.7408412483039348,0.7267939433838051,0.013637142448684041,6,0.8507462686567164,0.7468030690537084,0.7987746688552124,0.05197159980150401,0.6114152222390198,0.6437373043543664,0.6270974964450833,0.016153947826138406,5,0.7057091313356021,0.6465732429136729,0.6761411871246374,0.029567944210964592,0.6943056197641648,0.7214221110387501,0.7074622057216166,0.013552294796924793,5,0.7726970472246196,0.7217407682799586,0.747218907752289,0.02547813947233052
1,5,"SVC-split_x_y_split_with_one_hot_encoding-{'C': [1e-05, 0.001, 0.1, 10.0, 1000.0, 100000.0], 'kernel': ['linear'], 'probability': [True]}-(2 of 5)",9.060832858085632,1.6064280271530151,7.30386483669281,1.37973153591156,0.001,linear,True,"{'C': 0.001, 'kernel': 'linear', 'probability': True}",0.4462915601023018,0.47218453188602444,0.4588545095457538,0.012940803558547114,5,0.47218453188602444,0.4462915601023018,0.4592380459941631,0.012946485891861315,0.7186700767263428,0.751696065128901,0.7346938775510204,0.016505746494229416,5,0.858887381275441,0.7723785166240409,0.8156329489497409,0.04325443232570003,0.6176881534067025,0.6461744755047955,0.6315093643259221,0.01423690959292129,2,0.7387993671757812,0.6666733196951886,0.702736343435485,0.036063023740296296,0.6990320186009373,0.7235763005750203,0.7109406004408972,0.01226675462999065,2,0.7979494991082708,0.7379092186453781,0.7679293588768245,0.03002014023144639
2,5,"SVC-split_x_y_split_with_one_hot_encoding-{'C': [1e-05, 0.001, 0.1, 10.0, 1000.0, 100000.0], 'kernel': ['linear'], 'probability': [True]}-(2 of 5)",13.520956873893738,2.5333346128463745,6.47218644618988,0.10487210750579834,0.1,linear,True,"{'C': 0.1, 'kernel': 'linear', 'probability': True}",0.5089514066496164,0.5454545454545454,0.5266622778143516,0.01824355861855619,1,0.5671641791044776,0.5358056265984654,0.5514849028514714,0.01567927625300608,0.7199488491048593,0.7693351424694709,0.7439104674127716,0.024682308630096284,4,0.8602442333785617,0.7838874680306905,0.8220658507046261,0.038178382673935585,0.6183565485658615,0.653201563992735,0.6352629187894335,0.01741486081243024,1,0.7362008708977288,0.684169758842684,0.7101853148702064,0.02601555602752237,0.6995396640569811,0.7293556650987753,0.7140060187428287,0.014901457260531634,1,0.7958162493914818,0.7506622379520286,0.7732392436717552,0.022577005719726595
3,5,"SVC-split_x_y_split_with_one_hot_encoding-{'C': [1e-05, 0.001, 0.1, 10.0, 1000.0, 100000.0], 'kernel': ['linear'], 'probability': [True]}-(2 of 5)",15.524164199829102,3.1435604095458984,7.100739598274231,0.024344325065612793,10.0,linear,True,"{'C': 10.0, 'kernel': 'linear', 'probability': True}",0.4961636828644501,0.5264586160108549,0.510862409479921,0.015140818208954838,2,0.9918588873812755,0.9961636828644501,0.9940112851228629,0.0021523977415873197,0.7352941176470589,0.7598371777476255,0.7472021066491112,0.012266143961378304,2,0.932157394843962,0.8222506393861893,0.8772040171150757,0.054953377728886366,0.6171266647566028,0.6342375410436186,0.6254286501572155,0.008551683081973323,6,0.8185335103014706,0.707241531094855,0.7628875206981628,0.0556459896033078,0.6991030758550755,0.7148419270461942,0.7067393716601147,0.007865971631325458,6,0.8596693063115605,0.7694074076004354,0.8145383569559979,0.045130949355562555
4,5,"SVC-split_x_y_split_with_one_hot_encoding-{'C': [1e-05, 0.001, 0.1, 10.0, 1000.0, 100000.0], 'kernel': ['linear'], 'probability': [True]}-(2 of 5)",14.993447661399841,2.368592381477356,6.435566067695618,0.11479771137237549,1000.0,linear,True,"{'C': 1000.0, 'kernel': 'linear', 'probability': True}",0.4961636828644501,0.5264586160108549,0.510862409479921,0.015140818208954838,2,0.9918588873812755,0.9961636828644501,0.9940112851228629,0.0021523977415873197,0.7378516624040921,0.762550881953867,0.749835418038183,0.012344189416063665,1,0.9240162822252375,0.8171355498721228,0.8705759160486801,0.05344036617655734,0.6190064910741477,0.6368530210176743,0.6276654065240352,0.008919348467605767,4,0.8091796446952129,0.7151362321856367,0.7621579384404248,0.047021706254788076,0.7005315968460711,0.7167989415991288,0.7084243111864289,0.00813010243192009,4,0.8527442101163066,0.775443363398913,0.8140937867576098,0.03865042335869684
5,5,"SVC-split_x_y_split_with_one_hot_encoding-{'C': [1e-05, 0.001, 0.1, 10.0, 1000.0, 100000.0], 'kernel': ['linear'], 'probability': [True]}-(2 of 5)",12.266871690750122,1.0489962100982666,5.434904098510742,1.6767973899841309,100000.0,linear,True,"{'C': 100000.0, 'kernel': 'linear', 'probability': True}",0.4961636828644501,0.5264586160108549,0.510862409479921,0.015140818208954838,2,0.9918588873812755,0.9961636828644501,0.9940112851228629,0.0021523977415873197,0.7340153452685422,0.7598371777476255,0.7465437788018433,0.012905249518079356,3,0.9118046132971506,0.8388746803069054,0.875339646802028,0.0364649664951226,0.6179133310509547,0.6406663751522826,0.6289528264444233,0.011371528789111131,3,0.8250713225568276,0.712305884769041,0.7686886036629343,0.05638271889389329,0.6997323460368723,0.7197874932295822,0.7094628552409719,0.010023172400850412,3,0.8644751412095177,0.7737479859632341,0.8191115635863759,0.045363577623141804
