,column,mean_fit_time,std_fit_time,mean_score_time,std_score_time,param_algorithm,param_metric,param_n_neighbors,params,split0_test_accuracy,split1_test_accuracy,mean_test_accuracy,std_test_accuracy,rank_test_accuracy,split0_train_accuracy,split1_train_accuracy,mean_train_accuracy,std_train_accuracy,split0_test_hit@5,split1_test_hit@5,mean_test_hit@5,std_test_hit@5,rank_test_hit@5,split0_train_hit@5,split1_train_hit@5,mean_train_hit@5,std_train_hit@5,split0_test_mrr,split1_test_mrr,mean_test_mrr,std_test_mrr,rank_test_mrr,split0_train_mrr,split1_train_mrr,mean_train_mrr,std_train_mrr,split0_test_mdcg,split1_test_mdcg,mean_test_mdcg,std_test_mdcg,rank_test_mdcg,split0_train_mdcg,split1_train_mdcg,mean_train_mdcg,std_train_mdcg,split0_test_map@5,split1_test_map@5,mean_test_map@5,std_test_map@5,rank_test_map@5,split0_train_map@5,split1_train_map@5,mean_train_map@5,std_train_map@5,params_str
0,0,0.006623983383178711,0.0015764236450195312,0.9258767366409302,0.07011735439300537,brute,hamming,1,"{'algorithm': 'brute', 'metric': 'hamming', 'n_neighbors': 1}",0.0011248593925759281,0.0035714285714285713,0.002313475997686524,0.0012227932440079185,10,0.9642857142857143,0.9651293588301463,0.9647075365579303,0.0004218222722159881,0.02249718785151856,0.016666666666666666,0.019664545980335454,0.00291408964663956,10,0.9654761904761905,0.9651293588301463,0.9653027746531684,0.000173415823022105,0.00966225375674192,0.012087912087912062,0.010840711245569519,0.0012123420197001588,10,0.9645909645909642,0.9654273984982643,0.9650091815446142,0.0004182169536500746,0.18356445610559186,0.20067496351879185,0.1918772532294137,0.008551817396890591,10,0.9705733045234616,0.9706169351343518,0.9705951198289067,2.1815305445094246e-05,0.0179268987480461,0.10150113378684805,0.058529765973374975,0.04177033327400223,10,0.13106292517006798,0.12948470726873423,0.1302738162194011,0.0007891089506668753,"{'algorithm': 'brute', 'metric': 'hamming', 'n_neighbors': 1}"
1,0,0.013259172439575195,0.0027298927307128906,0.9447637796401978,0.167946457862854,brute,hamming,5,"{'algorithm': 'brute', 'metric': 'hamming', 'n_neighbors': 5}",0.30708661417322836,0.16547619047619047,0.23828802776171198,0.07077677217328593,9,0.42738095238095236,0.39932508436445446,0.41335301837270344,0.014027934008248949,0.3610798650168729,0.5142857142857142,0.43551185656448815,0.07657215624546135,9,0.9857142857142858,0.9876265466816648,0.9866704161979754,0.0009561304836895324,0.32494063242094356,0.25397486772486627,0.29046333783175626,0.03546863026653272,9,0.4803403540903522,0.5415568246276884,0.5109485893590203,0.0306082352686681,0.4502772316644254,0.5237233105365757,0.48595953718935675,0.03670828923213021,9,0.6601499465507432,0.7181768423286881,0.6891633944397156,0.02901344788897242,0.34707984553878807,0.2638168934240363,0.30662820888384795,0.04161475432704513,8,0.35022972067614927,0.2935251681202187,0.321877444398184,0.02835227627796527,"{'algorithm': 'brute', 'metric': 'hamming', 'n_neighbors': 5}"
2,0,0.008034944534301758,6.127357482910156e-05,0.9328151941299438,0.07080256938934326,brute,hamming,10,"{'algorithm': 'brute', 'metric': 'hamming', 'n_neighbors': 10}",0.3093363329583802,0.16785714285714284,0.24060150375939848,0.07071118173107861,8,0.3345238095238095,0.35095613048368957,0.34273997000374956,0.008216160479940032,0.3374578177727784,0.5738095238095238,0.45228455754771546,0.11812838641538564,8,0.905952380952381,0.9617547806524185,0.9338535808023998,0.027901199850018765,0.32616513595140917,0.26683455433455255,0.2973405618865395,0.029653375425164014,8,0.4541832373975263,0.49502740728837596,0.47460532234295116,0.02042208494542483,0.4527172503405091,0.5414858757880945,0.49584370804783806,0.0443664852869932,7,0.620167804025659,0.6567090636474895,0.6384384338365743,0.018270629810915262,0.34841592041254577,0.36156065759637185,0.3548020275463884,0.006569728729346631,3,0.3561780045351473,0.33132494801786133,0.3437514762765043,0.012426528258642988,"{'algorithm': 'brute', 'metric': 'hamming', 'n_neighbors': 10}"
3,0,0.016364336013793945,0.009527444839477539,1.0674949884414673,0.010463595390319824,brute,hamming,15,"{'algorithm': 'brute', 'metric': 'hamming', 'n_neighbors': 15}",0.3093363329583802,0.3273809523809524,0.31810294968189706,0.009018685803506682,1,0.3273809523809524,0.31833520809898763,0.32285808023997,0.004522872140982376,0.33970753655793023,0.5738095238095238,0.4534412955465587,0.11700397883468873,7,0.6869047619047619,0.7997750281214848,0.7433398950131234,0.05643513310836146,0.3261714881793583,0.4294457526600359,0.3763452199108616,0.051616391630537044,7,0.43811044114615405,0.4736353354182412,0.45587288828219763,0.01776244713604358,0.44893078631123107,0.5429286323563872,0.49459775604976847,0.04698004539941775,8,0.6002609915325842,0.6301758658703899,0.615218428701487,0.014957437168902854,0.24696894219391408,0.3596332199546484,0.3017046236971048,0.05630951247062821,9,0.2526628272521129,0.33405869720830356,0.29336076223020824,0.04069793497809532,"{'algorithm': 'brute', 'metric': 'hamming', 'n_neighbors': 15}"
4,0,0.010597467422485352,4.291534423828125e-05,1.1066886186599731,0.15611255168914795,brute,hamming,20,"{'algorithm': 'brute', 'metric': 'hamming', 'n_neighbors': 20}",0.3093363329583802,0.3273809523809524,0.31810294968189706,0.009018685803506682,1,0.3273809523809524,0.3194600674915636,0.323420509936258,0.003960442444694401,0.3700787401574803,0.5738095238095238,0.46905725853094277,0.10182447649528006,6,0.7428571428571429,0.7300337457817773,0.7364454443194601,0.006411698537682808,0.3407770519694001,0.4371385733780663,0.3875923660140962,0.048161408383350805,6,0.4348254424147273,0.4674702952046941,0.4511478688097107,0.01632242639498338,0.48882833867927034,0.545989781212422,0.5165990799909229,0.02856924151233847,6,0.5982878484627975,0.6186609060616357,0.6084743772622165,0.010186528799419114,0.2728946138226228,0.35918820861678,0.31481862748780043,0.04312946702162627,6,0.2897080756545042,0.3120625100433875,0.30088529284894583,0.011177217194441647,"{'algorithm': 'brute', 'metric': 'hamming', 'n_neighbors': 20}"
5,0,0.006926417350769043,0.0027817487716674805,1.0487966537475586,0.14115023612976074,brute,hamming,25,"{'algorithm': 'brute', 'metric': 'hamming', 'n_neighbors': 25}",0.3093363329583802,0.3261904761904762,0.3175245806824754,0.008423686792054555,7,0.3273809523809524,0.3678290213723285,0.34760498687664043,0.020224034495688048,0.5253093363329584,0.5952380952380952,0.5592828224407171,0.03495033563332977,3,0.7214285714285714,0.7052868391451068,0.7133577052868392,0.008070866141732302,0.3645921683836036,0.43755035473785114,0.40003744110631495,0.0364644409568187,5,0.4625684718331757,0.46437805157119294,0.4634732617021843,0.000904789869008632,0.48734163174342765,0.5518811169920992,0.5186968472488551,0.03225678113497461,5,0.6054164350778546,0.6246903806470829,0.6150534078624688,0.009636972784614173,0.26494441441573047,0.36666553287981857,0.3143635812808745,0.05084013054114735,7,0.2866348690991548,0.3190466207957771,0.30284074494746593,0.016205875848311152,"{'algorithm': 'brute', 'metric': 'hamming', 'n_neighbors': 25}"
6,0,0.00609743595123291,0.0007911920547485352,0.9322512149810791,0.012958765029907227,brute,hamming,40,"{'algorithm': 'brute', 'metric': 'hamming', 'n_neighbors': 40}",0.3093363329583802,0.3273809523809524,0.31810294968189706,0.009018685803506682,1,0.3273809523809524,0.3093363329583802,0.3183586426696663,0.009022309711286092,0.5185601799775028,0.5607142857142857,0.5390399074609601,0.021068587043308853,5,0.6619047619047619,0.7311586051743532,0.6965316835395575,0.03462692163479564,0.41213270018254833,0.43919878161645853,0.42528221342979217,0.01352760502552989,4,0.46659904450277156,0.4761140571239026,0.47135655081333705,0.004757506310565512,0.5353172369254433,0.5600223033954703,0.5473196983683715,0.012347571707121177,4,0.6038061048459189,0.6095785477525335,0.6066923262992262,0.0028862214533073027,0.34352387769710596,0.3772465986394557,0.3599073858472354,0.016854587924306243,1,0.3656639352710781,0.3493054114988873,0.3574846733849827,0.008179261886095412,"{'algorithm': 'brute', 'metric': 'hamming', 'n_neighbors': 40}"
7,0,0.009427309036254883,0.0009379386901855469,1.0255769491195679,0.1417480707168579,brute,hamming,60,"{'algorithm': 'brute', 'metric': 'hamming', 'n_neighbors': 60}",0.3093363329583802,0.3273809523809524,0.31810294968189706,0.009018685803506682,1,0.3273809523809524,0.3093363329583802,0.3183586426696663,0.009022309711286092,0.5354330708661418,0.5892857142857143,0.5615962984384038,0.026915506462932906,2,0.6321428571428571,0.6490438695163104,0.6405933633295837,0.008450506186726658,0.4202197685662243,0.4441006938387886,0.43182183752455516,0.011935666620979855,3,0.4669224349283855,0.4518265127956685,0.459374473862027,0.007547961066358494,0.5398835793961066,0.5597927056219303,0.549556029384361,0.009950564755522204,3,0.5934073392508837,0.5870760841627327,0.5902417117068082,0.003165627544075511,0.35331551088581453,0.2793242630385487,0.3173683459397745,0.03698076423319542,4,0.373163677592249,0.3105857060075282,0.3418746917998886,0.03128898579236039,"{'algorithm': 'brute', 'metric': 'hamming', 'n_neighbors': 60}"
8,0,0.011554360389709473,0.005077004432678223,0.9821134805679321,0.017284274101257324,brute,hamming,80,"{'algorithm': 'brute', 'metric': 'hamming', 'n_neighbors': 80}",0.3093363329583802,0.3273809523809524,0.31810294968189706,0.009018685803506682,1,0.3273809523809524,0.3093363329583802,0.3183586426696663,0.009022309711286092,0.5421822272215973,0.5916666666666667,0.5662232504337767,0.024732281743746393,1,0.655952380952381,0.6209223847019123,0.6384373828271466,0.017514998125234327,0.42032658267259543,0.44946576443990094,0.43448327017088145,0.01456373885069937,1,0.46484947125068066,0.44683692527935864,0.4558431982650196,0.009006272985661007,0.5379108486426261,0.5647247868412352,0.5509378631520718,0.013401584045901156,2,0.5933023750583033,0.5773398328717239,0.5853211039650136,0.007981271093289721,0.34367385894944946,0.37694047619047605,0.35983577825683083,0.016626627673124422,2,0.3716840857555143,0.3501164789466251,0.36090028235106975,0.010783803404444597,"{'algorithm': 'brute', 'metric': 'hamming', 'n_neighbors': 80}"
9,0,0.010385394096374512,0.0036510229110717773,1.0737755298614502,0.1481156349182129,brute,hamming,100,"{'algorithm': 'brute', 'metric': 'hamming', 'n_neighbors': 100}",0.3093363329583802,0.3273809523809524,0.31810294968189706,0.009018685803506682,1,0.3273809523809524,0.3093363329583802,0.3183586426696663,0.009022309711286092,0.5241844769403825,0.5916666666666667,0.5569693464430306,0.03372754238932184,4,0.6202380952380953,0.6017997750281214,0.6110189351331083,0.009219160104986912,0.42142344007930055,0.4479881901317686,0.43432939152179517,0.013277040017380762,2,0.46335129147352455,0.44761718520511445,0.4554842383393195,0.007867053134205049,0.5388833977748391,0.5654678390696741,0.5517989158128156,0.013286881683964573,1,0.5857893249706703,0.5756799556202641,0.5807346402954672,0.005054684675203092,0.26037802092920204,0.37655782312925157,0.3168216495284164,0.05806656866617601,5,0.3128730158730158,0.35426360665955714,0.3335683112662865,0.02069529539327067,"{'algorithm': 'brute', 'metric': 'hamming', 'n_neighbors': 100}"
0,1,0.010475397109985352,0.002316713333129883,0.8276081085205078,0.16280436515808105,brute,hamming,1,"{'algorithm': 'brute', 'metric': 'hamming', 'n_neighbors': 1}",0.004464285714285714,0.03481392557022809,0.019086176980913822,0.015164742983045142,10,0.9759903961584634,0.9575892857142857,0.9667898409363745,0.009200555222088846,0.026785714285714284,0.060024009603841535,0.042799305957200696,0.01660811159824227,10,0.9759903961584634,0.9587053571428571,0.9673478766506602,0.008642519507803148,0.012973137973137944,0.0430633791978331,0.027470055810136826,0.015035129795155942,10,0.976195606447707,0.95795177045177,0.9670736884497385,0.009121917997968465,0.19991716990023872,0.22284751806028766,0.2109645846008291,0.011457560551276164,10,0.9805514155917984,0.9649100235396524,0.9727307195657253,0.007820696026072993,0.04867028061224489,0.07764903363942978,0.06263170413546353,0.014479754742142551,10,0.12733890958980992,0.12792260938466296,0.12763075948723646,0.0002918498974265188,"{'algorithm': 'brute', 'metric': 'hamming', 'n_neighbors': 1}"
1,1,0.022763967514038086,0.005532741546630859,0.8428200483322144,0.11134541034698486,brute,hamming,5,"{'algorithm': 'brute', 'metric': 'hamming', 'n_neighbors': 5}",0.033482142857142856,0.008403361344537815,0.021399652978600348,0.01253106388648415,9,0.08523409363745499,0.4341517857142857,0.25969293967587037,0.17445884603841535,0.08258928571428571,0.06722689075630252,0.07518796992481203,0.007676096726275631,9,1.0,0.9977678571428571,0.9988839285714286,0.0011160714285714524,0.050849454365080225,0.02147782189798992,0.03669874884449826,0.014676064014930242,8,0.26134453781512473,0.23478470314407499,0.24806462047959987,0.013279917335524874,0.2308423335869281,0.21818948061897706,0.22474642466714603,0.006322225376380157,8,0.5379198005420617,0.6223568635663582,0.58013833205421,0.04221853151214827,0.10739815244279528,0.07166274301928563,0.09018149770029468,0.017855839537921473,9,0.19034083763375478,0.16106553416821273,0.17570318590098377,0.014637651732771026,"{'algorithm': 'brute', 'metric': 'hamming', 'n_neighbors': 5}"
2,1,0.00795745849609375,0.0008609294891357422,0.7262989282608032,0.00810396671295166,brute,hamming,10,"{'algorithm': 'brute', 'metric': 'hamming', 'n_neighbors': 10}",0.033482142857142856,0.01800720288115246,0.026026604973973393,0.0077323318671274665,8,0.04441776710684274,0.2924107142857143,0.16841424069627853,0.12399647358943579,0.09486607142857142,0.09843937575030012,0.09658762290341237,0.0017854657220458005,8,0.4477791116446579,0.6149553571428571,0.5313672343937574,0.0835881227490996,0.04214147397741199,0.024053724053724045,0.03342713292106031,0.00903786931364906,9,0.18559519045713574,0.2336929563492036,0.20964407340316965,0.024048882946033925,0.22697309257342785,0.21428969289810806,0.22086246681892152,0.006337488587687573,9,0.4592110820865462,0.540301053257032,0.49975606767178915,0.040544985585242915,0.114081294449598,0.09117548318028508,0.1030457011660019,0.0114453002528548,8,0.14392463478898052,0.13642040623067406,0.1401725205098273,0.003752114279153229,"{'algorithm': 'brute', 'metric': 'hamming', 'n_neighbors': 10}"
3,1,0.009731888771057129,0.0039037466049194336,1.0123629570007324,0.03167295455932617,brute,hamming,15,"{'algorithm': 'brute', 'metric': 'hamming', 'n_neighbors': 15}",0.03459821428571429,0.10084033613445378,0.06651243493348756,0.03309906665304321,3,0.05282112845138055,0.27232142857142855,0.16257127851140454,0.109750150060024,0.07142857142857142,0.15606242496998798,0.11220358588779641,0.04228882592058076,7,0.4561824729891957,0.4955357142857143,0.475859093637455,0.019676620648259313,0.04662936889499473,0.12179707047654355,0.08284376763266399,0.037558892972736034,5,0.1513333605170337,0.2734354559131339,0.2123844082150838,0.0610510476980501,0.24544289394498123,0.29087073214190995,0.2673291803637444,0.022698835762194385,6,0.42145136507986547,0.514550531178637,0.46800094812925125,0.04654958304938578,0.1445082521645022,0.14538833715304303,0.14493226072173443,0.00043975028098545423,5,0.15680352660544739,0.1637780708874459,0.16029079874644664,0.0034872721409992535,"{'algorithm': 'brute', 'metric': 'hamming', 'n_neighbors': 15}"
4,1,0.008563995361328125,0.001039266586303711,0.8446272611618042,0.007089734077453613,brute,hamming,20,"{'algorithm': 'brute', 'metric': 'hamming', 'n_neighbors': 20}",0.03459821428571429,0.10084033613445378,0.06651243493348756,0.03309906665304321,3,0.055222088835534214,0.16294642857142858,0.1090842587034814,0.05386216986794718,0.07254464285714286,0.1908763505402161,0.12955465587044535,0.059126564343968034,6,0.42016806722689076,0.4966517857142857,0.4584099264705882,0.03824185924369747,0.045679249263808896,0.07346977808349814,0.059068208492728,0.013886037162677571,7,0.15075294823812005,0.2315200196032344,0.19113648392067722,0.040383535682557176,0.24095811806887962,0.27508212273937094,0.25739842801134305,0.01705067219369034,7,0.4107099701650467,0.48581043953421127,0.448260204849629,0.037550234684582295,0.17239071196660483,0.15126419398928403,0.16221234905445434,0.010556244382913933,1,0.18872343742691883,0.1358861413883735,0.16230478940764614,0.02641864801927267,"{'algorithm': 'brute', 'metric': 'hamming', 'n_neighbors': 20}"
5,1,0.013892292976379395,0.0006729364395141602,0.9994485378265381,0.11990928649902344,brute,hamming,25,"{'algorithm': 'brute', 'metric': 'hamming', 'n_neighbors': 25}",0.017857142857142856,0.10084033613445378,0.0578368999421631,0.041464043854753836,5,0.06362545018007203,0.23214285714285715,0.1478841536614646,0.08425870348139257,0.12053571428571429,0.20048019207683074,0.15905147484094853,0.039945695051754264,5,0.46338535414165666,0.47433035714285715,0.4688578556422569,0.005472501500600246,0.06067471041510381,0.0663294391657602,0.06339905341643219,0.002825486844310938,6,0.16980135927888942,0.2617679879576104,0.21578467361824993,0.045983314339360495,0.2550415448225324,0.32297753291950565,0.2877718386830175,0.03394543736531678,5,0.41985840318195694,0.47640228019814435,0.4481303416900506,0.028271938508093702,0.13761542401051327,0.1562854232602132,0.1466102819486278,0.009328800653293738,4,0.16951526064971442,0.15959256145640074,0.16455391105305758,0.004961349596656839,"{'algorithm': 'brute', 'metric': 'hamming', 'n_neighbors': 25}"
6,1,0.010513782501220703,0.0030472278594970703,0.9288679361343384,0.15821444988250732,brute,hamming,40,"{'algorithm': 'brute', 'metric': 'hamming', 'n_neighbors': 40}",0.09486607142857142,0.10084033613445378,0.09774436090225563,0.002985148726884971,1,0.17286914765906364,0.09598214285714286,0.13442564525810324,0.03844350240096039,0.22098214285714285,0.23169267707082833,0.22614227877385773,0.005351710904399741,4,0.3157262905162065,0.3314732142857143,0.3235997524009604,0.007873461884753907,0.07354037564745017,0.13748691131540913,0.1043486256251308,0.03195203576265356,4,0.22515012824876707,0.21564850112215525,0.22039931468546115,0.004750813563305908,0.29757010557445407,0.31816132836207056,0.30749057323326523,0.010288774521312372,4,0.42363830203908326,0.4048966250995237,0.41426746356930344,0.00937083846977979,0.10442993390538031,0.15710289310529404,0.12980678469400272,0.026318990677140355,6,0.1296482748943733,0.1441695655534941,0.1369089202239337,0.007260645329560403,"{'algorithm': 'brute', 'metric': 'hamming', 'n_neighbors': 40}"
7,1,0.00855565071105957,0.001787424087524414,0.8771684169769287,0.053678035736083984,brute,hamming,60,"{'algorithm': 'brute', 'metric': 'hamming', 'n_neighbors': 60}",0.09486607142857142,0.10084033613445378,0.09774436090225563,0.002985148726884971,1,0.1212484993997599,0.10491071428571429,0.1130796068427371,0.008168892557022807,0.22879464285714285,0.25690276110444177,0.24233661075766338,0.014044726427746073,1,0.3469387755102041,0.32700892857142855,0.3369738520408163,0.009964923469387765,0.15424056562121224,0.16736625947260475,0.16056428047269283,0.006558488821458956,1,0.2170337614691831,0.19814423252958377,0.20758899699938343,0.009444764469799666,0.32454773346908106,0.33416418287366106,0.32918075970043736,0.00480503176716807,1,0.40520028930141244,0.37723339435630887,0.39121684182886063,0.013983447472551785,0.10412434291898576,0.15715434225638308,0.12967320899651727,0.026497392198386403,7,0.14502377574406386,0.15552740414347557,0.15027558994376972,0.0052518141997058565,"{'algorithm': 'brute', 'metric': 'hamming', 'n_neighbors': 60}"
8,1,0.010046720504760742,0.0035262107849121094,1.0063955783843994,0.010608196258544922,brute,hamming,80,"{'algorithm': 'brute', 'metric': 'hamming', 'n_neighbors': 80}",0.016741071428571428,0.10084033613445378,0.05725853094274147,0.04202170900153455,6,0.1092436974789916,0.1015625,0.1054030987394958,0.0038405987394957986,0.22767857142857142,0.2424969987995198,0.23481781376518218,0.007404293545491756,2,0.33013205282112845,0.29575892857142855,0.3129454906962785,0.017186562124849952,0.11061825446268958,0.17238307996821917,0.1403753971151512,0.03086190507135769,2,0.19331405228082205,0.1932954325150637,0.19330474239794287,9.30988287917156e-06,0.319487103675816,0.3363501502478862,0.3276114054655988,0.008425924274237977,2,0.3815639185951734,0.36749616524728046,0.37453004192122696,0.007033876673946476,0.1515547213203463,0.15515640022242666,0.1532899431395672,0.001799643591052715,2,0.16482884062715997,0.15048382421150278,0.15765633241933136,0.007172508207828596,"{'algorithm': 'brute', 'metric': 'hamming', 'n_neighbors': 80}"
9,1,0.00950324535369873,0.0007511377334594727,0.965972900390625,0.028947830200195312,brute,hamming,100,"{'algorithm': 'brute', 'metric': 'hamming', 'n_neighbors': 100}",0.016741071428571428,0.10084033613445378,0.05725853094274147,0.04202170900153455,6,0.13925570228091236,0.09486607142857142,0.11706088685474189,0.022194815426170467,0.23549107142857142,0.23169267707082833,0.23366107576633893,0.0018979360037494684,3,0.3133253301320528,0.31026785714285715,0.311796593637455,0.0015287364945978377,0.0958029406106741,0.17662238461852953,0.1347402435942158,0.040382887646416836,3,0.2040782373242469,0.19945928552156683,0.20176876142290687,0.0023094759013400357,0.2921697330647642,0.3411848360860398,0.3157842968685366,0.024491277100264743,3,0.3865295885405235,0.37266769075343653,0.37959863964698004,0.0069309488935434815,0.15289400703463205,0.1424970507683593,0.14788494713306746,0.005195026047504017,3,0.16008694386845645,0.15315973832714905,0.15662334109780274,0.0034636027706537037,"{'algorithm': 'brute', 'metric': 'hamming', 'n_neighbors': 100}"
0,2,0.0078507661819458,0.0023976564407348633,0.8616940975189209,0.00044417381286621094,brute,hamming,1,"{'algorithm': 'brute', 'metric': 'hamming', 'n_neighbors': 1}",0.0022371364653243847,0.017964071856287425,0.009832272990167727,0.00785888812623932,9,0.9820359281437125,0.9686800894854586,0.9753580088145856,0.00667791932912698,0.029082774049217,0.04311377245508982,0.035858877964141125,0.007011413478213857,10,0.9820359281437125,0.9686800894854586,0.9753580088145856,0.00667791932912698,0.010765024187842951,0.026357541327601184,0.018295245015892764,0.007791718142254373,10,0.9821894672194071,0.9689477810283176,0.9755686241238624,0.006620843095544782,0.19231823308884582,0.22183156702646262,0.2065713469337909,0.01474807290054427,10,0.9851306418550102,0.9740109867724711,0.9795708143137407,0.005559827541269546,0.04862796226890187,0.05129211706457215,0.049914584162704466,0.0013313016153285427,10,0.12182155170179121,0.12119364788827874,0.12150759979503498,0.0003139519067562324,"{'algorithm': 'brute', 'metric': 'hamming', 'n_neighbors': 1}"
1,2,0.014014840126037598,0.002991795539855957,0.8127139806747437,0.14087092876434326,brute,hamming,5,"{'algorithm': 'brute', 'metric': 'hamming', 'n_neighbors': 5}",0.0044742729306487695,0.011976047904191617,0.008097165991902834,0.003748703024441244,10,0.07425149700598803,0.4451901565995526,0.2597208268027703,0.18546932979678227,0.14205816554809844,0.08263473053892216,0.11336032388663968,0.0296944138323552,9,1.0,1.0,1.0,0.0,0.045606990573434106,0.02442755514611796,0.035378633961630185,0.010583550416048023,9,0.2698602794411155,0.24770693512303874,0.2587836072820771,0.01107667215903839,0.2435171181177808,0.22903090145155236,0.23652117195450678,0.007238890052143938,9,0.6218497896063873,0.6641825758002563,0.6430161827033218,0.02116639309693452,0.11005435466844862,0.06472136246986546,0.0881613248906482,0.02265329546155966,8,0.17020592581071622,0.13951381020172965,0.15485986800622292,0.015346057804493288,"{'algorithm': 'brute', 'metric': 'hamming', 'n_neighbors': 5}"
2,2,0.007039070129394531,0.0012962818145751953,0.79801344871521,0.05366683006286621,brute,hamming,10,"{'algorithm': 'brute', 'metric': 'hamming', 'n_neighbors': 10}",0.0044742729306487695,0.08502994011976048,0.04337767495662233,0.04025437636995531,8,0.04311377245508982,0.2897091722595078,0.1664114723572988,0.123297699902209,0.1487695749440716,0.16047904191616766,0.15442452284557548,0.005851323774400161,7,0.6874251497005988,0.674496644295302,0.6809608969979504,0.006464252702648388,0.032145213101588854,0.10435641537438167,0.06701875497422159,0.036084573759310554,8,0.1842980705256161,0.2629225702212267,0.2236103203734214,0.03931224984780532,0.24500531330499284,0.2743468699675171,0.25917546935658786,0.014662234283291602,7,0.4989571002043531,0.547933495287468,0.5234452977459105,0.024488197541557483,0.11291832514986877,0.07013235865930476,0.0922553511651256,0.021380524282917954,6,0.13828314798973482,0.10839059337381483,0.12333687068177482,0.014946277307959992,"{'algorithm': 'brute', 'metric': 'hamming', 'n_neighbors': 10}"
3,2,0.00758814811706543,0.0028684139251708984,0.9326939582824707,0.06587505340576172,brute,hamming,15,"{'algorithm': 'brute', 'metric': 'hamming', 'n_neighbors': 15}",0.0044742729306487695,0.08622754491017964,0.04395604395604396,0.04085283003135718,7,0.02874251497005988,0.09395973154362416,0.06135112325684202,0.03260860828678214,0.14988814317673377,0.14011976047904193,0.14517061885482938,0.004881346866825979,8,0.49580838323353293,0.4955257270693512,0.49566705515144205,0.000141328082090858,0.03399682594313459,0.11413327191770478,0.07269777006619192,0.040044887836854254,7,0.14700877964351103,0.2381382599503388,0.1925735197969249,0.045564740153413885,0.23073595930821267,0.2825000300385106,0.25573480202643056,0.02586696204410616,8,0.43025240963442124,0.48009731568588987,0.45517486266015555,0.024922453025734315,0.11648491143457584,0.07067503953132695,0.09436157827135269,0.02289159644998971,5,0.1346142520154496,0.11449819382705288,0.12455622292125124,0.01005802909419836,"{'algorithm': 'brute', 'metric': 'hamming', 'n_neighbors': 15}"
4,2,0.013606429100036621,0.003584742546081543,0.8451893329620361,0.0643777847290039,brute,hamming,20,"{'algorithm': 'brute', 'metric': 'hamming', 'n_neighbors': 20}",0.016778523489932886,0.08622754491017964,0.0503181029496819,0.03470428766001918,5,0.019161676646706587,0.14541387024608501,0.0822877734463958,0.06312609679968921,0.1599552572706935,0.2502994011976048,0.20358588779641412,0.045145764405596776,6,0.42634730538922155,0.4407158836689038,0.43353159452906265,0.007184289139841121,0.07473942955832147,0.15053380418650014,0.11134342193225391,0.037875116543265266,6,0.15875702376759085,0.22295558015554126,0.19085630196156605,0.032099278193975206,0.268461987325611,0.3102064198025809,0.28862196483762365,0.02086006056325312,6,0.4243466959546367,0.4544568628360506,0.43940177939534364,0.01505508344070694,0.11432960961484451,0.08692928428856571,0.10109694816461733,0.013692183887620136,4,0.13301200197008578,0.11303897072353447,0.12302548634681013,0.009986515623275655,"{'algorithm': 'brute', 'metric': 'hamming', 'n_neighbors': 20}"
5,2,0.0049283504486083984,0.00022673606872558594,0.9473856687545776,0.06461107730865479,brute,hamming,25,"{'algorithm': 'brute', 'metric': 'hamming', 'n_neighbors': 25}",0.016778523489932886,0.08622754491017964,0.0503181029496819,0.03470428766001918,5,0.1317365269461078,0.18232662192393737,0.15703157443502258,0.025295047488914785,0.18120805369127516,0.25748502994011974,0.21804511278195488,0.038116276823515066,3,0.2562874251497006,0.4116331096196868,0.3339602673846937,0.0776728422349931,0.08992776827360484,0.166730528385161,0.12701874843158598,0.03837901565043278,5,0.20880270418914354,0.2684630758971839,0.2386328900431637,0.02983018585402017,0.30122982617774785,0.3232835471307787,0.31188040859289007,0.011020438593316847,5,0.42306275206682625,0.4650206384575295,0.44404169526217785,0.020978943195351624,0.11637632315484664,0.0848536952069886,0.10115284464908525,0.01575213481385781,3,0.125811908650232,0.10426801572774724,0.11503996218898963,0.010771946461242382,"{'algorithm': 'brute', 'metric': 'hamming', 'n_neighbors': 25}"
6,2,0.010965824127197266,0.0043909549713134766,0.8432203531265259,0.10799753665924072,brute,hamming,40,"{'algorithm': 'brute', 'metric': 'hamming', 'n_neighbors': 40}",0.10850111856823266,0.08502994011976048,0.09716599190283401,0.011728754587720543,4,0.12215568862275449,0.18232662192393737,0.15224115527334592,0.03008546665059144,0.17002237136465326,0.2467065868263473,0.2070561017929439,0.038319777844841876,4,0.28263473053892213,0.2829977628635347,0.2828162467012284,0.0001815161623062722,0.14352897806477388,0.17158370788284927,0.1570776763864008,0.014019195575688306,4,0.20470926909601347,0.22848815500551609,0.21659871205076478,0.011889442954751306,0.30650325239080134,0.3262324700070334,0.3160312435472813,0.009858863803388686,4,0.4066959359719273,0.42595203040631147,0.4163239831891194,0.00962804721719207,0.1197812981202243,0.08479524068745624,0.10288519750925766,0.017482841030827884,1,0.13413228089275994,0.09410023049284794,0.11411625569280394,0.020016025199956003,"{'algorithm': 'brute', 'metric': 'hamming', 'n_neighbors': 40}"
7,2,0.016561388969421387,0.0003701448440551758,1.0508778095245361,0.03162837028503418,brute,hamming,60,"{'algorithm': 'brute', 'metric': 'hamming', 'n_neighbors': 60}",0.10850111856823266,0.08622754491017964,0.09774436090225563,0.01113030092631867,3,0.11616766467065869,0.087248322147651,0.10170799340915485,0.01445967126150384,0.1621923937360179,0.24910179640718563,0.20416425679583575,0.04342939394940617,5,0.4023952095808383,0.2785234899328859,0.3404593497568621,0.0619358598239762,0.14617351455041347,0.17560402128692096,0.16038662798302408,0.014706683418668381,3,0.20766566346774207,0.19313756918499378,0.20040161632636794,0.007264047141374144,0.31385193301339365,0.33083603108315074,0.32205420131197504,0.00848710338900456,3,0.40673316830075185,0.36968523568552986,0.38820920199314085,0.018523966307610995,0.12085858585858585,0.08319986002021929,0.10267175180709014,0.018818396972019227,2,0.13809293102107473,0.08410938241475154,0.11110115671791312,0.026991774303161596,"{'algorithm': 'brute', 'metric': 'hamming', 'n_neighbors': 60}"
8,2,0.007985830307006836,0.0013539791107177734,1.0015132427215576,0.03784537315368652,brute,hamming,80,"{'algorithm': 'brute', 'metric': 'hamming', 'n_neighbors': 80}",0.10850111856823266,0.11616766467065869,0.11220358588779641,0.003831040608728079,1,0.11616766467065869,0.10850111856823266,0.11233439161944567,0.003833273051213011,0.20022371364653244,0.2467065868263473,0.22267206477732793,0.023227901115194054,1,0.32934131736526945,0.3232662192393736,0.32630376830232155,0.003037549062947925,0.15506022962631402,0.19253276909694655,0.17315714718442748,0.01872535800426882,2,0.20176390276669573,0.20586180213479846,0.2038128524507471,0.0020489496840513655,0.31939605020899037,0.3469109881040679,0.3326840624370932,0.013749456797672765,1,0.3807949344440082,0.4045980272264511,0.3926964808352297,0.011901546391221457,0.08944812458235277,0.08771939238406304,0.0886132539140058,0.0008638627048975759,7,0.1188577649895015,0.08597438914553007,0.10241607706751579,0.016441687921985713,"{'algorithm': 'brute', 'metric': 'hamming', 'n_neighbors': 80}"
9,2,0.006483912467956543,0.0016132593154907227,0.931580662727356,0.0037883520126342773,brute,hamming,100,"{'algorithm': 'brute', 'metric': 'hamming', 'n_neighbors': 100}",0.10850111856823266,0.11616766467065869,0.11220358588779641,0.003831040608728079,1,0.11616766467065869,0.10850111856823266,0.11233439161944567,0.003833273051213011,0.18120805369127516,0.25988023952095807,0.21920185078079815,0.03931318414631881,2,0.2874251497005988,0.3288590604026846,0.3081421050516417,0.0207169553510429,0.15484012080356746,0.197143808016624,0.17527018374336054,0.02113952508038339,1,0.1949317843273086,0.20407773285598374,0.19950475859164618,0.004572974264337573,0.31469142687599033,0.35008502884917775,0.3317843462788888,0.017686494627030473,2,0.37990180599635703,0.3739489798722219,0.3769253929342895,0.0029764130620675566,0.0878448434488703,0.08306726806128004,0.08553757019922432,0.002387396498577918,9,0.10220224486092748,0.0875066097213748,0.09485442729115115,0.007347817569776337,"{'algorithm': 'brute', 'metric': 'hamming', 'n_neighbors': 100}"
0,3,0.008740425109863281,0.0009326934814453125,0.9460375308990479,0.15274357795715332,brute,hamming,1,"{'algorithm': 'brute', 'metric': 'hamming', 'n_neighbors': 1}",0.004464285714285714,0.04081632653061224,0.02197802197802198,0.018163950495143067,10,0.9699879951980792,0.9698660714285714,0.9699270333133253,6.096188475390729e-05,0.033482142857142856,0.06842737094837935,0.0503181029496819,0.017461011234495113,10,0.9711884753901561,0.9698660714285714,0.9705272734093637,0.0006612019807923364,0.012973137973137943,0.04901447758590695,0.030337184183338396,0.01800870305501405,10,0.9702445080596338,0.970123626373626,0.97018406721663,6.044084300388386e-05,0.18886726895086706,0.24663667905865524,0.21669949487324272,0.028865523964206385,10,0.9754801391431802,0.9746680660847769,0.9750741026139785,0.000406036529201681,0.04636655940785405,0.05652907916413318,0.05126267216492781,0.005077885632106335,10,0.2825810843818047,0.2713844841914038,0.2769827842866043,0.005598300095200431,"{'algorithm': 'brute', 'metric': 'hamming', 'n_neighbors': 1}"
1,3,0.013756871223449707,0.006517767906188965,0.8219665288925171,0.04210054874420166,brute,hamming,5,"{'algorithm': 'brute', 'metric': 'hamming', 'n_neighbors': 5}",0.17075892857142858,0.022809123649459785,0.09947946790052054,0.07392577891147625,8,0.33013205282112845,0.26785714285714285,0.2989945978391356,0.0311374549819928,0.3002232142857143,0.28691476590636256,0.29381145170618855,0.0066498054057296235,6,1.0,0.9966517857142857,0.9983258928571428,0.0016741071428571508,0.20535094246031546,0.0924005499635766,0.15093354688496352,0.05643769350072671,5,0.4237094837935152,0.3884214743589703,0.40606547907624274,0.017644004717272455,0.36133497185246405,0.3011618530778061,0.332344683859815,0.030066580197895477,6,0.7035974780231347,0.6128362605258342,0.6582168692744844,0.04538060874865024,0.23571766774891773,0.2427637808370101,0.23911235381160192,0.0035207170337960415,3,0.2904171278901171,0.27760018069727893,0.28400865429369804,0.006408473596419079,"{'algorithm': 'brute', 'metric': 'hamming', 'n_neighbors': 5}"
2,3,0.006697654724121094,0.00030231475830078125,0.7988110780715942,0.07890069484710693,brute,hamming,10,"{'algorithm': 'brute', 'metric': 'hamming', 'n_neighbors': 10}",0.171875,0.022809123649459785,0.10005783689994216,0.07448344405825695,7,0.3637454981992797,0.31808035714285715,0.3409129276710684,0.022832570528211277,0.31808035714285715,0.27130852340936373,0.29554655870445345,0.023370387285675573,5,0.602641056422569,0.6729910714285714,0.6378160639255702,0.03517500750300118,0.19921398046397926,0.07227634643601168,0.13805779241001917,0.06342667010373332,7,0.34778911564625725,0.36877480158730286,0.35828195861678,0.010492842970522803,0.36952102710841067,0.30905744158850423,0.3403907976474031,0.03021171712728649,5,0.588725530285004,0.5954416422911942,0.5920835862880991,0.0033580560030951334,0.22579018823438465,0.24891715127609484,0.23693232832330577,0.011555802710365605,6,0.2694548208893947,0.26668599257884973,0.2680704067341222,0.0013844141552724898,"{'algorithm': 'brute', 'metric': 'hamming', 'n_neighbors': 10}"
3,3,0.009577274322509766,0.003428220748901367,0.9120775461196899,0.049938082695007324,brute,hamming,15,"{'algorithm': 'brute', 'metric': 'hamming', 'n_neighbors': 15}",0.171875,0.021608643457382955,0.09947946790052054,0.07508328556067653,8,0.42737094837935174,0.21986607142857142,0.32361850990396157,0.10375243847539016,0.23660714285714285,0.12484993997599039,0.1827646038172354,0.05584149486587327,9,0.5570228091236494,0.5390625,0.5480426545618247,0.008980154561824716,0.19572608690912202,0.060031338542744075,0.13035088425487515,0.06780231966153626,9,0.3475624015840117,0.2148351648351642,0.28119878320958797,0.06636361837442374,0.35807040530476064,0.26953608574702026,0.3154162189591287,0.04423776386292248,8,0.6091141357249674,0.45163993615712633,0.5303770359410469,0.07873709978392054,0.2312028930890538,0.07144629280283542,0.15423513829528868,0.07982525640122962,8,0.262523762751854,0.2588459531539889,0.26068485795292146,0.0018389047989325613,"{'algorithm': 'brute', 'metric': 'hamming', 'n_neighbors': 15}"
4,3,0.014154672622680664,0.0015957355499267578,1.0016207695007324,0.2304670810699463,brute,hamming,20,"{'algorithm': 'brute', 'metric': 'hamming', 'n_neighbors': 20}",0.171875,0.031212484993997598,0.10410641989589357,0.07028455354131985,5,0.2028811524609844,0.22767857142857142,0.2152798619447779,0.012398709483793513,0.35044642857142855,0.11404561824729892,0.23655292076344708,0.11812191335928177,7,0.5582232893157263,0.46205357142857145,0.5101384303721489,0.04808485894357742,0.20832207582552037,0.05506679077578117,0.13448653363556504,0.07657675740483515,8,0.309348949663899,0.18992367780445432,0.24963631373417666,0.05971263592972233,0.361303652023684,0.25990104092402616,0.31244976246554923,0.050667636994542624,9,0.5082202487908835,0.4269616823628291,0.4675909655768563,0.04062928321402717,0.22792376893939395,0.06881095295260961,0.15126617743159096,0.07950357800623788,9,0.2586571511721572,0.23022560586734692,0.24444137851975206,0.014215772652405145,"{'algorithm': 'brute', 'metric': 'hamming', 'n_neighbors': 20}"
5,3,0.010375738143920898,0.005123615264892578,0.8575221300125122,0.0045119524002075195,brute,hamming,25,"{'algorithm': 'brute', 'metric': 'hamming', 'n_neighbors': 25}",0.171875,0.031212484993997598,0.10410641989589357,0.07028455354131985,5,0.18487394957983194,0.12834821428571427,0.15661108193277312,0.028262867647058834,0.2533482142857143,0.18847539015606243,0.2220936957779063,0.032414872439345876,8,0.524609843937575,0.43526785714285715,0.4799388505402161,0.04467099339735894,0.2168290656765394,0.07661131248448627,0.1492747635313802,0.07006232030793624,6,0.29440946657300554,0.17504361256563997,0.23472653956932277,0.05968292700368279,0.3685482320970918,0.2733086448568183,0.32266357265744583,0.04758817136432237,7,0.4787639834209928,0.4280863224833372,0.453425152952165,0.02533883046882779,0.23700513586116265,0.06831153240516985,0.1557316993783159,0.08429079064649853,7,0.26621121175743023,0.0932484925788497,0.17972985216813997,0.08648135958929026,"{'algorithm': 'brute', 'metric': 'hamming', 'n_neighbors': 25}"
6,3,0.011696934700012207,0.0019456148147583008,0.8732104301452637,0.011167049407958984,brute,hamming,40,"{'algorithm': 'brute', 'metric': 'hamming', 'n_neighbors': 40}",0.171875,0.09843937575030012,0.13649508386350492,0.03669342940582307,4,0.18487394957983194,0.26785714285714285,0.2263655462184874,0.041491596638655454,0.27232142857142855,0.3673469387755102,0.31810294968189706,0.04748120392590032,4,0.4309723889555822,0.3984375,0.4147049444777911,0.016267444477791104,0.23134890902747784,0.13552573210436464,0.18518308694711155,0.04787977243734424,4,0.3053074608348874,0.3116222457774272,0.3084648533061573,0.003157392471269893,0.37896142093162816,0.38359931273704717,0.3811958708297855,0.0023174059905221468,4,0.4771135474634633,0.47444043926099644,0.4757769933622299,0.001336554101233428,0.23662115414347556,0.24074544103355627,0.23860815875853467,0.0020607740643146574,4,0.25239815406682153,0.23443297773654917,0.24341556590168534,0.008982588165136182,"{'algorithm': 'brute', 'metric': 'hamming', 'n_neighbors': 40}"
7,3,0.01036691665649414,0.0009403228759765625,0.9219000339508057,0.03727078437805176,brute,hamming,60,"{'algorithm': 'brute', 'metric': 'hamming', 'n_neighbors': 60}",0.171875,0.09963985594237695,0.13707345286292655,0.03609358790340349,1,0.18487394957983194,0.2109375,0.19790572478991597,0.013031775210084029,0.3482142857142857,0.3745498199279712,0.3609022556390977,0.01315902295932967,1,0.4225690276110444,0.44642857142857145,0.43449879951980797,0.011929771908763515,0.256668706824966,0.18184398774279883,0.22061955066797048,0.037387515603004684,3,0.3015471550677569,0.3039665067785107,0.3027568309231338,0.0012096758553769016,0.4007777322823873,0.3867588187382958,0.394023680817825,0.007004802093427553,3,0.46023719687359343,0.4672223102549881,0.4637297535642908,0.0034925566906973404,0.23766946409245512,0.2514490731357478,0.24430822310521555,0.0068852292989389045,1,0.2563633765194389,0.24177102659245517,0.24906720155594703,0.007296174963491872,"{'algorithm': 'brute', 'metric': 'hamming', 'n_neighbors': 60}"
8,3,0.010738492012023926,0.0011528730392456055,1.0042409896850586,0.06303143501281738,brute,hamming,80,"{'algorithm': 'brute', 'metric': 'hamming', 'n_neighbors': 80}",0.171875,0.09963985594237695,0.13707345286292655,0.03609358790340349,1,0.18487394957983194,0.171875,0.17837447478991597,0.006499474789915971,0.3482142857142857,0.3697478991596639,0.3585887796414112,0.01075965694965133,3,0.4141656662665066,0.4095982142857143,0.41188194027611047,0.0022837259903961404,0.258387585036725,0.2338734761303781,0.24657714390370766,0.012248915070744762,2,0.29864540741696527,0.2824047756471013,0.2905250915320333,0.008120315884931978,0.4031364299563861,0.38632151799880965,0.3950353185274323,0.008401872949054196,2,0.45561306082631414,0.43769474532740016,0.44665390307685715,0.008959157749456992,0.23751002531694496,0.25148480171289295,0.2442428123255191,0.0069827481741462265,2,0.25067928470089335,0.2383205057591218,0.2444998952300076,0.006179389470885768,"{'algorithm': 'brute', 'metric': 'hamming', 'n_neighbors': 80}"
9,3,0.008250832557678223,0.0009399652481079102,0.9988209009170532,0.06305372714996338,brute,hamming,100,"{'algorithm': 'brute', 'metric': 'hamming', 'n_neighbors': 100}",0.171875,0.09963985594237695,0.13707345286292655,0.03609358790340349,1,0.18487394957983194,0.09375,0.13931197478991597,0.04556197478991597,0.36160714285714285,0.3565426170468187,0.3591671486408329,0.0025305813383326246,2,0.41536614645858344,0.40625,0.4108080732292917,0.00455807322929172,0.26133413503080866,0.23457464916127233,0.24844191309366362,0.013370858023229293,1,0.3003034350376689,0.23814403726646605,0.26922373615206746,0.031079698885601414,0.4072752372549346,0.3867202207405501,0.3973722131042797,0.010270683406210387,1,0.45012618175241675,0.41886009275197766,0.4344931372521972,0.015633044500219545,0.23091324598021026,0.24348874614780974,0.23697188776136144,0.006283574659537446,5,0.24662116794769853,0.23702506570810142,0.24182311682789998,0.004798051119798558,"{'algorithm': 'brute', 'metric': 'hamming', 'n_neighbors': 100}"
0,4,0.010979771614074707,0.005653500556945801,0.8780804872512817,0.02889692783355713,brute,hamming,1,"{'algorithm': 'brute', 'metric': 'hamming', 'n_neighbors': 1}",0.0022371364653243847,0.3341317365269461,0.1625216888374783,0.16585065473633298,10,0.98562874251497,0.9787472035794184,0.9821879730471942,0.0034407694677758283,0.021252796420581657,0.3520958083832335,0.18102949681897051,0.16532516690165686,10,0.98562874251497,0.9798657718120806,0.9827472571635253,0.0028814853514447236,0.010765024187842953,0.3398229182660286,0.16967962312091697,0.16443312777277289,10,0.9857515737755257,0.9789288514120726,0.9823402125937992,0.0034113611817265244,0.20847940541658092,0.4900511223172705,0.3444611194779319,0.14070386681356775,10,0.9884308867189218,0.9828571747723285,0.9856440307456251,0.0027868559732966425,0.041128470709007624,0.37157982735827044,0.20071602582880776,0.16512945329214204,10,0.42516945330118977,0.40426925051086127,0.4147193519060255,0.010450101395164252,"{'algorithm': 'brute', 'metric': 'hamming', 'n_neighbors': 1}"
1,4,0.01365649700164795,0.005585312843322754,0.9990676641464233,0.07522428035736084,brute,hamming,5,"{'algorithm': 'brute', 'metric': 'hamming', 'n_neighbors': 5}",0.31543624161073824,0.022754491017964073,0.17408906882591094,0.1462556484985751,9,0.46467065868263474,0.18232662192393737,0.32349864030328607,0.1411720183793487,0.46756152125279643,0.14131736526946106,0.3100057836899942,0.16302707806542352,9,1.0,1.0,1.0,0.0,0.35785053251495913,0.03560264087210186,0.20222474331785917,0.16103010957830532,9,0.5503792415169639,0.3281319910514494,0.4392556162842067,0.11112362523275726,0.5054495409427658,0.23542104478951237,0.3750424881446359,0.13493561774180568,9,0.75311156842263,0.7134962932292225,0.7333039308259263,0.019807637596703787,0.38260972621710876,0.0955816159888016,0.2439929118500547,0.1434304746153106,9,0.4450083469424787,0.4410048955518754,0.44300662124717705,0.0020017256953016593,"{'algorithm': 'brute', 'metric': 'hamming', 'n_neighbors': 5}"
2,4,0.007619261741638184,0.0017768144607543945,1.0120820999145508,0.1503288745880127,brute,hamming,10,"{'algorithm': 'brute', 'metric': 'hamming', 'n_neighbors': 10}",0.31655480984340045,0.022754491017964073,0.17466743782533256,0.1468146068959695,8,0.4359281437125748,0.36017897091722595,0.3980535573149004,0.03787458639767444,0.47874720357941836,0.19161676646706588,0.340080971659919,0.1434816082604886,8,0.7688622754491018,0.5917225950782998,0.6802924352637008,0.088569840185401,0.35017369220389116,0.06474640462664524,0.21232997610961682,0.1426305294376971,8,0.5106463263948285,0.4107662192393766,0.4607062728171026,0.04994005357772596,0.5040896321932526,0.3539414045331343,0.43157733022899647,0.07503039175782647,8,0.6737028749622044,0.6569829898811443,0.6653429324216744,0.008359942540530019,0.39974754738177554,0.08626881302330403,0.2483567184695004,0.15664808445095696,8,0.437734712393395,0.20122551013490608,0.31948011126415055,0.11825460112924446,"{'algorithm': 'brute', 'metric': 'hamming', 'n_neighbors': 10}"
3,4,0.006306052207946777,0.00012290477752685547,1.084551453590393,0.0778893232345581,brute,hamming,15,"{'algorithm': 'brute', 'metric': 'hamming', 'n_neighbors': 15}",0.31655480984340045,0.05029940119760479,0.18796992481203006,0.1330501726837265,7,0.3389221556886228,0.23378076062639822,0.2863514581575105,0.05257069753111228,0.48210290827740493,0.5365269461077844,0.5083863504916136,0.027196171031066838,7,0.6838323353293413,0.6465324384787472,0.6651823869040443,0.018649948425297047,0.37647825701516735,0.1605123087159012,0.27218006914363047,0.10792008643568202,7,0.4799528216294682,0.2859416869483989,0.3829472542889335,0.09700556734053464,0.5054555939801038,0.4100174298518265,0.45936486694302364,0.04769129116463351,7,0.6303098037932735,0.5471383730918067,0.5887240884425401,0.04158571535073341,0.38678656168589054,0.39721263965575343,0.391821712122464,0.005210002986830061,7,0.4285128962853514,0.4100823188742652,0.4192976075798083,0.009215288705543084,"{'algorithm': 'brute', 'metric': 'hamming', 'n_neighbors': 15}"
4,4,0.009303808212280273,0.001608133316040039,0.9417762756347656,0.16480088233947754,brute,hamming,20,"{'algorithm': 'brute', 'metric': 'hamming', 'n_neighbors': 20}",0.31655480984340045,0.10778443113772455,0.21573163678426838,0.10432439693643672,6,0.3389221556886228,0.2595078299776286,0.2992149928331257,0.03970716285549708,0.49440715883668906,0.5353293413173653,0.5141700404858299,0.020449174998326995,6,0.644311377245509,0.656599552572707,0.650455464909108,0.006144087663598974,0.37835905084226934,0.2555358148172518,0.3190430288174633,0.06137585277917217,6,0.4727296921308883,0.4176315854168185,0.4451806387738534,0.02754905335703489,0.5121252259203002,0.45775123151649977,0.48586595158416757,0.02717116389005929,6,0.6204301232086775,0.6003641001890208,0.6103971116988491,0.010033011509828382,0.3855586788304909,0.4244809601576068,0.40435573198731095,0.019449806778222327,3,0.42508624309821913,0.4121514279903542,0.4186188355442867,0.006467407553932464,"{'algorithm': 'brute', 'metric': 'hamming', 'n_neighbors': 20}"
5,4,0.007974386215209961,0.0019979476928710938,1.1700184345245361,0.1782231330871582,brute,hamming,25,"{'algorithm': 'brute', 'metric': 'hamming', 'n_neighbors': 25}",0.31655480984340045,0.3389221556886228,0.32735685367264317,0.011177159714124193,1,0.3389221556886228,0.3624161073825503,0.35066913153558654,0.01174697584696377,0.4966442953020134,0.555688622754491,0.525159051474841,0.029504970447370056,2,0.6407185628742516,0.6129753914988815,0.6268469771865666,0.01387158568768504,0.37330945837657104,0.42795659811598297,0.39970064500607305,0.027307657019929234,5,0.47106928999144615,0.4484274507715099,0.45974837038147803,0.011320919609968116,0.5098475310792163,0.5536459652616555,0.5309994643020831,0.021886463305624892,5,0.6237563286024757,0.6102646631770694,0.6170104958897725,0.006745832712703126,0.40324803645273444,0.42478036135521163,0.41364681684230553,0.010759892394779088,1,0.4276240246779169,0.409545672448357,0.41858484856313694,0.009039176114779945,"{'algorithm': 'brute', 'metric': 'hamming', 'n_neighbors': 25}"
6,4,0.005455493927001953,0.0008623600006103516,0.9076879024505615,0.07542562484741211,brute,hamming,40,"{'algorithm': 'brute', 'metric': 'hamming', 'n_neighbors': 40}",0.31655480984340045,0.3389221556886228,0.32735685367264317,0.011177159714124193,1,0.3389221556886228,0.31655480984340045,0.3277384827660116,0.01118367292261116,0.5078299776286354,0.5293413173652695,0.5182186234817814,0.010749405922585262,4,0.6383233532934132,0.6543624161073825,0.6463428847003978,0.008019531406984692,0.3879231697554818,0.427774260616994,0.40716878043758853,0.01991394108283702,4,0.4624536221674297,0.4483891729697123,0.45542139756857103,0.0070322245988586884,0.5173711092534943,0.5532200767038028,0.5346839420013298,0.01791404476647485,4,0.6020041852559924,0.5917701020399151,0.5968871436479537,0.005117041608038664,0.39122475958046427,0.42430987375897544,0.4072028222404162,0.016532922944554163,2,0.41911312440054954,0.4101539847177431,0.4146335545591463,0.004479569841403214,"{'algorithm': 'brute', 'metric': 'hamming', 'n_neighbors': 40}"
7,4,0.008723616600036621,0.0032044649124145508,1.1081360578536987,0.066109299659729,brute,hamming,60,"{'algorithm': 'brute', 'metric': 'hamming', 'n_neighbors': 60}",0.31655480984340045,0.3389221556886228,0.32735685367264317,0.011177159714124193,1,0.3389221556886228,0.31655480984340045,0.3277384827660116,0.01118367292261116,0.5156599552572707,0.5173652694610779,0.5164835164835165,0.0008521605268060185,5,0.5760479041916168,0.5480984340044742,0.5620731690980455,0.013974735093571278,0.3976186870117402,0.4279260197120126,0.4122552531220511,0.015144841075205214,3,0.46088440284873566,0.43473247037953827,0.44780843661413694,0.013075966234598696,0.5351663661578671,0.5537426029516456,0.5441375389298769,0.009282709131794577,3,0.590926680419199,0.5687734904312745,0.5798500854252367,0.011076594993962297,0.3912327493535547,0.41084330041216266,0.4007034319064394,0.009799565079415441,4,0.41482883583482383,0.3852628151118084,0.40004582547331613,0.014783010361507726,"{'algorithm': 'brute', 'metric': 'hamming', 'n_neighbors': 60}"
8,4,0.012886881828308105,0.00038611888885498047,0.9678208827972412,0.00171661376953125,brute,hamming,80,"{'algorithm': 'brute', 'metric': 'hamming', 'n_neighbors': 80}",0.31655480984340045,0.3389221556886228,0.32735685367264317,0.011177159714124193,1,0.3389221556886228,0.31655480984340045,0.3277384827660116,0.01118367292261116,0.5167785234899329,0.5269461077844312,0.5216888374783112,0.005080831420626621,3,0.61437125748503,0.5973154362416108,0.6058433468633204,0.0085279106217096,0.41732008794089265,0.4341878627486712,0.42546617930265956,0.008428975630503452,1,0.46214572187626,0.4321463449918068,0.4471460334340334,0.0149996884422266,0.538459633935985,0.555129696084528,0.5465102423188846,0.008330176873374581,2,0.585403090212427,0.5603293919875513,0.5728662410999892,0.012536849112437853,0.39132596337294323,0.39578056873266454,0.39347726208628464,0.0022260055311673853,6,0.42077408818726175,0.3854044519984117,0.40308927009283674,0.017684818094425014,"{'algorithm': 'brute', 'metric': 'hamming', 'n_neighbors': 80}"
9,4,0.01015317440032959,0.0012038946151733398,0.9678272008895874,0.054001450538635254,brute,hamming,100,"{'algorithm': 'brute', 'metric': 'hamming', 'n_neighbors': 100}",0.31655480984340045,0.3389221556886228,0.32735685367264317,0.011177159714124193,1,0.3389221556886228,0.31655480984340045,0.3277384827660116,0.01118367292261116,0.5324384787472036,0.5209580838323353,0.5268941584731058,0.005736854449903855,1,0.6203592814371257,0.5447427293064877,0.5825510053718067,0.037808276065319,0.413769874793364,0.43638154287710024,0.42468991114380916,0.011299249688521643,2,0.46851687678035,0.42773054434892394,0.44812371056463696,0.02039316621571302,0.5393029935363959,0.5566354917555155,0.5476735175462079,0.008661202012095406,1,0.5885541686091833,0.5585172303759539,0.5735356994925687,0.015018469116614697,0.3915589984214145,0.40859131088472406,0.39978455128831064,0.008511196546099935,5,0.4206671591881173,0.38556545803190095,0.40311630861000913,0.01755085057810818,"{'algorithm': 'brute', 'metric': 'hamming', 'n_neighbors': 100}"
0,5,0.013785004615783691,0.005216002464294434,0.9818170070648193,0.129791259765625,brute,hamming,1,"{'algorithm': 'brute', 'metric': 'hamming', 'n_neighbors': 1}",0.0011312217194570137,0.5136094674556213,0.2515905147484095,0.25617392852363957,9,0.98698224852071,0.9796380090497737,0.9833101287852419,0.00367211973546816,0.013574660633484163,0.5349112426035503,0.2683632157316368,0.2606019697372957,10,0.9893491124260355,0.9807692307692307,0.9850591715976331,0.004289940828402394,0.009668561704760773,0.517766651494459,0.25798717701551555,0.2539844077670257,9,0.9870935113538662,0.9798120431604592,0.9834527772571627,0.003640734096703513,0.17219215235237,0.603158975828123,0.3828150360059334,0.2154285867774674,10,0.9897120527387191,0.9841098440595997,0.9869109483991594,0.0028011043395597124,0.01246704276116041,0.5222621481083018,0.2616150265774325,0.2548326996618192,10,0.5685470170854785,0.547330537109949,0.5579387770977138,0.010608239987764778,"{'algorithm': 'brute', 'metric': 'hamming', 'n_neighbors': 1}"
1,5,0.010830879211425781,0.0021920204162597656,1.1150392293930054,0.07678449153900146,brute,hamming,5,"{'algorithm': 'brute', 'metric': 'hamming', 'n_neighbors': 5}",0.006787330316742082,0.03076923076923077,0.01850780798149219,0.011987899395713498,10,0.5443786982248521,0.4230769230769231,0.48372781065088755,0.0606508875739645,0.6085972850678733,0.5763313609467455,0.5928282244071718,0.01612885738726619,9,1.0,1.0,1.0,0.0,0.1251213404493969,0.28205633945278774,0.2018188963533097,0.0784475351920584,10,0.608875739644968,0.5061463046757141,0.557511022160341,0.051364717484626954,0.6255802010758408,0.6207505211982287,0.6232198312108423,0.0024142255365048487,8,0.7960155261919165,0.751239103591767,0.7736273148918418,0.022388211300074734,0.533094013829308,0.5727292451138606,0.5524646155849164,0.019812573490844657,8,0.5919523297215605,0.5863151799181211,0.5891337548198408,0.002818574901719717,"{'algorithm': 'brute', 'metric': 'hamming', 'n_neighbors': 5}"
2,5,0.0054912567138671875,0.0008769035339355469,0.8261291980743408,0.03656578063964844,brute,hamming,10,"{'algorithm': 'brute', 'metric': 'hamming', 'n_neighbors': 10}",0.4920814479638009,0.029585798816568046,0.26604973973395024,0.2311889887090611,8,0.5514792899408284,0.502262443438914,0.5268708666898712,0.02460842325095719,0.6425339366515838,0.6402366863905326,0.6414112203585888,0.0011483328884137963,8,0.8816568047337278,0.8416289592760181,0.8616428820048729,0.020013922728854827,0.5464717691810443,0.2948521071302126,0.42349975389304384,0.12577782151271413,8,0.6343683666760592,0.5380539395245244,0.5862111531002918,0.04815721357576741,0.6441563940405153,0.4704399990278046,0.5592574039967093,0.08683609837027298,9,0.7632031084079977,0.7562511318133753,0.7597271201106865,0.003475988297311161,0.5517138743609331,0.5794774968621123,0.5652825620494794,0.013878279332535732,4,0.592806987883911,0.5880759191788603,0.5904414535313856,0.0023655343525253447,"{'algorithm': 'brute', 'metric': 'hamming', 'n_neighbors': 10}"
3,5,0.011538028717041016,0.00417780876159668,1.1006208658218384,0.12852895259857178,brute,hamming,15,"{'algorithm': 'brute', 'metric': 'hamming', 'n_neighbors': 15}",0.4920814479638009,0.5136094674556213,0.5026026604973973,0.010761271083089708,7,0.514792899408284,0.6538461538461539,0.584319526627219,0.06952662721893493,0.6640271493212669,0.6343195266272189,0.6495083863504916,0.014850032125169041,7,0.8461538461538461,0.8552036199095022,0.8506787330316742,0.004524886877828038,0.5461258073248983,0.5639482214038388,0.5548360096943054,0.008908939781080389,7,0.626377383300459,0.6153931852461263,0.6208852842732926,0.005492099027166353,0.6418286616976211,0.664665423740313,0.6529894852523203,0.011415475868311754,6,0.7403223533051188,0.7400681306202855,0.7401952419627021,0.00012711134241660815,0.5309191054043995,0.5597132867132866,0.5449914496531038,0.014393427635008466,9,0.5738882143497528,0.5661250759044877,0.5700066451271202,0.0038815692226325527,"{'algorithm': 'brute', 'metric': 'hamming', 'n_neighbors': 15}"
4,5,0.013170599937438965,0.0004967451095581055,1.1106137037277222,0.1408456563949585,brute,hamming,20,"{'algorithm': 'brute', 'metric': 'hamming', 'n_neighbors': 20}",0.4920814479638009,0.514792899408284,0.503181029496819,0.011352836510454361,1,0.514792899408284,0.4920814479638009,0.5034371736860425,0.011355725722241555,0.6346153846153846,0.685207100591716,0.6593406593406593,0.025289422019839733,4,0.7988165680473372,0.8133484162895928,0.8060824921684651,0.007265924121127754,0.5522046957567278,0.5589679748259593,0.5555100577078559,0.0033807791516651015,6,0.6185069631223457,0.6020980056896363,0.610302484405991,0.008204478716354657,0.6452729088971464,0.6608888137187706,0.652904742080647,0.0078059658510191985,7,0.7262682564425438,0.7168529795241035,0.7215606179833236,0.00470763845922012,0.534968364968365,0.5789888829119598,0.5564821519332798,0.022004658951048778,6,0.5800467993544917,0.562644120585297,0.5713454599698944,0.008701339384597329,"{'algorithm': 'brute', 'metric': 'hamming', 'n_neighbors': 20}"
5,5,0.0076465606689453125,0.0006146430969238281,0.8556212186813354,0.002276301383972168,brute,hamming,25,"{'algorithm': 'brute', 'metric': 'hamming', 'n_neighbors': 25}",0.4920814479638009,0.514792899408284,0.503181029496819,0.011352836510454361,1,0.514792899408284,0.4920814479638009,0.5034371736860425,0.011355725722241555,0.6289592760180995,0.685207100591716,0.6564488143435512,0.0281167567829797,6,0.7964497041420119,0.7760180995475113,0.7862339018447616,0.010215802297250276,0.5515092624821124,0.5676703983064911,0.5594075619451546,0.008078511991446807,5,0.6158030135544938,0.5865951993397421,0.601199106447118,0.014603907107375858,0.646559343013926,0.6644254081170808,0.6552908785906558,0.008930759740171535,5,0.7195433300323276,0.6999440403570759,0.7097436851947018,0.009799644837625854,0.5310887886623181,0.5789888829119598,0.5544986091602634,0.023943953568129762,7,0.5784253438868824,0.5628724461812697,0.570648895034076,0.007776448852806317,"{'algorithm': 'brute', 'metric': 'hamming', 'n_neighbors': 25}"
6,5,0.010407805442810059,0.002879500389099121,1.0265263319015503,0.2075718641281128,brute,hamming,40,"{'algorithm': 'brute', 'metric': 'hamming', 'n_neighbors': 40}",0.4920814479638009,0.514792899408284,0.503181029496819,0.011352836510454361,1,0.514792899408284,0.4920814479638009,0.5034371736860425,0.011355725722241555,0.6764705882352942,0.6840236686390533,0.680161943319838,0.003775579345239224,1,0.7289940828402367,0.7669683257918553,0.747981204316046,0.018987121475809277,0.563256357769931,0.57126633933804,0.5671710104159994,0.004003971803245735,4,0.6110250991611937,0.5887391607234285,0.5998821299423112,0.011142969218882637,0.6576939533814585,0.6680136170242207,0.6627373980188986,0.00515851901696127,4,0.7100512221644802,0.6898701950698736,0.6999607086171769,0.010090513547303337,0.5758747624924095,0.5790170598632137,0.57741047173378,0.001570748941571328,2,0.5987883142498528,0.5728434800493624,0.5858158971496076,0.012972417100245215,"{'algorithm': 'brute', 'metric': 'hamming', 'n_neighbors': 40}"
7,5,0.007311224937438965,0.002271294593811035,1.121993899345398,0.034333109855651855,brute,hamming,60,"{'algorithm': 'brute', 'metric': 'hamming', 'n_neighbors': 60}",0.4920814479638009,0.514792899408284,0.503181029496819,0.011352836510454361,1,0.514792899408284,0.4920814479638009,0.5034371736860425,0.011355725722241555,0.6357466063348416,0.6828402366863905,0.6587622903412377,0.023540824212482377,5,0.6887573964497041,0.7149321266968326,0.7018447615732684,0.013087365123564232,0.5644316750368771,0.5756836523108705,0.569930761674543,0.005624557229345425,3,0.6067408521594043,0.5844660220240697,0.595603437091737,0.0111374150676673,0.654743789325592,0.6771106927821963,0.6656749827442331,0.011180606347800257,3,0.7008349190062394,0.687890002637052,0.6943624608216457,0.006472458184593688,0.5565436034553681,0.5572689361920131,0.5568980893792924,0.0003625740959330586,5,0.5794044929429545,0.5512731386260797,0.5653388157845172,0.014065677158437373,"{'algorithm': 'brute', 'metric': 'hamming', 'n_neighbors': 60}"
8,5,0.008891582489013672,0.002913951873779297,1.043277621269226,0.12580358982086182,brute,hamming,80,"{'algorithm': 'brute', 'metric': 'hamming', 'n_neighbors': 80}",0.4920814479638009,0.514792899408284,0.503181029496819,0.011352836510454361,1,0.514792899408284,0.4920814479638009,0.5034371736860425,0.011355725722241555,0.6764705882352942,0.6781065088757396,0.6772700983227299,0.0008177522084158499,2,0.7301775147928994,0.6945701357466063,0.7123738252697529,0.017803689523146538,0.5664802626447447,0.5881692135152397,0.5770801258521294,0.010841716299722375,2,0.6073526569352947,0.5823311811802854,0.59484191905779,0.012510737877504674,0.6580879177782085,0.6797308146225306,0.6686652733788171,0.01081869514534716,1,0.7036777470862842,0.68441618478714,0.6940469659367121,0.00963078114957211,0.5758147734618323,0.5791086349547888,0.5774245553944802,0.0016465117215879255,1,0.5995651015651015,0.5588403263403263,0.5792027139527138,0.020362387612387567,"{'algorithm': 'brute', 'metric': 'hamming', 'n_neighbors': 80}"
9,5,0.012788176536560059,0.0012665987014770508,0.9610642194747925,0.12363946437835693,brute,hamming,100,"{'algorithm': 'brute', 'metric': 'hamming', 'n_neighbors': 100}",0.4920814479638009,0.514792899408284,0.503181029496819,0.011352836510454361,1,0.514792899408284,0.4920814479638009,0.5034371736860425,0.011355725722241555,0.6764705882352942,0.6662721893491125,0.6714864083285136,0.005097902065230844,3,0.7218934911242604,0.7805429864253394,0.7512182387747999,0.029324747650539496,0.5688682044451262,0.5867232517646733,0.5775943553907695,0.008925252249982661,1,0.6046219383232773,0.5823109934309026,0.59346646587709,0.011155472446187309,0.6601353771588988,0.6771907525873411,0.6684707110149044,0.008525518033791708,2,0.6984813965551783,0.6787328524136574,0.6886071244844179,0.009874272070760415,0.5758147734618323,0.5596313174005482,0.5679055656123325,0.00808966927045564,3,0.5993537744306975,0.5519428120898708,0.5756482932602842,0.023705481170413323,"{'algorithm': 'brute', 'metric': 'hamming', 'n_neighbors': 100}"
