id,name,plugin1,plugin2,plugin3,plugin4,plugin5,plugin6
5301,_Clean****,3.0,9.0,7.0,55.0,55.0,55.0
5350,AC*DC*****,7.0,52.0,24.0,55.0,55.0,55.0
5358,DearPruden,47.0,14.0,21.0,55.0,55.0,55.0
5359,PaganBaby*,50.0,27.0,30.0,55.0,55.0,55.0
5360,WalkOnWate,47.0,27.0,30.0,55.0,55.0,55.0
5371,Blues*****,9.0,48.0,25.0,55.0,55.0,55.0
5372,Money4Noth,7.0,52.0,28.0,55.0,55.0,55.0
5424,AC-Solo,42.0,9.0,30.0,55.0,55.0,55.0
5431,Shredding,34.0,52.0,29.0,55.0,55.0,55.0
5475,Djent*****,7.0,41.0,9.0,55.0,55.0,55.0
5476,Petrucci**,53.0,33.0,9.0,55.0,55.0,55.0
5482,DZ*DRIVE**,54.0,7.0,25.0,55.0,55.0,55.0
5695,Wylde*****,34.0,52.0,14.0,55.0,55.0,55.0
5696,Foo*Fight*,33.0,50.0,3.0,55.0,55.0,55.0
5732,RGallagh*2,47.0,4.0,7.0,55.0,55.0,55.0
5735,TheShadow2,21.0,21.0,30.0,55.0,55.0,55.0
5832,Twin*Set**,5.0,47.0,28.0,55.0,55.0,55.0
5877,Gary*Moore,53.0,24.0,7.0,55.0,55.0,55.0
5891,ZKUN*Drive,7.0,53.0,24.0,55.0,55.0,55.0
5892,LowMansLyr,47.0,18.0,24.0,55.0,55.0,55.0
5893,Fuel******,7.0,34.0,52.0,55.0,55.0,55.0
5938,Smells****,7.0,53.0,30.0,55.0,55.0,55.0
5939,Cowboys***,7.0,54.0,28.0,55.0,55.0,55.0
6070,AH*Clean**,42.0,43.0,21.0,0.0,0.0,0.0
6071,AH*lead1**,32.0,46.0,6.0,9.0,0.0,0.0
6177,TeenSpirit,37.0,46.0,17.0,6.0,25.0,29.0
6209,Petrucci,6.0,12.0,33.0,46.0,8.0,25.0
6210,JP-Clean,2.0,41.0,13.0,8.0,20.0,23.0
6230,TimeHsCome,3.0,34.0,32.0,52.0,19.0,23.0
6232,Hossana***,2.0,34.0,44.0,21.0,22.0,23.0
6259,Randy*****,6.0,33.0,13.0,49.0,24.0,55.0
6261,Rock******,15.0,50.0,6.0,55.0,55.0,55.0
6262,Clean*****,41.0,0.0,23.0,10.0,13.0,55.0
6275,U2*where4*,42.0,3.0,15.0,44.0,21.0,22.0
6276,U2*still2*,3.0,42.0,44.0,15.0,21.0,22.0
6278,U2*with4**,42.0,3.0,44.0,21.0,22.0,54.0
6289,PF*Anothe2,42.0,3.0,18.0,43.0,20.0,54.0
6341,Ambassador,34.0,19.0,51.0,12.0,18.0,6.0
6342,Acoustic**,23.0,41.0,2.0,29.0,9.0,41.0
6345,Maiden****,6.0,13.0,57.0,24.0,55.0,55.0
6381,*ENGL*BG**,6.0,56.0,22.0,54.0,37.0,55.0
6451,Clean*****,7.0,3.0,19.0,54.0,20.0,55.0
6454,Clean*2***,7.0,4.0,42.0,13.0,11.0,55.0
6455,Funk******,7.0,2.0,42.0,23.0,55.0,55.0
6490,Us*&*them*,2.0,42.0,47.0,16.0,21.0,54.0
6497,VX*CRUNCH*,6.0,2.0,44.0,55.0,55.0,55.0
6499,FEND*CRUNC,6.0,2.0,43.0,55.0,55.0,55.0
6501,MS1959*BS*,6.0,33.0,57.0,55.0,55.0,55.0
6573,FaitNoMore,7.0,29.0,27.0,51.0,55.0,55.0
6578,BeatleHARD,7.0,44.0,29.0,23.0,8.0,55.0
6579,OD*02*Hi**,6.0,33.0,9.0,8.0,29.0,23.0
6584,BeatleSOFT,7.0,3.0,44.0,29.0,8.0,32.0
6585,BOOWY*CLN*,8.0,3.0,19.0,16.0,54.0,55.0
6586,BOOWY*OD2*,34.0,34.0,3.0,8.0,54.0,55.0
6587,BOOWY*DIST,37.0,3.0,8.0,17.0,29.0,54.0
6588,BOOWY*ER**,37.0,3.0,54.0,28.0,28.0,23.0
6592,DS+*ZEP***,31.0,6.0,36.0,9.0,8.0,29.0
6610,BOOWY*****,2.0,6.0,36.0,8.0,16.0,23.0
6679,LaGngClean,41.0,32.0,57.0,8.0,54.0,55.0
6718,Comf*Numb1,38.0,33.0,8.0,22.0,47.0,7.0
6719,PF*Shine**,2.0,3.0,33.0,47.0,20.0,23.0
6730,Metalcore*,34.0,33.0,6.0,48.0,22.0,32.0
6734,Slash,8.0,35.0,30.0,49.0,6.0,24.0
6738,Clean*Kirk,2.0,16.0,22.0,1.0,55.0,55.0
6740,Joe*Sat,6.0,2.0,56.0,13.0,21.0,27.0
6742,WAH*BGN***,6.0,56.0,16.0,19.0,27.0,55.0
6743,Metal*Solo,40.0,51.0,6.0,19.0,55.0,55.0
6744,C.O.B*****,34.0,33.0,6.0,48.0,39.0,22.0
6764,JP*Clean**,2.0,41.0,13.0,8.0,20.0,54.0
6765,JP*Flanger,2.0,41.0,18.0,8.0,20.0,54.0
6766,Acoustic**,2.0,41.0,13.0,23.0,54.0,55.0
6767,BG*Drive**,7.0,34.0,50.0,9.0,19.0,54.0
6776,.AC*life,8.0,16.0,19.0,27.0,55.0,55.0
6776,.Aural,2.0,10.0,8.0,55.0,55.0,55.0
6776,.Cement,34.0,19.0,8.0,28.0,55.0,55.0
6776,.Floats,42.0,8.0,21.0,19.0,23.0,55.0
6776,.Leading,6.0,37.0,8.0,16.0,19.0,23.0
6776,.Snap,11.0,42.0,8.0,16.0,19.0,23.0
6776,AcouSky,6.0,41.0,8.0,16.0,19.0,24.0
6776,Angra,2.0,7.0,50.0,8.0,19.0,55.0
6776,Bossa,6.0,41.0,8.0,23.0,55.0,55.0
6776,CharaDve,2.0,6.0,45.0,8.0,55.0,55.0
6776,ClasEcho,32.0,6.0,48.0,8.0,20.0,24.0
6776,ClassicD,32.0,6.0,45.0,8.0,26.0,55.0
6776,CrArena,6.0,47.0,8.0,19.0,27.0,55.0
6776,Delta*B,6.0,44.0,8.0,26.0,55.0,55.0
6776,Dynamic,6.0,46.0,8.0,21.0,55.0,55.0
6776,EarlySlp,6.0,8.0,17.0,22.0,28.0,55.0
6776,EZ*Lead,32.0,6.0,49.0,8.0,20.0,55.0
6776,Face,6.0,46.0,8.0,55.0,55.0,55.0
6776,FullOD,7.0,33.0,8.0,28.0,55.0,55.0
6776,FusionCl,2.0,8.0,16.0,19.0,55.0,55.0
6776,G*Shop,32.0,6.0,48.0,8.0,24.0,55.0
6776,LeadCho,6.0,46.0,8.0,16.0,19.0,55.0
6776,MainRhyt,32.0,6.0,49.0,8.0,19.0,55.0
6776,MoogWay,10.0,6.0,44.0,8.0,19.0,24.0
6776,Muppets,2.0,6.0,39.0,8.0,55.0,55.0
6776,NoAttack,2.0,5.0,6.0,8.0,19.0,55.0
6776,OldJazz,6.0,8.0,23.0,55.0,55.0,55.0
6776,PageArea,6.0,45.0,8.0,24.0,55.0,55.0
6776,PhaseCL,6.0,8.0,12.0,27.0,55.0,55.0
6776,PhaseCR,6.0,47.0,8.0,12.0,24.0,55.0
6776,Shadows,32.0,6.0,49.0,8.0,17.0,55.0
6776,SprinTap,2.0,6.0,8.0,26.0,55.0,55.0
6776,Start,32.0,6.0,49.0,8.0,21.0,23.0
6776,Stern,6.0,8.0,15.0,20.0,55.0,55.0
6776,TapClean,2.0,6.0,8.0,13.0,23.0,55.0
6776,Tight*CL,2.0,6.0,43.0,8.0,55.0,55.0
6776,Train,11.0,6.0,33.0,8.0,25.0,55.0
6788,Acustic***,41.0,15.0,8.0,0.0,27.0,6.0
6824,JoesatTone,30.0,6.0,49.0,21.0,21.0,27.0
6833,hotelcalif,57.0,2.0,27.0,55.0,55.0,55.0
6846,rodolfo.*a,6.0,12.0,8.0,47.0,16.0,0.0
6847,Sc00ps**,6.0,50.0,8.0,21.0,19.0,23.0
6847,Cream***,6.0,36.0,8.0,14.0,19.0,26.0
6847,Chalk***,2.0,6.0,45.0,8.0,29.0,19.0
6847,Wowmen**,2.0,10.0,43.0,8.0,15.0,28.0
6847,JF*Riff*,32.0,6.0,48.0,8.0,29.0,24.0
6847,JM*Lead*,2.0,6.0,43.0,8.0,13.0,24.0
6847,Every*BG,2.0,6.0,45.0,8.0,26.0,55.0
6847,EVH1959,32.0,6.0,48.0,8.0,25.0,55.0
6847,BS*Riff,2.0,6.0,43.0,8.0,20.0,55.0
6847,Carlos,6.0,46.0,8.0,27.0,55.0,55.0
6847,PeteHW,6.0,47.0,8.0,24.0,55.0,55.0
6847,BROTHER,2.0,6.0,43.0,8.0,13.0,23.0
6847,MB*Shock,6.0,36.0,8.0,22.0,28.0,55.0
6847,RR*Mtl,2.0,6.0,39.0,8.0,16.0,24.0
6847,YngDrv,32.0,6.0,49.0,8.0,20.0,23.0
6847,Edge,2.0,6.0,43.0,8.0,19.0,23.0
6847,JP*Drv,2.0,50.0,8.0,16.0,19.0,23.0
6847,Wackjob,2.0,31.0,6.0,8.0,12.0,24.0
6847,FullVx,6.0,44.0,8.0,24.0,55.0,55.0
6847,TexasMan,6.0,45.0,8.0,28.0,55.0,55.0
6847,BgLead,6.0,46.0,8.0,20.0,27.0,55.0
6847,HwCrunch,6.0,47.0,8.0,25.0,55.0,55.0
6847,McCrunch,6.0,48.0,8.0,25.0,55.0,55.0
6847,MdRhythm,6.0,49.0,8.0,28.0,55.0,55.0
6847,PvRhythm,6.0,50.0,8.0,55.0,55.0,55.0
6847,DzRhythm,6.0,51.0,8.0,55.0,55.0,55.0
6847,FatOd,6.0,33.0,8.0,25.0,55.0,55.0
6847,TsDrive,6.0,34.0,8.0,55.0,55.0,55.0
6847,GvDrive,6.0,35.0,8.0,55.0,55.0,55.0
6847,dist+,6.0,36.0,8.0,55.0,55.0,55.0
6847,RAT,6.0,37.0,8.0,22.0,55.0,55.0
6847,MuffDrv,6.0,38.0,8.0,24.0,55.0,55.0
6847,M*World,6.0,39.0,8.0,20.0,55.0,55.0
6847,Z*CLEAN,2.0,6.0,42.0,8.0,13.0,22.0
6847,LEAD,6.0,40.0,8.0,20.0,23.0,55.0
6847,ACOSIM,6.0,41.0,8.0,24.0,55.0,55.0
6847,Auto*Wah,10.0,6.0,8.0,55.0,55.0,55.0
6847,TapeEcho,6.0,48.0,20.0,55.0,55.0,55.0
6847,PP*Delay,6.0,8.0,19.0,55.0,55.0,55.0
6847,Spring,6.0,43.0,26.0,55.0,55.0,55.0
6847,EarlyRef,6.0,48.0,28.0,55.0,55.0,55.0
6903,TREM*FD***,32.0,11.0,43.0,20.0,55.0,55.0
6903,MS*Echo***,6.0,34.0,48.0,8.0,20.0,27.0
6903,Taste-AC**,6.0,4.0,41.0,15.0,29.0,23.0
6903,Jazz******,4.0,13.0,43.0,19.0,55.0,55.0
6903,Clean*FLNG,7.0,2.0,18.0,43.0,26.0,55.0
6903,DST&VIBRO*,7.0,31.0,36.0,53.0,23.0,55.0
6903,StereoFunk,2.0,10.0,8.0,29.0,55.0,55.0
6903,Tele*ClnRW,2.0,8.0,16.0,55.0,55.0,55.0
6903,Str*Cln*LD,2.0,9.0,15.0,1.0,55.0,55.0
6903,Trem*Clean,2.0,8.0,11.0,23.0,55.0,55.0
6903,Elec*Rhyth,3.0,46.0,28.0,55.0,55.0,55.0
6903,Fool*Frnds,2.0,8.0,41.0,23.0,55.0,55.0
6903,Honeydrip*,4.0,34.0,20.0,55.0,55.0,55.0
6903,Thrash*Em*,34.0,48.0,6.0,24.0,55.0,55.0
6903,Solottery*,4.0,32.0,22.0,46.0,55.0,55.0
6903,HeavyMedal,39.0,8.0,7.0,55.0,55.0,55.0
6903,StackedUp*,47.0,19.0,27.0,18.0,3.0,7.0
6903,MrGovenor*,35.0,9.0,19.0,23.0,7.0,55.0
6903,CrunchCore,37.0,8.0,16.0,7.0,55.0,55.0
6903,FD*COMBO**,30.0,3.0,26.0,43.0,24.0,55.0
6903,FD*VIBRO**,11.0,53.0,26.0,29.0,55.0,55.0
6903,US*BLUES**,45.0,28.0,20.0,54.0,55.0,55.0
6903,VX*COMBO**,44.0,28.0,17.0,23.0,55.0,55.0
6903,BG*CRUNCH*,46.0,6.0,28.0,22.0,23.0,55.0
6903,MATCH30***,30.0,52.0,6.0,29.0,55.0,55.0
6903,HW*STACK**,47.0,6.0,28.0,29.0,55.0,55.0
6903,MS*CRUNCH*,34.0,48.0,6.0,29.0,19.0,23.0
6903,MS*DRIVE**,2.0,49.0,6.0,29.0,23.0,55.0
6903,DZ*DRIVE**,51.0,6.0,25.0,55.0,55.0,55.0
6903,BrianDL***,6.0,9.0,44.0,0.0,55.0,55.0
6903,Smooth****,6.0,34.0,48.0,8.0,19.0,27.0
6903,MetalKirk*,31.0,50.0,16.0,23.0,55.0,55.0
6903,U2....****,3.0,15.0,44.0,0.0,55.0,55.0
6903,Beatle*AC*,7.0,44.0,29.0,23.0,55.0,55.0
6903,J.Page****,31.0,32.0,48.0,23.0,55.0,55.0
6903,Mr.Moore**,6.0,35.0,48.0,19.0,26.0,55.0
6903,M.S-Wah***,6.0,31.0,48.0,24.0,55.0,55.0
6903,JazzFusion,6.0,45.0,17.0,22.0,55.0,55.0
6929,HVDrv*****,6.0,39.0,50.0,8.0,1.0,55.0
6932,Over+Clean,42.0,45.0,9.0,19.0,54.0,55.0
6934,Clean*****,41.0,29.0,13.0,22.0,55.0,55.0
6957,FadeToBlak,6.0,31.0,33.0,46.0,25.0,8.0
6958,Acust-Fade,6.0,4.0,41.0,15.0,8.0,23.0
6959,LikeAStone,8.0,42.0,11.0,33.0,55.0,55.0
6971,SinceSoloG,2.0,32.0,6.0,46.0,8.0,1.0
6986,JpOldClean,2.0,41.0,15.0,8.0,27.0,29.0
6988,HeavensDoo,35.0,57.0,23.0,55.0,55.0,55.0
6993,Rumble****,33.0,57.0,11.0,55.0,55.0,55.0
7000,IOMMI*****,6.0,33.0,8.0,23.0,47.0,55.0
7001,Blink-182,7.0,39.0,8.0,43.0,55.0,55.0
7005,Tunnel****,2.0,8.0,43.0,27.0,55.0,55.0
7007,AcDc******,6.0,4.0,34.0,48.0,8.0,24.0
7008,sultanlive,3.0,8.0,43.0,27.0,55.0,55.0
7025,Djenty****,6.0,56.0,8.0,55.0,55.0,55.0
7029,Esandman**,41.0,44.0,9.0,23.0,16.0,19.0
7050,punked****,7.0,34.0,38.0,43.0,55.0,55.0
7051,ACDC******,6.0,46.0,23.0,55.0,55.0,55.0
7083,HW*STACK,50.0,30.0,25.0,55.0,55.0,55.0
7083,Angra*****,53.0,7.0,20.0,55.0,55.0,55.0
7083,JTM45*****,48.0,29.0,25.0,55.0,55.0,55.0
7083,Rockabilly,12.0,47.0,21.0,55.0,55.0,55.0
7083,DoublePick,3.0,42.0,24.0,55.0,55.0,55.0
7083,10*inch,8.0,34.0,49.0,55.0,55.0,55.0
7083,Metal,33.0,54.0,20.0,55.0,55.0,55.0
7083,BROKEN****,8.0,9.0,40.0,55.0,55.0,55.0
7083,FD*CLEAN**,12.0,27.0,47.0,55.0,55.0,55.0
7083,FD*TWANG**,27.0,47.0,30.0,55.0,55.0,55.0
7083,Heavy*****,43.0,54.0,7.0,55.0,55.0,55.0
7083,TIME*BOMB,3.0,35.0,51.0,55.0,55.0,55.0
7083,Glam-Rock*,33.0,33.0,51.0,55.0,55.0,55.0
7083,RETRO*LEAD,49.0,34.0,30.0,55.0,55.0,55.0
7083,Z.Z*,39.0,50.0,30.0,55.0,55.0,55.0
7083,YngDrive,36.0,52.0,24.0,55.0,55.0,55.0
7083,RECT*DRIVE,53.0,7.0,24.0,55.0,55.0,55.0
7083,Standard**,14.0,21.0,27.0,55.0,55.0,55.0
7083,Juice*****,53.0,9.0,15.0,55.0,55.0,55.0
7083,Chalk*****,48.0,30.0,25.0,55.0,55.0,55.0
7083,Start*****,52.0,22.0,24.0,55.0,55.0,55.0
7083,HeadCrush*,3.0,9.0,52.0,55.0,55.0,55.0
7083,Surf,4.0,47.0,27.0,55.0,55.0,55.0
7083,DeepArpe,3.0,14.0,17.0,55.0,55.0,55.0
7083,Open*Wah,10.0,34.0,47.0,55.0,55.0,55.0
7083,ToneAge***,4.0,51.0,9.0,55.0,55.0,55.0
7083,Guitar1&2,40.0,18.0,19.0,55.0,55.0,55.0
7083,Police****,16.0,47.0,20.0,55.0,55.0,55.0
7083,Nirvana***,37.0,14.0,20.0,55.0,55.0,55.0
7083,2000*DRIVE,52.0,20.0,24.0,55.0,55.0,55.0
7098,Queens*of,23.0,32.0,57.0,8.0,16.0,55.0
7105,no*one*kno,6.0,37.0,48.0,26.0,55.0,55.0
7116,Golden*Ear,6.0,34.0,48.0,55.0,55.0,55.0
7126,Still*Wait,6.0,50.0,24.0,55.0,55.0,55.0
7145,ENGL*ORG**,56.0,6.0,23.0,55.0,55.0,55.0
7159,SmingAlien,34.0,56.0,6.0,23.0,55.0,55.0
7181,HandjbLead,34.0,56.0,6.0,23.0,0.0,55.0
7188,Limpio*2**,6.0,2.0,37.0,43.0,15.0,27.0
7200,come*asyou,17.0,16.0,15.0,13.0,9.0,3.0
7205,APACHE*HP*,2.0,44.0,20.0,20.0,20.0,54.0
7210,Koloss*1.0,7.0,33.0,49.0,8.0,9.0,55.0
7216,DOOKIE****,34.0,7.0,57.0,55.0,55.0,55.0
7218,Buckethead,37.0,32.0,46.0,13.0,4.0,6.0
7220,ACUSTICA**,3.0,8.0,1.0,7.0,55.0,55.0
7233,Orion*****,34.0,50.0,8.0,4.0,6.0,16.0
7279,Haruka****,3.0,6.0,32.0,53.0,23.0,55.0
7310,Mad*Sounds,2.0,53.0,42.0,11.0,26.0,55.0
7313,Money4Noth,6.0,3.0,30.0,53.0,27.0,55.0
7313,acdc******,6.0,37.0,57.0,29.0,23.0,55.0
7313,Destructio,6.0,8.0,33.0,56.0,28.0,20.0
7313,GreenDay!!,4.0,32.0,47.0,29.0,55.0,55.0
7313,Metallic**,7.0,49.0,17.0,29.0,31.0,55.0
7313,J.Hetfield,32.0,51.0,12.0,19.0,55.0,55.0
7313,AH*Chorus*,6.0,4.0,43.0,8.0,21.0,16.0
7313,SmokeWatr1,32.0,32.0,31.0,22.0,44.0,23.0
7313,SmokeWatr2,32.0,32.0,22.0,44.0,23.0,55.0
7313,Best*Clean,2.0,13.0,43.0,6.0,26.0,55.0
7313,ExciteSurf,3.0,43.0,26.0,55.0,55.0,55.0
7313,stVaiFLGod,6.0,3.0,34.0,48.0,16.0,54.0
7313,Nofx4*****,31.0,6.0,32.0,33.0,46.0,17.0
7313,Nofx3*****,31.0,6.0,32.0,50.0,17.0,28.0
7313,TremoloZ**,32.0,43.0,20.0,55.0,55.0,55.0
7313,SAtr*aws**,6.0,3.0,33.0,49.0,16.0,54.0
7313,Clean*Hall,9.0,54.0,5.0,55.0,55.0,55.0
7313,Tap*jo,3.0,42.0,16.0,0.0,55.0,55.0
7313,Santana***,3.0,6.0,8.0,34.0,57.0,28.0
7313,Maiden****,6.0,12.0,34.0,49.0,55.0,55.0
7313,Crazytrain,36.0,57.0,8.0,6.0,55.0,55.0
7313,Solo1,6.0,51.0,0.0,15.0,13.0,25.0
7313,Sidewalk**,44.0,0.0,28.0,55.0,55.0,55.0
7313,SatchSumme,6.0,3.0,34.0,31.0,52.0,16.0
7313,S.R.V*****,36.0,12.0,45.0,24.0,55.0,55.0
7313,The*Police,2.0,15.0,43.0,19.0,55.0,55.0
7313,'70s*V.H**,12.0,8.0,50.0,23.0,55.0,55.0
7313,'90s*V.H**,2.0,49.0,9.0,14.0,19.0,23.0
7313,Bizkit****,4.0,32.0,9.0,56.0,55.0,55.0
7313,Pretenders,2.0,32.0,20.0,53.0,26.0,55.0
7313,WelcomeToJ,7.0,48.0,0.0,3.0,27.0,55.0
7313,MS*EchoZ**,6.0,34.0,48.0,8.0,27.0,55.0
7313,TalkingZ**,57.0,6.0,19.0,24.0,55.0,55.0
7313,BG*Filter*,7.0,50.0,23.0,55.0,55.0,55.0
7314,metlcaEsaD,7.0,31.0,6.0,51.0,16.0,55.0
7314,Cho&Rev***,30.0,43.0,0.0,16.0,55.0,55.0
7314,Fuzz+A.Pan,38.0,6.0,53.0,19.0,55.0,55.0
7314,Strumming*,6.0,15.0,52.0,25.0,55.0,55.0
7314,Edge*Cut**,2.0,6.0,43.0,16.0,0.0,54.0
7314,Basic*Riff,6.0,32.0,49.0,24.0,55.0,55.0
7314,Basic*Lead,6.0,34.0,49.0,19.0,55.0,55.0
7314,BasicDrive,6.0,34.0,48.0,24.0,55.0,55.0
7314,ModnHvy***,6.0,51.0,9.0,55.0,55.0,55.0
7314,Time*Clean,6.0,3.0,43.0,16.0,0.0,27.0
7314,BasicTrem*,7.0,13.0,45.0,11.0,26.0,55.0
7314,Clean*Wah*,10.0,30.0,43.0,23.0,55.0,55.0
7314,Cut-Phaser,7.0,4.0,12.0,43.0,25.0,55.0
7314,MS*Love***,57.0,32.0,6.0,20.0,27.0,55.0
7314,DB*Dist***,6.0,50.0,9.0,16.0,55.0,55.0
7314,Tele*ClnRH,6.0,2.0,8.0,55.0,55.0,55.0
7314,Tele*ClnLD,2.0,8.0,6.0,55.0,55.0,55.0
7314,Tele*ClnRW,8.0,2.0,16.0,6.0,55.0,55.0
7314,Str*Cln*LD,6.0,2.0,9.0,15.0,1.0,55.0
7314,410BlsMnDR,6.0,45.0,2.0,55.0,55.0,55.0
7314,410BlsMnWT,45.0,2.0,28.0,55.0,55.0,55.0
7314,OldSch*Wah,2.0,8.0,26.0,10.0,55.0,55.0
7314,Funky*Plkr,2.0,8.0,26.0,55.0,55.0,55.0
7314,StadiumFuz,38.0,27.0,8.0,55.0,55.0,55.0
7314,Aut-o-mtc*,10.0,43.0,28.0,55.0,55.0,55.0
7314,Tap*Deep**,43.0,16.0,0.0,55.0,55.0,55.0
7314,Class*A***,7.0,31.0,34.0,49.0,27.0,55.0
7314,Desplugado,41.0,16.0,54.0,55.0,55.0,55.0
7314,RiffReflec,7.0,3.0,56.0,28.0,55.0,55.0
7314,Force*One*,7.0,36.0,53.0,23.0,55.0,55.0
7314,MessiahTap,15.0,0.0,0.0,23.0,55.0,55.0
7314,Whispering,45.0,0.0,0.0,55.0,55.0,55.0
7314,Puff*Muff*,6.0,38.0,48.0,28.0,55.0,55.0
7315,Chicken***,32.0,2.0,32.0,45.0,29.0,28.0
7315,Honeydrip*,4.0,34.0,20.0,6.0,55.0,55.0
7315,Blue*Glass,42.0,15.0,26.0,22.0,55.0,55.0
7315,Running***,4.0,12.0,19.0,47.0,24.0,55.0
7315,Solottery*,4.0,32.0,22.0,46.0,6.0,55.0
7315,Warmth****,42.0,52.0,26.0,6.0,55.0,55.0
7315,AutoScream,10.0,36.0,25.0,3.0,6.0,55.0
7315,HighWatt**,47.0,9.0,7.0,55.0,55.0,55.0
7315,Eds*Thang*,41.0,1.0,3.0,55.0,55.0,55.0
7315,CountryDrt,52.0,3.0,19.0,6.0,55.0,55.0
7315,KernelLee*,52.0,19.0,3.0,23.0,7.0,55.0
7315,MrGovenor*,35.0,9.0,19.0,23.0,6.0,55.0
7315,CaptCrunch,37.0,8.0,6.0,55.0,55.0,55.0
7315,CrunchCore,37.0,8.0,16.0,6.0,55.0,55.0
7315,CrunchEcho,37.0,8.0,16.0,19.0,19.0,6.0
7315,DelayDream,43.0,9.0,0.0,3.0,6.0,55.0
7315,WoundedBee,52.0,8.0,19.0,7.0,55.0,55.0
7315,SantanaBMC,31.0,6.0,4.0,46.0,15.0,22.0
7315,SantanaTSc,31.0,7.0,4.0,34.0,15.0,22.0
7316,Patch11,6.0,30.0,34.0,57.0,21.0,28.0
7316,Patch41,6.0,34.0,50.0,19.0,24.0,55.0
7316,Patch42,6.0,46.0,16.0,55.0,55.0,55.0
7316,Patch47,6.0,32.0,57.0,13.0,28.0,55.0
7316,Patch84,6.0,30.0,34.0,45.0,22.0,28.0
7316,Patch91,6.0,56.0,13.0,21.0,55.0,55.0
7316,Patch97,6.0,50.0,17.0,54.0,55.0,55.0
7316,Patch100,6.0,57.0,16.0,26.0,55.0,55.0
7322,U2*whereST,2.0,6.0,44.0,19.0,19.0,54.0
7388,CMNA*DIST*,10.0,34.0,39.0,7.0,8.0,55.0
7495,BrothersiA,6.0,40.0,27.0,55.0,55.0,55.0
7515,Slash*****,6.0,2.0,33.0,49.0,19.0,55.0
7523,U2*Bad****,42.0,3.0,44.0,19.0,19.0,54.0
7527,KoRn,35.0,54.0,19.0,55.0,55.0,55.0
7530,Sevenfold*,35.0,53.0,19.0,55.0,55.0,55.0
7531,80JUDAS,6.0,3.0,34.0,57.0,24.0,55.0
7532,5150******,6.0,49.0,16.0,0.0,27.0,55.0
7533,BostonCL**,6.0,3.0,41.0,8.0,16.0,0.0
7540,SYKES*****,6.0,50.0,0.0,0.0,27.0,55.0
7545,SCHON,6.0,8.0,49.0,0.0,54.0,55.0
7547,Joe*Satria,36.0,30.0,54.0,7.0,48.0,55.0
7555,BostonDR**,6.0,8.0,48.0,16.0,0.0,55.0
7558,Dire*Strat,2.0,54.0,43.0,55.0,55.0,55.0
7567,DRIVE*****,6.0,2.0,8.0,49.0,0.0,54.0
7568,crunch****,6.0,2.0,57.0,0.0,24.0,55.0
7577,Metal*1*RE,6.0,51.0,27.0,55.0,55.0,55.0
7583,HiGain*LD,32.0,8.0,50.0,6.0,0.0,0.0
7585,Heavy*Tone,7.0,34.0,8.0,51.0,6.0,55.0
7599,BeachBBVI#,6.0,11.0,26.0,53.0,3.0,25.0
7600,TicTacBVI1,11.0,45.0,3.0,6.0,25.0,55.0
7601,JeTaimeVI#,11.0,45.0,3.0,6.0,55.0,55.0
7628,H_Glam_NG*,34.0,50.0,8.0,6.0,16.0,7.0
7638,ACOUST-SFT,41.0,15.0,8.0,3.0,23.0,29.0
7642,DP,6.0,3.0,57.0,20.0,55.0,55.0
7646,DISTORT-LD,34.0,48.0,6.0,8.0,23.0,55.0
7662,BasicTwin#,6.0,4.0,20.0,26.0,43.0,28.0
7663,Surf60's2#,6.0,2.0,26.0,20.0,11.0,53.0
7665,SerenadeSM,6.0,2.0,15.0,43.0,29.0,55.0
7672,335Crunsh1,6.0,4.0,33.0,20.0,47.0,29.0
7673,60sJazzRec,6.0,26.0,43.0,25.0,55.0,55.0
7675,ShafferSet,6.0,4.0,15.0,26.0,43.0,54.0
7694,May*Delay*,42.0,44.0,29.0,32.0,12.0,19.0
7695,HELLOWEEN,6.0,51.0,0.0,54.0,55.0,55.0
7702,Running***,2.0,12.0,19.0,47.0,55.0,55.0
7753,X*********,6.0,2.0,49.0,0.0,54.0,55.0
7760,Fab4*1966#,44.0,3.0,6.0,55.0,55.0,55.0
7769,3s*Company,4.0,10.0,53.0,26.0,55.0,55.0
7771,Supersoni3,6.0,36.0,22.0,49.0,28.0,8.0
7780,Variax1928,3.0,41.0,15.0,27.0,29.0,55.0
7781,VariaxAc12,3.0,41.0,15.0,29.0,55.0,55.0
7839,BrianDL***,6.0,9.0,44.0,0.0,34.0,55.0
7856,Limelight*,31.0,32.0,47.0,15.0,25.0,55.0
7860,MARK*IIC+*,6.0,34.0,46.0,8.0,22.0,23.0
7877,Rhythm****,51.0,6.0,27.0,55.0,55.0,55.0
7878,Lead******,51.0,6.0,54.0,55.0,55.0,55.0
7883,TBIB,2.0,57.0,25.0,55.0,55.0,55.0
7884,motleycrue,6.0,3.0,50.0,0.0,0.0,54.0
7887,Sudacu****,7.0,2.0,41.0,8.0,14.0,25.0
7910,idiot*****,34.0,4.0,7.0,57.0,8.0,55.0
7928,WorkingMan,32.0,49.0,8.0,29.0,25.0,55.0
7937,Wasted,6.0,33.0,57.0,15.0,22.0,27.0
7938,Battery***,6.0,33.0,49.0,8.0,23.0,16.0
7939,FtB*solo**,6.0,34.0,48.0,8.0,16.0,19.0
7942,High*Gain,6.0,50.0,0.0,55.0,55.0,55.0
7943,GtLky,54.0,16.0,13.0,43.0,55.0,55.0
7946,blues*1***,3.0,6.0,34.0,45.0,26.0,22.0
7959,Cocain,34.0,53.0,6.0,55.0,55.0,55.0
7986,take5*****,35.0,7.0,29.0,27.0,55.0,55.0
8090,Heavy*Dist,6.0,51.0,25.0,55.0,55.0,55.0
8091,Clean,6.0,43.0,31.0,25.0,55.0,55.0
8100,Punk*'77**,33.0,7.0,48.0,26.0,55.0,55.0
8101,Rory*G.***,2.0,34.0,8.0,44.0,1.0,55.0
8115,Wanted,41.0,16.0,25.0,55.0,55.0,55.0
8139,Kill'emAll,37.0,48.0,6.0,29.0,23.0,55.0
8173,Saul2014**,57.0,3.0,29.0,7.0,25.0,55.0
8174,Saul1908**,7.0,31.0,29.0,25.0,57.0,55.0
8181,ROCKER****,6.0,4.0,39.0,48.0,19.0,26.0
8183,FD*COMBO**,3.0,43.0,29.0,55.0,55.0,55.0
8183,US*BLUES**,45.0,6.0,29.0,55.0,55.0,55.0
8183,VX*COMBO**,44.0,6.0,29.0,55.0,55.0,55.0
8183,BG*CRUNCH*,46.0,6.0,29.0,55.0,55.0,55.0
8183,MATCH30***,52.0,6.0,29.0,55.0,55.0,55.0
8183,HW*STACK**,47.0,6.0,29.0,55.0,55.0,55.0
8183,MS*CRUNCH*,48.0,6.0,29.0,55.0,55.0,55.0
8183,MS1959****,57.0,6.0,29.0,55.0,55.0,55.0
8183,MS*DRIVE**,49.0,6.0,29.0,55.0,55.0,55.0
8183,BG*DRIVE**,50.0,6.0,29.0,55.0,55.0,55.0
8183,DZ*DRIVE**,51.0,6.0,29.0,55.0,55.0,55.0
8183,ALIEN*****,56.0,6.0,29.0,55.0,55.0,55.0
8183,Z*Clean***,42.0,43.0,6.0,29.0,55.0,55.0
8183,Overdrive*,33.0,43.0,6.0,29.0,55.0,55.0
8183,T-Screamer,34.0,43.0,6.0,29.0,55.0,55.0
8183,Governor**,35.0,43.0,6.0,29.0,55.0,55.0
8183,Dist+*****,36.0,43.0,6.0,29.0,55.0,55.0
8183,Squeak****,37.0,43.0,6.0,29.0,55.0,55.0
8183,Great*Muff,38.0,43.0,6.0,29.0,55.0,55.0
8183,MetalWorld,39.0,43.0,6.0,29.0,55.0,55.0
8183,Lead******,40.0,43.0,6.0,29.0,55.0,55.0
8183,Acoustic**,41.0,43.0,6.0,29.0,55.0,55.0
8183,-FD*2x12**,43.0,6.0,29.0,55.0,55.0,55.0
8194,3rdSTAGE,3.0,8.0,48.0,16.0,16.0,0.0
8207,Satisfy***,38.0,26.0,43.0,32.0,55.0,55.0
8215,Live*Tokyo,6.0,33.0,49.0,9.0,1.0,55.0
8223,Syn*Gates*,7.0,2.0,34.0,51.0,23.0,55.0
8225,Cln*Amb,6.0,2.0,16.0,22.0,1.0,55.0
8234,Sometimes*,6.0,4.0,38.0,28.0,48.0,55.0
8248,yellowled*,2.0,40.0,53.0,27.0,54.0,55.0
8274,jet*******,4.0,8.0,36.0,47.0,55.0,55.0
8275,S*Pumpkin*,38.0,31.0,57.0,3.0,28.0,55.0
8285,War*Arch#2,3.0,34.0,49.0,6.0,8.0,8.0
8296,YJM**,2.0,32.0,6.0,57.0,1.0,55.0
8303,Class*Rock,7.0,30.0,48.0,12.0,42.0,24.0
8313,nice******,6.0,44.0,33.0,19.0,12.0,5.0
8322,Pavement**,33.0,6.0,49.0,26.0,55.0,55.0
8323,Charlie*3,34.0,48.0,6.0,28.0,19.0,23.0
8334,TWIST*****,7.0,41.0,8.0,2.0,14.0,25.0
8339,METALLICA*,33.0,46.0,9.0,55.0,55.0,55.0
8347,rotaryfend,43.0,13.0,11.0,27.0,55.0,55.0
8356,OASIS*****,2.0,32.0,34.0,44.0,19.0,20.0
8362,StS*Clean*,4.0,13.0,42.0,43.0,19.0,27.0
8365,Slo*Clean*,6.0,5.0,43.0,20.0,22.0,27.0
8378,Vulgar*D,51.0,25.0,9.0,16.0,6.0,55.0
8405,TORNADO***,2.0,32.0,6.0,50.0,8.0,26.0
8438,Drive!****,6.0,39.0,18.0,57.0,1.0,8.0
8511,MAY*******,6.0,34.0,38.0,46.0,8.0,24.0
8513,CLN*TELE**,6.0,2.0,8.0,8.0,19.0,29.0
8524,e*johnson,6.0,2.0,34.0,57.0,8.0,1.0
8529,smokewater,7.0,57.0,8.0,26.0,55.0,55.0
8530,purplerain,4.0,52.0,8.0,18.0,22.0,26.0
8531,honkytonk,30.0,6.0,26.0,53.0,20.0,55.0
8533,chillpeppr,6.0,4.0,31.0,44.0,29.0,20.0
8534,mrjohnson*,6.0,2.0,34.0,57.0,22.0,1.0
8540,bmwoman,6.0,45.0,26.0,55.0,55.0,55.0
8542,SonicYouth,7.0,43.0,33.0,8.0,17.0,24.0
8543,Acustica**,43.0,4.0,41.0,15.0,29.0,23.0
8544,SpecialN**,47.0,6.0,28.0,27.0,22.0,2.0
8545,U2********,33.0,3.0,8.0,32.0,6.0,2.0
8546,cod*clean,6.0,53.0,16.0,20.0,22.0,26.0
8555,pgr*beck,3.0,6.0,34.0,53.0,21.0,54.0
8558,alrite*now,6.0,57.0,23.0,55.0,55.0,55.0
8638,InAPersian,3.0,20.0,20.0,20.0,54.0,55.0
8638,VOXLongTom,3.0,20.0,20.0,20.0,55.0,55.0
8660,Knopfler,2.0,15.0,45.0,54.0,55.0,55.0
8687,Comfortabl,7.0,2.0,38.0,22.0,8.0,47.0
8690,US*BLUES4*,31.0,45.0,28.0,20.0,27.0,55.0
8715,CLEAN*2***,2.0,41.0,8.0,22.0,55.0,55.0
8715,CLEAN*****,43.0,13.0,41.0,20.0,10.0,2.0
8724,U2*Myst***,44.0,10.0,12.0,27.0,55.0,55.0
8725,zooropa***,44.0,10.0,19.0,19.0,55.0,55.0
8727,Green*Day*,34.0,7.0,57.0,11.0,0.0,28.0
8730,CLEAN*01**,6.0,4.0,42.0,54.0,22.0,8.0
8735,Lead,6.0,2.0,56.0,22.0,8.0,55.0
8738,Ch*Grove**,35.0,1.0,9.0,7.0,8.0,55.0
8745,Nickelback,49.0,17.0,24.0,7.0,55.0,55.0
8748,RUN*LIKE**,57.0,27.0,22.0,55.0,55.0,55.0
8751,Petrucci**,34.0,46.0,8.0,6.0,29.0,23.0
8776,Beatles~**,6.0,13.0,44.0,29.0,55.0,55.0
8784,ScMoore~**,6.0,22.0,45.0,29.0,55.0,55.0
8786,SurfTrem~*,6.0,9.0,11.0,43.0,19.0,23.0
8786,SurfComp~*,6.0,4.0,43.0,9.0,19.0,23.0
8786,SurfFuzz~*,6.0,9.0,37.0,43.0,22.0,23.0
8786,SurfSolo~*,6.0,2.0,9.0,43.0,19.0,26.0
8786,Beachboys~,6.0,45.0,28.0,55.0,55.0,55.0
8801,Kill*All**,37.0,57.0,8.0,6.0,29.0,55.0
8802,STP*******,33.0,57.0,15.0,29.0,6.0,55.0
8804,A7X2003,6.0,34.0,46.0,28.0,2.0,55.0
8814,POD.NATION,6.0,32.0,22.0,23.0,13.0,55.0
8827,shots*****,44.0,21.0,54.0,55.0,55.0,55.0
8844,LizzyBreak,6.0,34.0,57.0,23.0,55.0,55.0
8853,JCulture**,6.0,3.0,32.0,44.0,22.0,23.0
8855,Pltshakers,6.0,33.0,57.0,29.0,55.0,55.0
8890,LushDream*,13.0,32.0,47.0,18.0,21.0,54.0
8891,Lush_Lead*,13.0,37.0,47.0,18.0,20.0,27.0
8897,Clean*2,2.0,20.0,8.0,22.0,55.0,55.0
8897,Clean*5*,6.0,44.0,29.0,20.0,55.0,55.0
8897,Clean*6,13.0,42.0,43.0,19.0,27.0,23.0
8913,Fuzz+A.Pan,38.0,53.0,19.0,55.0,55.0,55.0
8913,FuzzyBack*,57.0,28.0,22.0,55.0,55.0,55.0
8913,Clean*Wah*,7.0,30.0,43.0,23.0,55.0,55.0
8913,MS*Love***,32.0,57.0,6.0,20.0,27.0,55.0
8913,Clean*Alp*,3.0,6.0,43.0,8.0,16.0,0.0
8913,FD*COMBO**,26.0,43.0,24.0,55.0,55.0,55.0
8914,B-manCLNb*,47.0,6.0,8.0,13.0,22.0,27.0
8964,Slayer****,6.0,2.0,34.0,57.0,8.0,55.0
8973,RWTD******,6.0,12.0,32.0,22.0,48.0,54.0
8974,DTNA******,6.0,12.0,48.0,21.0,29.0,54.0
8975,EvrybodyWS,6.0,18.0,32.0,48.0,29.0,54.0
8977,PrettyWman,6.0,13.0,48.0,19.0,29.0,54.0
8978,Panama****,6.0,48.0,14.0,19.0,29.0,54.0
9040,JP*rthm***,2.0,50.0,8.0,6.0,20.0,27.0
9043,Vai*******,2.0,56.0,8.0,6.0,20.0,27.0
9074,MET100%***,6.0,3.0,39.0,8.0,27.0,55.0
9093,ENGL******,56.0,32.0,6.0,19.0,55.0,55.0
9133,DRMTHEATER,39.0,50.0,6.0,23.0,55.0,55.0
9134,80's*LEAD*,39.0,50.0,6.0,19.0,23.0,55.0
9135,FD*CLEAN**,2.0,8.0,23.0,55.0,55.0,55.0
9239,plini*****,8.0,7.0,33.0,27.0,52.0,34.0
9271,SSBoost,2.0,34.0,29.0,24.0,55.0,55.0
9289,MS59,6.0,3.0,57.0,14.0,19.0,23.0
9298,Mobius,54.0,21.0,0.0,55.0,55.0,55.0
9302,ALIEN*rit*,6.0,34.0,56.0,17.0,54.0,29.0
9303,ALIEN*sol*,6.0,34.0,56.0,15.0,0.0,29.0
9309,EvoRhitm,6.0,34.0,35.0,56.0,54.0,55.0
9310,EvoSolos,6.0,34.0,35.0,56.0,15.0,0.0
9318,Acustica**,41.0,15.0,29.0,23.0,55.0,55.0
9327,SD1*RHYTM*,6.0,33.0,56.0,17.0,54.0,29.0
9329,MegaDave,34.0,49.0,6.0,8.0,29.0,25.0
9334,C.*Santana,46.0,1.0,23.0,55.0,55.0,55.0
9346,BASE******,47.0,20.0,19.0,27.0,23.0,6.0
9347,LEAD*TONE*,34.0,0.0,54.0,43.0,6.0,55.0
9375,Red*Hot*Ch,2.0,23.0,6.0,40.0,34.0,43.0
9376,PFTheWall*,42.0,3.0,6.0,21.0,32.0,54.0
9377,Metallica,2.0,6.0,40.0,23.0,34.0,43.0
9379,A7X*******,6.0,34.0,50.0,27.0,29.0,55.0
9387,Djent*Rec,3.0,7.0,33.0,49.0,8.0,29.0
9389,BrothersiA,6.0,40.0,8.0,27.0,55.0,55.0
9392,DriveA-Wah,6.0,10.0,50.0,27.0,55.0,55.0
9401,90*metal**,50.0,9.0,8.0,16.0,1.0,6.0
9403,DRV*******,34.0,6.0,57.0,23.0,19.0,55.0
9404,CLEAN*****,2.0,21.0,22.0,14.0,43.0,27.0
9415,BLACKSTAR,2.0,6.0,39.0,49.0,55.0,55.0
9419,DonAcotk,2.0,10.0,6.0,41.0,8.0,29.0
9423,Bonamassa*,2.0,35.0,8.0,6.0,22.0,54.0
9432,Oasis*****,48.0,34.0,20.0,6.0,55.0,55.0
9455,FS*2*FDv,2.0,34.0,53.0,16.0,19.0,29.0
9455,FS*3*HW,4.0,33.0,47.0,15.0,25.0,29.0
9455,FS*4*FDc,4.0,35.0,43.0,13.0,19.0,29.0
9455,FS*5*US***,34.0,45.0,17.0,6.0,22.0,29.0
9455,JZ*1*FDc**,2.0,35.0,43.0,26.0,29.0,55.0
9455,JZ*6*BGc**,35.0,46.0,26.0,29.0,55.0,55.0
9455,JZ*8*MS9**,34.0,57.0,26.0,29.0,55.0,55.0
9455,BL*1*VX***,14.0,32.0,44.0,26.0,29.0,55.0
9455,BL*2*MT,11.0,35.0,52.0,6.0,20.0,29.0
9455,BL*8*US***,37.0,45.0,17.0,6.0,26.0,29.0
9455,RO*4*BGc,32.0,46.0,17.0,6.0,26.0,29.0
9455,RO*7*MS9**,34.0,57.0,6.0,28.0,22.0,29.0
9455,RO*8*HW***,33.0,47.0,17.0,6.0,22.0,29.0
9455,RO*A*AL***,34.0,56.0,18.0,6.0,19.0,29.0
9455,RO*C*DZ***,33.0,51.0,15.0,6.0,19.0,29.0
9455,RO*E*MSc**,37.0,48.0,6.0,19.0,23.0,29.0
9455,RO*F*MT***,34.0,52.0,15.0,6.0,19.0,29.0
9455,RO*H*AL***,34.0,56.0,16.0,6.0,1.0,29.0
9455,DR*1*FDv**,53.0,16.0,6.0,26.0,29.0,55.0
9455,DR*3*FDc**,43.0,14.0,6.0,28.0,29.0,55.0
9455,DR*6*MT***,52.0,18.0,6.0,22.0,29.0,55.0
9455,DR*9*US***,31.0,45.0,6.0,22.0,29.0,55.0
9455,HH*1*MSd**,49.0,14.0,6.0,22.0,29.0,55.0
9455,HH*2*DZ,30.0,51.0,16.0,6.0,22.0,29.0
9455,HH*5*BGc**,2.0,46.0,14.0,6.0,22.0,29.0
9455,HH*6*BGd**,2.0,50.0,6.0,23.0,29.0,55.0
9455,HH*7*MS9**,34.0,57.0,6.0,22.0,29.0,55.0
9455,HH*9*MSc**,34.0,48.0,6.0,28.0,0.0,29.0
9455,CL*1*VX*,4.0,44.0,13.0,16.0,6.0,0.0
9455,CL*3*VX***,30.0,44.0,17.0,6.0,23.0,29.0
9455,CL*4*FDc,41.0,43.0,15.0,8.0,0.0,27.0
9455,CL*7*HW***,2.0,10.0,47.0,17.0,29.0,55.0
9455,CL*8*HW***,4.0,41.0,47.0,15.0,29.0,23.0
9455,CL*9*FDv**,4.0,53.0,16.0,6.0,26.0,29.0
9455,CL*A*VX***,4.0,31.0,44.0,6.0,20.0,29.0
9455,CL*B*FDv,30.0,53.0,6.0,26.0,20.0,55.0
9455,CL*E*VX***,2.0,44.0,6.0,29.0,23.0,55.0
9455,CRUNCH****,3.0,15.0,35.0,57.0,6.0,22.0
9455,ACOUSTIC**,2.0,41.0,15.0,6.0,27.0,29.0
9467,KingSnake,2.0,6.0,39.0,46.0,54.0,55.0
9467,GreatWhite,2.0,6.0,31.0,39.0,46.0,19.0
9467,SmokeWater,2.0,6.0,33.0,57.0,25.0,55.0
9467,CatScratch,2.0,6.0,34.0,57.0,55.0,55.0
9467,AC~DC,2.0,6.0,33.0,57.0,23.0,55.0
9467,LimeLight,2.0,6.0,33.0,57.0,24.0,55.0
9467,38*Special,2.0,6.0,33.0,48.0,24.0,55.0
9467,*Zepplin,31.0,7.0,33.0,48.0,23.0,55.0
9467,Iron*Man,2.0,6.0,39.0,52.0,25.0,55.0
9467,HB*eVh****,18.0,49.0,22.0,55.0,55.0,55.0
9467,FD*BASIC,2.0,6.0,43.0,55.0,55.0,55.0
9467,Sanitarium,2.0,6.0,43.0,16.0,0.0,55.0
9467,~Surfin'*~,2.0,6.0,43.0,26.0,55.0,55.0
9467,Dick*Dale,4.0,6.0,37.0,43.0,26.0,55.0
9467,Jazz******,2.0,43.0,13.0,19.0,55.0,55.0
9467,Elegant,2.0,6.0,33.0,51.0,0.0,0.0
9467,AcouSky,2.0,6.0,41.0,16.0,19.0,24.0
9467,SCORPIONS,2.0,6.0,39.0,48.0,27.0,55.0
9467,Desplugado,2.0,6.0,41.0,16.0,54.0,55.0
9467,*MAIDEN,2.0,6.0,39.0,48.0,54.0,55.0
9467,Minor*SWG,2.0,6.0,41.0,29.0,55.0,55.0
9467,*Z.Z.*Top,2.0,6.0,34.0,52.0,54.0,55.0
9467,DOOKIE****,7.0,34.0,57.0,55.0,55.0,55.0
9467,WildOzz*,2.0,6.0,32.0,49.0,17.0,55.0
9467,SCHON,2.0,6.0,49.0,0.0,54.0,55.0
9467,HELLOWEEN,2.0,6.0,34.0,51.0,0.0,54.0
9467,PETRUCCI*,2.0,6.0,34.0,46.0,29.0,23.0
9467,Bossa,4.0,6.0,41.0,23.0,55.0,55.0
9467,*59'*Plexi,2.0,6.0,39.0,57.0,55.0,55.0
9467,**JCM*800,2.0,6.0,39.0,48.0,55.0,55.0
9467,HEADCRUSH,2.0,7.0,6.0,39.0,49.0,55.0
9467,MEGADETH,2.0,6.0,39.0,49.0,24.0,55.0
9467,**CTX-Dave,2.0,6.0,39.0,49.0,28.0,55.0
9467,***MESA*BG,2.0,6.0,39.0,50.0,55.0,55.0
9467,**BIG*FOUR,2.0,6.0,33.0,51.0,17.0,24.0
9467,****EMG*81,2.0,6.0,33.0,51.0,54.0,55.0
9467,FIRE-LEAD,2.0,6.0,39.0,57.0,17.0,22.0
9467,MEGA-LEAD,31.0,2.0,6.0,39.0,57.0,19.0
9467,**Evil-Wah,2.0,6.0,31.0,33.0,51.0,19.0
9467,METALLICA,2.0,6.0,33.0,51.0,16.0,24.0
9467,MetalKirk*,31.0,7.0,39.0,50.0,16.0,23.0
9472,Fusion****,6.0,2.0,8.0,53.0,22.0,32.0
9472,SmokOn****,6.0,34.0,8.0,53.0,20.0,32.0
9472,ROZA*GOUVR,6.0,33.0,35.0,8.0,14.0,32.0
9472,AC*12*STR*,6.0,3.0,15.0,8.0,41.0,13.0
9472,GansKnocin,6.0,34.0,8.0,35.0,20.0,32.0
9472,CRUNCH*GVR,6.0,34.0,35.0,42.0,8.0,32.0
9472,Status*Quo,6.0,33.0,35.0,42.0,8.0,32.0
9472,FDVIBRO***,6.0,2.0,53.0,8.0,32.0,55.0
9472,EXTRDST*TS,6.0,33.0,39.0,8.0,42.0,32.0
9472,AC*MAY****,6.0,2.0,41.0,13.0,8.0,23.0
9472,MAY*RAPSOD,6.0,46.0,35.0,42.0,20.0,32.0
9472,BostonCL**,6.0,2.0,41.0,8.0,16.0,23.0
9472,RunLikeHel,6.0,34.0,53.0,14.0,22.0,32.0
9472,May*Delay*,6.0,44.0,12.0,8.0,32.0,19.0
9472,METALL*GUV,6.0,35.0,8.0,39.0,42.0,32.0
9472,MS*CRUNCH*,6.0,34.0,8.0,48.0,42.0,32.0
9472,Metallica*,6.0,33.0,46.0,8.0,42.0,32.0
9472,Honeydrip*,6.0,4.0,33.0,8.0,32.0,22.0
9472,Acoustica*,6.0,4.0,41.0,8.0,15.0,23.0
9472,FD*Rhitm**,6.0,43.0,8.0,8.0,11.0,23.0
9472,MAY*CRUNCH,6.0,33.0,8.0,35.0,32.0,1.0
9472,Trem*Clean,6.0,2.0,8.0,11.0,23.0,32.0
9472,U2....****,6.0,3.0,15.0,44.0,0.0,55.0
9472,HARD*A-WAH,6.0,36.0,35.0,8.0,10.0,55.0
9472,80JUDAS***,6.0,3.0,34.0,57.0,42.0,32.0
9472,Mr.Moore**,6.0,35.0,8.0,48.0,19.0,32.0
9472,TELEC*wah*,6.0,2.0,31.0,8.0,22.0,42.0
9472,BrianDL***,6.0,44.0,9.0,0.0,32.0,55.0
9472,JP-Clean**,6.0,4.0,41.0,16.0,8.0,29.0
9472,StereoFunk,6.0,2.0,10.0,8.0,29.0,55.0
9472,AcDc*AGNUS,6.0,35.0,48.0,8.0,42.0,32.0
9472,S.R.V*****,6.0,36.0,8.0,45.0,22.0,32.0
9472,Tele*ClnRW,6.0,2.0,8.0,16.0,32.0,22.0
9472,PF*Wall***,6.0,3.0,21.0,8.0,54.0,32.0
9472,Taste-ACUS,6.0,4.0,15.0,41.0,8.0,16.0
9472,TELEC*DEL*,6.0,2.0,16.0,8.0,22.0,32.0
9472,Shine*SOLO,6.0,2.0,33.0,53.0,20.0,32.0
9472,PINK*CITY*,6.0,33.0,18.0,35.0,20.0,32.0
9472,Shine*CLEN,6.0,2.0,47.0,20.0,16.0,8.0
9472,Comfortabl,6.0,2.0,38.0,47.0,22.0,32.0
9472,Acc*OfDrea,6.0,2.0,16.0,0.0,54.0,32.0
9477,Paranoid**,6.0,46.0,1.0,8.0,55.0,55.0
9488,Jp,50.0,6.0,0.0,23.0,8.0,55.0
9530,JackT*SOLO,6.0,34.0,49.0,0.0,27.0,55.0
9540,KISSAlive*,38.0,48.0,27.0,55.0,55.0,55.0
9542,TameImpa**,12.0,11.0,23.0,22.0,38.0,2.0
9550,SabbathWah,6.0,30.0,40.0,46.0,55.0,55.0
9568,Funky*monk,57.0,6.0,23.0,2.0,27.0,32.0
9571,Frusciant2,57.0,6.0,23.0,2.0,13.0,32.0
9573,Right*clea,32.0,3.0,27.0,43.0,13.0,4.0
9588,FD*COMBO**,43.0,9.0,6.0,55.0,55.0,55.0
9588,FD*VIBRO**,53.0,9.0,6.0,55.0,55.0,55.0
9588,US*BLUES**,45.0,9.0,6.0,55.0,55.0,55.0
9588,VX*COMBO**,44.0,9.0,6.0,55.0,55.0,55.0
9588,BG*CRUNCH*,46.0,9.0,6.0,55.0,55.0,55.0
9588,MATCH30***,52.0,9.0,6.0,55.0,55.0,55.0
9588,HW*STACK**,47.0,9.0,6.0,55.0,55.0,55.0
9588,MS*CRUNCH*,48.0,9.0,6.0,55.0,55.0,55.0
9588,MS1959****,57.0,9.0,6.0,55.0,55.0,55.0
9588,MS*DRIVE**,49.0,9.0,6.0,55.0,55.0,55.0
9588,BG*DRIVE**,50.0,9.0,6.0,55.0,55.0,55.0
9588,DZ*DRIVE**,51.0,9.0,6.0,55.0,55.0,55.0
9588,ALIEN*****,56.0,9.0,6.0,55.0,55.0,55.0
9595,Eruption**,6.0,18.0,12.0,32.0,57.0,54.0
9599,Unchained*,6.0,18.0,12.0,9.0,48.0,19.0
9617,Mr.Angus,6.0,9.0,49.0,14.0,25.0,55.0
9637,MESA*BOO**,6.0,34.0,46.0,8.0,19.0,55.0
9638,STRAT*COMP,6.0,4.0,19.0,43.0,27.0,55.0
9672,Djent2**LD,34.0,50.0,6.0,54.0,19.0,55.0
9672,JB*Crunch*,6.0,48.0,8.0,27.0,55.0,55.0
9672,Variax1928,16.0,3.0,41.0,15.0,27.0,29.0
9672,fender*cle,4.0,13.0,43.0,19.0,8.0,27.0
9672,*JP*CH.2**,6.0,3.0,46.0,8.0,17.0,19.0
9672,MESA*Lead*,6.0,31.0,34.0,50.0,22.0,23.0
9672,Tube&MS***,6.0,10.0,34.0,48.0,3.0,1.0
9672,P.GILBERT*,6.0,34.0,48.0,18.0,8.0,27.0
9672,SANTANA***,6.0,37.0,43.0,26.0,55.0,55.0
9672,JAZZY*****,6.0,43.0,8.0,19.0,27.0,55.0
9672,VX-Clean,6.0,44.0,9.0,16.0,22.0,27.0
9672,CHORUS****,6.0,2.0,43.0,16.0,27.0,55.0
9672,JPETRUCCI*,6.0,50.0,8.0,19.0,27.0,32.0
9672,STEVE*VAI,6.0,56.0,8.0,29.0,19.0,55.0
9672,ANDY*TIMMO,6.0,56.0,8.0,19.0,29.0,27.0
9672,FENDER,6.0,2.0,11.0,15.0,43.0,1.0
9672,MALMSTEEN,6.0,34.0,49.0,19.0,27.0,29.0
9672,U2*DELAY,6.0,44.0,19.0,54.0,55.0,55.0
9672,WAH*WAH***,6.0,10.0,51.0,27.0,19.0,55.0
9672,OldSmith**,2.0,48.0,2.0,55.0,55.0,55.0
9672,MKIII*****,6.0,2.0,34.0,46.0,8.0,23.0
9672,interesant,2.0,32.0,3.0,47.0,22.0,55.0
9672,MS*DRIVE**,2.0,34.0,49.0,22.0,29.0,23.0
9672,Red*Hot*Ch,2.0,23.0,6.0,34.0,43.0,22.0
9672,marshall**,35.0,57.0,22.0,55.0,55.0,55.0
9672,AKustik***,4.0,41.0,23.0,55.0,55.0,55.0
9686,Gratitude*,2.0,7.0,35.0,49.0,22.0,23.0
9688,Dragonforc,2.0,7.0,37.0,49.0,22.0,23.0
9742,LEAD*ALIEN,4.0,40.0,56.0,9.0,17.0,19.0
9743,LEAD*FBCOM,4.0,40.0,43.0,9.0,17.0,19.0
9752,Shine*on,4.0,33.0,47.0,26.0,15.0,20.0
9768,DarkRide**,6.0,33.0,34.0,18.0,48.0,24.0
9769,Helloween2,34.0,10.0,48.0,22.0,19.0,23.0
9771,ACOUSTIC**,41.0,43.0,9.0,16.0,0.0,26.0
9772,ACOUS*RITH,41.0,16.0,9.0,8.0,24.0,55.0
9775,ACOUS*LEAD,41.0,16.0,9.0,8.0,22.0,54.0
9779,K.HEAVENSD,6.0,40.0,49.0,9.0,9.0,23.0
9791,DZ*LEAD,7.0,9.0,51.0,19.0,29.0,54.0
9806,NUMB*LIVE,4.0,39.0,47.0,8.0,16.0,22.0
9812,BigSurMoon,2.0,8.0,41.0,23.0,19.0,55.0
9822,SRV*******,27.0,19.0,43.0,34.0,6.0,31.0
9825,PSY-DIZT**,6.0,34.0,57.0,8.0,22.0,55.0
9833,ROCKMAN***,6.0,33.0,39.0,47.0,8.0,9.0
9843,atlantis**,2.0,20.0,20.0,23.0,55.0,55.0
9843,Cavatina**,2.0,20.0,23.0,55.0,55.0,55.0
9843,fingle*b**,2.0,20.0,23.0,6.0,55.0,55.0
9843,RIDERS****,2.0,20.0,20.0,23.0,6.0,55.0
9843,APACHE****,2.0,20.0,20.0,13.0,23.0,6.0
9843,WONDLAND**,2.0,20.0,20.0,19.0,20.0,6.0
9843,F*B*I*****,2.0,20.0,20.0,6.0,55.0,55.0
9843,CAVATINA**,2.0,19.0,19.0,23.0,6.0,55.0
9843,FLINGEL*BU,2.0,32.0,20.0,20.0,6.0,55.0
9844,1861******,20.0,20.0,19.0,20.0,55.0,55.0
9844,40*MILES*B,11.0,20.0,27.0,55.0,55.0,55.0
9844,APACHE****,20.0,20.0,13.0,55.0,55.0,55.0
9866,akustika*l,23.0,6.0,9.0,41.0,8.0,55.0
9868,Moje*Solo*,6.0,50.0,16.0,23.0,19.0,22.0
9869,termolo*ro,26.0,11.0,6.0,3.0,52.0,55.0
9871,ludov*dopr,41.0,15.0,27.0,23.0,55.0,55.0
9900,Surf*Tone*,6.0,44.0,17.0,22.0,27.0,55.0
9902,MatchVibe*,7.0,33.0,52.0,0.0,22.0,29.0
9923,AudioVerse,42.0,11.0,16.0,55.0,55.0,55.0
10201,ACUSTICA**,41.0,8.0,23.0,4.0,20.0,55.0
10210,APACHECN2*,6.0,2.0,44.0,0.0,20.0,26.0
10214,Angus*****,6.0,47.0,35.0,8.0,29.0,32.0
10232,80*SOUND**,3.0,32.0,49.0,19.0,27.0,55.0
10233,MANH.CL***,2.0,43.0,13.0,1.0,55.0,55.0
10234,MANH.DI***,35.0,43.0,1.0,55.0,55.0,55.0
10235,WAVES*LEAD,56.0,6.0,32.0,22.0,27.0,55.0
10327,DT*ARTP,6.0,34.0,50.0,8.0,19.0,55.0
10346,Themelover,22.0,8.0,6.0,21.0,21.0,21.0
10403,FENDER*BLS,6.0,2.0,8.0,8.0,23.0,22.0
10403,Fusion****,6.0,53.0,8.0,8.0,19.0,32.0
10403,SmokOn****,6.0,35.0,33.0,8.0,20.0,32.0
10403,BLUE5*****,4.0,6.0,35.0,8.0,22.0,32.0
10403,BLUE*LEAD*,6.0,34.0,35.0,8.0,22.0,32.0
10403,FD*COMBO**,6.0,3.0,43.0,14.0,23.0,29.0
10403,WIND*FRIDM,6.0,33.0,35.0,8.0,22.0,32.0
10403,FENDER*TEL,6.0,16.0,2.0,18.0,8.0,23.0
10403,CRUNCH*MS*,6.0,33.0,35.0,8.0,29.0,32.0
10403,CRUNCH*QUO,6.0,34.0,33.0,8.0,29.0,32.0
10403,KISS******,6.0,34.0,35.0,8.0,14.0,32.0
10403,WHITE*SHIP,40.0,6.0,35.0,19.0,14.0,32.0
10403,FLAMENCO**,6.0,41.0,2.0,8.0,29.0,23.0
10403,MAY*RAPSOD,40.0,6.0,33.0,22.0,14.0,32.0
10403,AC*MAY****,6.0,13.0,41.0,3.0,8.0,23.0
10403,Brian*SOLO,40.0,6.0,35.0,8.0,22.0,32.0
10403,AGNUS*****,6.0,43.0,33.0,35.0,24.0,32.0
10403,FDVIBRO***,6.0,53.0,8.0,8.0,18.0,32.0
10403,ZZ*TOP****,6.0,40.0,33.0,8.0,28.0,32.0
10403,JP*Flanger,6.0,2.0,18.0,8.0,28.0,22.0
10403,HotBoxFaze,6.0,12.0,40.0,33.0,18.0,32.0
10403,FD*Tremolo,6.0,16.0,3.0,43.0,11.0,32.0
10403,EAGLES****,7.0,41.0,3.0,13.0,18.0,23.0
10403,SMOOTH*GUV,6.0,40.0,35.0,8.0,22.0,32.0
10403,FD*CARLOS*,6.0,34.0,8.0,8.0,23.0,22.0
10403,CARLOS****,40.0,6.0,35.0,8.0,19.0,32.0
10403,Honeydrip*,6.0,40.0,33.0,8.0,22.0,32.0
10403,FD*COMBO**,6.0,3.0,43.0,29.0,24.0,8.0
10403,CRUNCH*GVR,6.0,34.0,35.0,8.0,29.0,32.0
10403,BostonCL**,6.0,41.0,3.0,8.0,16.0,0.0
10403,Trem*Clean,6.0,41.0,2.0,8.0,11.0,32.0
10403,StereoFunk,6.0,3.0,10.0,8.0,14.0,32.0
10403,Satriani**,6.0,40.0,49.0,22.0,14.0,32.0
10403,Best*Clean,6.0,2.0,18.0,13.0,22.0,14.0
10403,U2....****,6.0,3.0,15.0,44.0,0.0,32.0
10403,CRUNCH*PHA,6.0,12.0,33.0,35.0,8.0,32.0
10403,May*Delay*,6.0,44.0,12.0,8.0,19.0,32.0
10403,Run*like..,6.0,40.0,33.0,21.0,14.0,32.0
10403,Shine*III*,6.0,35.0,33.0,14.0,19.0,32.0
10403,Shine*CLEN,6.0,2.0,47.0,16.0,8.0,20.0
10403,Shine*II**,6.0,33.0,53.0,14.0,20.0,32.0
10403,GilmrRever,6.0,2.0,8.0,16.0,14.0,19.0
10403,Wall*SOL0*,6.0,3.0,53.0,14.0,32.0,20.0
10403,PF*Wall***,6.0,2.0,21.0,8.0,54.0,32.0
10403,Tele*ClnRW,6.0,2.0,8.0,16.0,22.0,32.0
10403,TELEC*DEL*,6.0,2.0,16.0,14.0,22.0,32.0
10403,Shine*SOLO,6.0,4.0,33.0,53.0,19.0,32.0
10403,PINK*CITY*,6.0,40.0,35.0,16.0,14.0,32.0
10403,Gilm*CLEAN,6.0,2.0,8.0,21.0,22.0,14.0
10403,Comfortabl,6.0,40.0,38.0,14.0,22.0,32.0
10403,FENDER*CL*,6.0,2.0,13.0,8.0,23.0,19.0
10418,MrGovenor*,33.0,9.0,19.0,23.0,7.0,55.0
10428,clean*fend,4.0,32.0,15.0,27.0,20.0,20.0
10430,MOOR*Solo*,40.0,6.0,36.0,8.0,22.0,32.0
10430,410BlsSolo,6.0,45.0,2.0,8.0,22.0,32.0
10430,ROZA******,6.0,40.0,36.0,8.0,14.0,32.0
10430,MAY*RAPSOD,40.0,6.0,8.0,33.0,22.0,32.0
10430,AGNUS*****,6.0,33.0,43.0,35.0,29.0,32.0
10430,FLNGR*Lead,6.0,40.0,35.0,8.0,18.0,32.0
10430,EAGLES****,6.0,41.0,3.0,13.0,18.0,23.0
10430,DST*LEAD**,6.0,40.0,36.0,14.0,22.0,32.0
10430,SANTANA***,6.0,40.0,46.0,35.0,22.0,32.0
10430,Solottery*,6.0,4.0,22.0,46.0,32.0,55.0
10430,Jazz******,6.0,4.0,13.0,43.0,19.0,55.0
10430,Elec*Rhyth,6.0,3.0,46.0,8.0,28.0,32.0
10430,Esandman**,41.0,44.0,16.0,9.0,23.0,19.0
10430,KISS******,6.0,35.0,8.0,35.0,16.0,32.0
10430,Floyd*Solo,6.0,46.0,20.0,8.0,14.0,32.0
10430,Shine*SOLO,6.0,4.0,33.0,53.0,20.0,32.0
10490,Quo*Crunch,6.0,34.0,33.0,35.0,28.0,32.0
10491,Ms*Crunch,34.0,6.0,35.0,42.0,28.0,32.0
10510,FRIEDMAN**,6.0,56.0,8.0,27.0,55.0,55.0
10532,MAY*RAPSOD,6.0,46.0,35.0,8.0,20.0,32.0
10622,R.I.P.****,2.0,34.0,6.0,49.0,8.0,24.0
10623,AgelessMin,31.0,35.0,44.0,11.0,13.0,20.0
10623,Harvest*H*,32.0,35.0,11.0,13.0,20.0,23.0
10623,ACCousticE,4.0,41.0,15.0,29.0,23.0,6.0
10623,ACCousticE,41.0,9.0,8.0,16.0,22.0,54.0
10623,MB*DR*****,31.0,29.0,50.0,22.0,23.0,6.0
10623,MB*MK*III*,37.0,46.0,17.0,25.0,29.0,6.0
10623,MB*MK*III*,32.0,35.0,46.0,8.0,20.0,6.0
10623,Plexi1959*,34.0,57.0,8.0,22.0,23.0,6.0
10623,JCM2000***,3.0,32.0,49.0,12.0,19.0,27.0
10623,Marshall59,31.0,32.0,48.0,13.0,22.0,23.0
10623,VAC30*****,32.0,44.0,12.0,29.0,23.0,7.0
10623,VAC30,31.0,4.0,44.0,14.0,20.0,23.0
10623,FTWREV65**,4.0,43.0,11.0,13.0,19.0,23.0
10623,FTWREV65**,2.0,43.0,13.0,18.0,26.0,7.0
10623,FTWREV65**,32.0,43.0,13.0,11.0,20.0,23.0
10623,FTWREV65**,3.0,30.0,43.0,22.0,24.0,26.0
10623,FVVERB63**,32.0,53.0,13.0,11.0,29.0,26.0
10623,HiWatt100,3.0,47.0,18.0,19.0,27.0,7.0
10623,HiWatt100,32.0,35.0,47.0,8.0,29.0,6.0
10623,Engl*Invad,32.0,56.0,12.0,22.0,27.0,6.0
10623,DireStrait,40.0,44.0,22.0,23.0,27.0,6.0
10623,Heroes*del,2.0,37.0,43.0,15.0,27.0,6.0
10623,Panthera**,51.0,8.0,12.0,23.0,7.0,6.0
10623,come*asyou,3.0,17.0,16.0,15.0,13.0,9.0
10623,Themelover,22.0,8.0,21.0,21.0,21.0,6.0
10623,Quo*Crunch,32.0,34.0,33.0,35.0,28.0,6.0
10623,Ms*Crunch*,32.0,34.0,35.0,42.0,28.0,6.0
10630,FL0yd*****,3.0,38.0,34.0,13.0,47.0,23.0
10661,TorRythm**,2.0,32.0,6.0,49.0,8.0,1.0
10667,PerfStrang,6.0,34.0,33.0,14.0,8.0,32.0
10822,plexi*dly*,34.0,48.0,20.0,55.0,55.0,55.0
10822,SLaYeR****,7.0,33.0,49.0,55.0,55.0,55.0
10822,Wylde*****,33.0,49.0,13.0,55.0,55.0,55.0
10850,Warmth****,42.0,52.0,26.0,55.0,55.0,55.0
10850,AutoScream,10.0,36.0,25.0,3.0,55.0,55.0
10850,CountryDrt,52.0,3.0,19.0,55.0,55.0,55.0
10850,CaptCrunch,37.0,8.0,7.0,55.0,55.0,55.0
10850,CrunchEcho,37.0,8.0,16.0,19.0,19.0,19.0
10850,DelayDream,43.0,9.0,0.0,3.0,55.0,55.0
10850,PDLFL*****,6.0,18.0,50.0,20.0,55.0,55.0
10850,Diezel****,6.0,34.0,12.0,51.0,19.0,8.0
10871,Pink,6.0,38.0,4.0,8.0,17.0,27.0
10916,ModMetal,6.0,34.0,48.0,4.0,23.0,8.0
10938,60`TubeSnd,6.0,53.0,8.0,8.0,20.0,32.0
10967,JPetr*Dist,6.0,50.0,8.0,19.0,27.0,55.0
10967,Metlka*Cln,6.0,2.0,43.0,15.0,27.0,55.0
10967,Metlka*Cln,6.0,50.0,8.0,29.0,55.0,55.0
10967,GBenson*jz,6.0,2.0,43.0,8.0,27.0,55.0
10967,SLukather*,6.0,50.0,0.0,19.0,27.0,55.0
10967,WhaWhaCry*,6.0,31.0,50.0,8.0,19.0,27.0
10967,SD1*Ovrdrv,6.0,2.0,33.0,15.0,1.0,44.0
10967,StevieRV**,6.0,34.0,43.0,19.0,27.0,55.0
10972,Warmphas,2.0,11.0,6.0,45.0,8.0,12.0
10972,Slowdive,2.0,11.0,6.0,47.0,8.0,12.0
10972,StereoFunk,2.0,10.0,8.0,19.0,44.0,28.0
10972,80s*Chor,2.0,32.0,6.0,42.0,8.0,13.0
10972,Synthy,2.0,5.0,6.0,38.0,8.0,13.0
10972,GritPhas,2.0,10.0,6.0,46.0,8.0,12.0
10972,Microwav,2.0,11.0,6.0,34.0,8.0,12.0
10974,***Sitar**,2.0,6.0,43.0,20.0,27.0,55.0
10974,Hendrix*LD,2.0,6.0,31.0,36.0,57.0,22.0
10974,KingSnake*,2.0,6.0,46.0,54.0,55.0,55.0
10974,GreatWhite,2.0,31.0,6.0,39.0,46.0,19.0
10974,GODZILLA**,2.0,6.0,33.0,48.0,22.0,24.0
10974,~ASIA~****,6.0,39.0,52.0,22.0,29.0,55.0
10974,AcouSky***,2.0,6.0,41.0,20.0,55.0,55.0
10974,SCORPIO-LD,2.0,6.0,39.0,48.0,1.0,55.0
10974,A.*Smith**,2.0,6.0,39.0,48.0,17.0,19.0
10974,Steve*Vai~,2.0,6.0,56.0,20.0,27.0,55.0
10974,E.*Johnson,2.0,6.0,39.0,48.0,19.0,27.0
10974,Running***,2.0,6.0,12.0,19.0,47.0,24.0
10974,3rdSTAGE**,7.0,48.0,16.0,16.0,0.0,55.0
10974,J.Hatfield,2.0,6.0,33.0,51.0,55.0,55.0
10974,HEADCRUSH*,2.0,7.0,39.0,49.0,55.0,55.0
10974,LeadFire**,2.0,6.0,39.0,57.0,17.0,20.0
10974,Evil~Wah**,2.0,6.0,33.0,51.0,19.0,55.0
10974,Diezel*Wah,2.0,6.0,31.0,39.0,51.0,19.0
10975,amp,9.0,43.0,2.0,55.0,55.0,55.0
10977,Winter2***,6.0,3.0,32.0,43.0,16.0,23.0
11002,Rhythm1,2.0,5.0,7.0,50.0,8.0,17.0
11002,Clean2**,2.0,5.0,7.0,44.0,8.0,17.0
11002,Lead3,2.0,31.0,7.0,50.0,8.0,17.0
11002,Clean4**,2.0,5.0,7.0,42.0,8.0,12.0
11002,Acousti1,2.0,30.0,6.0,41.0,8.0,12.0
11002,Clean1**,2.0,5.0,7.0,47.0,8.0,15.0
11002,Clean3**,2.0,5.0,7.0,42.0,8.0,13.0
11002,Clean5**,2.0,5.0,7.0,42.0,8.0,17.0
11002,Lead7,2.0,32.0,7.0,50.0,8.0,17.0
11002,LeadRif,2.0,5.0,7.0,50.0,8.0,13.0
11002,Rhythm4,2.0,5.0,7.0,39.0,8.0,17.0
11002,Lead11,2.0,31.0,7.0,39.0,8.0,17.0
11002,Rhythm5,2.0,10.0,7.0,49.0,8.0,17.0
11002,Lead12,2.0,31.0,7.0,49.0,8.0,17.0
11002,Lead19,2.0,32.0,7.0,35.0,8.0,16.0
11002,Lead25,2.0,5.0,7.0,50.0,8.0,20.0
11002,Lead26,2.0,31.0,7.0,50.0,8.0,20.0
11002,Lead27,2.0,10.0,6.0,51.0,8.0,16.0
11002,Clean9,2.0,10.0,6.0,47.0,8.0,20.0
11002,Sc00ps,2.0,10.0,6.0,50.0,8.0,21.0
11002,Cream,2.0,32.0,6.0,36.0,8.0,14.0
11002,Wowmen,2.0,10.0,6.0,43.0,8.0,15.0
11002,Angus,2.0,10.0,6.0,47.0,8.0,13.0
11002,Wackjob,2.0,31.0,6.0,43.0,8.0,12.0
11002,Oceans,2.0,32.0,6.0,43.0,8.0,16.0
11002,Wreckles,2.0,10.0,6.0,50.0,8.0,16.0
11002,Waves,2.0,10.0,6.0,42.0,8.0,16.0
11002,FdComp,2.0,10.0,6.0,43.0,8.0,17.0
11002,FullVx,2.0,10.0,6.0,44.0,8.0,29.0
11002,TexasMan,2.0,32.0,6.0,45.0,8.0,17.0
11002,BgLead,2.0,10.0,6.0,46.0,8.0,17.0
11002,HwCrunch,2.0,32.0,6.0,47.0,8.0,17.0
11002,McCrunch,2.0,10.0,6.0,48.0,8.0,17.0
11002,MdRhythm,2.0,10.0,6.0,49.0,8.0,17.0
11002,PvRhythm,2.0,32.0,6.0,50.0,8.0,13.0
11002,DzRhythm,2.0,10.0,6.0,51.0,8.0,13.0
11002,BdRhythm,2.0,10.0,6.0,50.0,8.0,13.0
11002,Leading*,2.0,10.0,6.0,37.0,8.0,16.0
11002,simprhyt,2.0,10.0,6.0,37.0,8.0,13.0
11002,AC*life,2.0,10.0,6.0,43.0,8.0,16.0
11002,Cement,2.0,10.0,6.0,34.0,8.0,13.0
11002,Floats,2.0,32.0,6.0,42.0,8.0,21.0
11002,Thisway,2.0,11.0,6.0,43.0,8.0,21.0
11002,Aural,2.0,10.0,6.0,43.0,8.0,29.0
11002,Snap,2.0,11.0,6.0,42.0,8.0,16.0
11003,ChoLead*,2.0,31.0,6.0,35.0,8.0,15.0
11003,Leading*,2.0,31.0,6.0,37.0,8.0,16.0
11003,FF*LTF**,2.0,11.0,6.0,49.0,8.0,13.0
11003,Airbag**,2.0,10.0,6.0,51.0,8.0,29.0
11003,Mu*HooDo,2.0,11.0,6.0,43.0,8.0,13.0
11003,70s*Dist,2.0,32.0,6.0,36.0,8.0,13.0
11003,AL*RYTHM,2.0,10.0,6.0,43.0,8.0,21.0
11003,ComfNumb,2.0,32.0,6.0,39.0,8.0,16.0
11003,Echoes2*,2.0,32.0,6.0,38.0,8.0,13.0
11003,Vai*Lea*,2.0,32.0,6.0,51.0,8.0,29.0
11003,Shook***,2.0,32.0,6.0,48.0,8.0,29.0
11003,Castello,2.0,32.0,6.0,38.0,8.0,17.0
11003,Friends*,2.0,32.0,6.0,46.0,8.0,17.0
11003,TapClean,2.0,10.0,6.0,43.0,8.0,13.0
11003,ClassicD,2.0,32.0,6.0,45.0,8.0,13.0
11003,FullOD**,2.0,10.0,6.0,33.0,8.0,13.0
11003,FullCl**,2.0,10.0,7.0,42.0,8.0,13.0
11003,M*Comp**,2.0,10.0,6.0,45.0,8.0,16.0
11003,Kyuss***,2.0,11.0,6.0,39.0,8.0,13.0
11003,Pure****,2.0,10.0,6.0,42.0,8.0,13.0
11003,HavACigr,2.0,32.0,7.0,33.0,8.0,12.0
11003,Time****,2.0,32.0,7.0,45.0,8.0,13.0
11003,Perc****,2.0,10.0,6.0,47.0,8.0,21.0
11003,Glide***,2.0,10.0,6.0,36.0,8.0,13.0
11003,Delta*B*,2.0,10.0,6.0,44.0,8.0,13.0
11003,IsThisLv,2.0,32.0,6.0,35.0,8.0,17.0
11003,AM*dIwN*,2.0,11.0,6.0,50.0,8.0,13.0
11003,Atlantis,2.0,10.0,6.0,42.0,8.0,20.0
11003,LeftBank,2.0,11.0,6.0,42.0,8.0,13.0
11003,Guv*Solo,2.0,32.0,6.0,35.0,8.0,15.0
11066,kizuna1***,6.0,32.0,33.0,57.0,22.0,27.0
