,column,mean_fit_time,std_fit_time,mean_score_time,std_score_time,param_kneighborsclassifier__algorithm,param_kneighborsclassifier__metric,param_kneighborsclassifier__n_neighbors,params,split0_test_accuracy,split1_test_accuracy,mean_test_accuracy,std_test_accuracy,rank_test_accuracy,split0_train_accuracy,split1_train_accuracy,mean_train_accuracy,std_train_accuracy,split0_test_hit@5,split1_test_hit@5,mean_test_hit@5,std_test_hit@5,rank_test_hit@5,split0_train_hit@5,split1_train_hit@5,mean_train_hit@5,std_train_hit@5,split0_test_mdcg,split1_test_mdcg,mean_test_mdcg,std_test_mdcg,rank_test_mdcg,split0_train_mdcg,split1_train_mdcg,mean_train_mdcg,std_train_mdcg,split0_test_map@5,split1_test_map@5,mean_test_map@5,std_test_map@5,rank_test_map@5,split0_train_map@5,split1_train_map@5,mean_train_map@5,std_train_map@5,params_str
0,0,0.016116619110107422,0.0012273788452148438,0.8498644828796387,0.0770559310913086,brute,hamming,1,"{'kneighborsclassifier__algorithm': 'brute', 'kneighborsclassifier__metric': 'hamming', 'kneighborsclassifier__n_neighbors': 1}",0.2821948488241881,0.3473053892215569,0.3136574074074074,0.03253692669928702,10,0.9604790419161676,0.9641657334826428,0.9623223876994051,0.0018433457832375821,0.29227323628219487,0.362874251497006,0.3263888888888889,0.035280617284392655,10,0.9604790419161676,0.9641657334826428,0.9623223876994051,0.0018433457832375821,0.4150105956416085,0.4671885872065247,0.4402239191119239,0.02607429575154163,10,0.9675428107265451,0.9708301629988757,0.9691864868627105,0.001643676136165284,0.08096498499633999,0.08356943256344453,0.08222349987974988,0.0013014900362651773,10,0.1304058117531171,0.13025448049524194,0.13033014612417954,7.56656289375851e-05,"{'kneighborsclassifier__algorithm': 'brute', 'kneighborsclassifier__metric': 'hamming', 'kneighborsclassifier__n_neighbors': 1}"
1,0,0.018328070640563965,0.004676222801208496,0.8803551197052002,0.06963491439819336,brute,hamming,5,"{'kneighborsclassifier__algorithm': 'brute', 'kneighborsclassifier__metric': 'hamming', 'kneighborsclassifier__n_neighbors': 5}",0.35498320268757,0.3688622754491018,0.3616898148148148,0.006935626249452529,9,0.5604790419161677,0.5263157894736842,0.543397415694926,0.017081626221241764,0.5061590145576708,0.5497005988023952,0.5271990740740741,0.02175852521412463,9,0.9868263473053892,0.9888017917133258,0.9878140695093576,0.000987722203968311,0.5157136535566764,0.5401380500266053,0.5275159516194025,0.012205317184689124,9,0.7799001611545858,0.7628682982432639,0.7713842296989248,0.008515931455660986,0.2035844204321248,0.21596974881406017,0.20956922899631233,0.006189174890121404,9,0.24373248308577647,0.23321155887785225,0.23847202098181436,0.00526046210396211,"{'kneighborsclassifier__algorithm': 'brute', 'kneighborsclassifier__metric': 'hamming', 'kneighborsclassifier__n_neighbors': 5}"
2,0,0.01810014247894287,0.005280852317810059,0.9549456834793091,0.018482089042663574,brute,hamming,10,"{'kneighborsclassifier__algorithm': 'brute', 'kneighborsclassifier__metric': 'hamming', 'kneighborsclassifier__n_neighbors': 10}",0.3650615901455767,0.39880239520958083,0.38136574074074076,0.016860896783261817,8,0.4934131736526946,0.48152295632698766,0.48746806498984113,0.005945108662853471,0.5117581187010078,0.5520958083832336,0.53125,0.020157480561506798,8,0.8155688622754491,0.8096304591265397,0.8125996607009944,0.002969201574454683,0.5477160163777428,0.5687282315217412,0.5578694883946633,0.010500187830687294,8,0.7307365753156702,0.7161626237234262,0.7234495995195482,0.007286975796121975,0.23886253350978995,0.243322031262151,0.24101744127785793,0.0022284925082586174,8,0.26465349819840833,0.2499830572562935,0.25731827772735094,0.007335220471057419,"{'kneighborsclassifier__algorithm': 'brute', 'kneighborsclassifier__metric': 'hamming', 'kneighborsclassifier__n_neighbors': 10}"
3,0,0.015217304229736328,0.0016608238220214844,0.9448720216751099,0.12204134464263916,brute,hamming,15,"{'kneighborsclassifier__algorithm': 'brute', 'kneighborsclassifier__metric': 'hamming', 'kneighborsclassifier__n_neighbors': 15}",0.3762597984322508,0.4059880239520958,0.390625,0.014855737469476734,7,0.47784431137724553,0.458006718924972,0.4679255151511088,0.009918796226136756,0.5296752519596865,0.5676646706586826,0.5480324074074074,0.01898400664491664,7,0.7520958083832335,0.7368421052631579,0.7444689568231957,0.0076268515600378395,0.5618306557638992,0.582074397264763,0.5716127877970133,0.010116167510100025,7,0.7007606289414585,0.6871776259598799,0.6939691274506692,0.006791501490789331,0.24967883926450554,0.257482282188869,0.25344960016835016,0.00389952300937044,7,0.2649711745340488,0.2573208650252323,0.2611460197796406,0.0038251547544082276,"{'kneighborsclassifier__algorithm': 'brute', 'kneighborsclassifier__metric': 'hamming', 'kneighborsclassifier__n_neighbors': 15}"
4,0,0.015557169914245605,0.001448988914489746,0.9455947875976562,0.027185678482055664,brute,hamming,20,"{'kneighborsclassifier__algorithm': 'brute', 'kneighborsclassifier__metric': 'hamming', 'kneighborsclassifier__n_neighbors': 20}",0.3784994400895857,0.41916167664670656,0.39814814814814814,0.020319662564827607,6,0.4562874251497006,0.44568868980963045,0.4509880574796655,0.005299367670035082,0.5498320268756999,0.578443113772455,0.5636574074074074,0.014297482887797903,6,0.7245508982035929,0.7211646136618141,0.7228577559327034,0.0016931422708894028,0.5682959114738447,0.5945845987722097,0.5809990676625801,0.013136937374919172,6,0.6916789176169693,0.6692386498463856,0.6804587837316775,0.01122013388529186,0.2566882632112195,0.26359488814578635,0.2600256658850409,0.0034513666737213955,6,0.27960479041916164,0.2585102747196812,0.26905753256942144,0.010547257849740227,"{'kneighborsclassifier__algorithm': 'brute', 'kneighborsclassifier__metric': 'hamming', 'kneighborsclassifier__n_neighbors': 20}"
5,0,0.012981414794921875,0.001055002212524414,0.9344793558120728,0.009232163429260254,brute,hamming,25,"{'kneighborsclassifier__algorithm': 'brute', 'kneighborsclassifier__metric': 'hamming', 'kneighborsclassifier__n_neighbors': 25}",0.3840985442329227,0.42634730538922155,0.4045138888888889,0.021112477895110986,5,0.43952095808383235,0.4311310190369541,0.43532598856039323,0.004194969523439118,0.5509518477043673,0.5868263473053892,0.5682870370370371,0.017927142929061286,5,0.7221556886227545,0.6998880179171333,0.7110218532699439,0.011133835352810597,0.5700414867599986,0.6007139019044836,0.5848629373651172,0.01532756627660459,5,0.6741172461665422,0.6527908679771773,0.6634540570718598,0.010663189094682446,0.27468102073365236,0.27331790963527486,0.2740223414702581,0.0006811715218491053,5,0.2886334862742048,0.27174333318790206,0.2801884097310534,0.00844507654315138,"{'kneighborsclassifier__algorithm': 'brute', 'kneighborsclassifier__metric': 'hamming', 'kneighborsclassifier__n_neighbors': 25}"
6,0,0.013530731201171875,0.002827167510986328,0.845343828201294,0.03882622718811035,brute,hamming,40,"{'kneighborsclassifier__algorithm': 'brute', 'kneighborsclassifier__metric': 'hamming', 'kneighborsclassifier__n_neighbors': 40}",0.3986562150055991,0.4431137724550898,0.4201388888888889,0.0222162537606872,4,0.4419161676646707,0.41881298992161253,0.4303645787931416,0.011551588871529073,0.5677491601343785,0.5964071856287425,0.5815972222222222,0.014320938962658373,4,0.7053892215568862,0.6685330347144457,0.686961128135666,0.01842809342122026,0.5822431346512973,0.6134329075523721,0.5973145816260644,0.015586099400438863,4,0.6606142334599795,0.6398487928404849,0.6502315131502322,0.010382720309747295,0.29652164744549964,0.28864271457085827,0.29271440846961677,0.003937246716833708,4,0.31134328745107187,0.2839355157720219,0.2976394016115469,0.013703885839524976,"{'kneighborsclassifier__algorithm': 'brute', 'kneighborsclassifier__metric': 'hamming', 'kneighborsclassifier__n_neighbors': 40}"
7,0,0.01234591007232666,0.00012862682342529297,0.9466732740402222,0.03291118144989014,brute,hamming,60,"{'kneighborsclassifier__algorithm': 'brute', 'kneighborsclassifier__metric': 'hamming', 'kneighborsclassifier__n_neighbors': 60}",0.406494960806271,0.43832335329341315,0.421875,0.01590522927609016,3,0.4419161676646707,0.4132138857782755,0.4275650267214731,0.014351140943197588,0.5733482642777156,0.6107784431137725,0.5914351851851852,0.01870454426729353,2,0.6706586826347305,0.6461366181410975,0.658397650387914,0.012261032246816517,0.5858712965123134,0.6157452257415132,0.6003069046757288,0.01492854827525657,3,0.6456261276909137,0.6273666312059394,0.6364963794484265,0.009129748242487135,0.3125099014460717,0.3110197527023874,0.31178983535754373,0.0007446545543684385,3,0.32700806179848096,0.3023114604693552,0.3146597611339181,0.012348300664562883,"{'kneighborsclassifier__algorithm': 'brute', 'kneighborsclassifier__metric': 'hamming', 'kneighborsclassifier__n_neighbors': 60}"
8,0,0.012800455093383789,0.0004734992980957031,0.9622025489807129,0.15102219581604004,brute,hamming,80,"{'kneighborsclassifier__algorithm': 'brute', 'kneighborsclassifier__metric': 'hamming', 'kneighborsclassifier__n_neighbors': 80}",0.41209406494960804,0.4431137724550898,0.4270833333333333,0.015501114614922937,1,0.4479041916167665,0.4143337066069429,0.43111894911185467,0.016785242504911785,0.5767077267637178,0.6047904191616766,0.5902777777777778,0.014033434502225923,3,0.6586826347305389,0.6416573348264277,0.6501699847784833,0.008512649952055584,0.5899268889534455,0.6167107980563854,0.6028693450303869,0.013384408759076124,2,0.6435938877473374,0.6216971642874417,0.6326455260173895,0.010948361729947842,0.3221498136055807,0.3197700443269305,0.32099986722382556,0.0011892141903307783,2,0.3353713352515747,0.3119705937959017,0.3236709645237382,0.011700370727836501,"{'kneighborsclassifier__algorithm': 'brute', 'kneighborsclassifier__metric': 'hamming', 'kneighborsclassifier__n_neighbors': 80}"
9,0,0.0126878023147583,0.0007699728012084961,0.8976296186447144,0.05788147449493408,brute,hamming,100,"{'kneighborsclassifier__algorithm': 'brute', 'kneighborsclassifier__metric': 'hamming', 'kneighborsclassifier__n_neighbors': 100}",0.41097424412094063,0.4431137724550898,0.42650462962962965,0.016060709543736625,2,0.4479041916167665,0.4165733482642777,0.4322387699405221,0.01566542167624438,0.5767077267637178,0.6167664670658682,0.5960648148148148,0.02001808445947891,1,0.6562874251497006,0.6181410974244121,0.6372142612870564,0.019073163862644238,0.590641247705393,0.6173445416929708,0.6035447491403626,0.013344123912976213,1,0.6411697422296481,0.6165619483536731,0.6288658452916606,0.012303896937987502,0.32447792595608943,0.32601213158099385,0.3252192811046978,0.000766670582896377,1,0.3401866397075978,0.3148741292302322,0.327530384468915,0.012656255238682801,"{'kneighborsclassifier__algorithm': 'brute', 'kneighborsclassifier__metric': 'hamming', 'kneighborsclassifier__n_neighbors': 100}"
0,1,0.017445683479309082,0.0068923234939575195,0.7962943315505981,0.06576788425445557,brute,hamming,1,"{'kneighborsclassifier__algorithm': 'brute', 'kneighborsclassifier__metric': 'hamming', 'kneighborsclassifier__n_neighbors': 1}",0.13646532438478748,0.16786570743405277,0.15162037037037038,0.015690724338009412,10,0.9820143884892086,0.9530201342281879,0.9675172613586982,0.014497127130510379,0.15659955257270694,0.1906474820143885,0.1730324074074074,0.017013699301414102,10,0.9820143884892086,0.9530201342281879,0.9675172613586982,0.014497127130510379,0.3074374526502573,0.3345629367666108,0.32052926616474736,0.013554563749651917,10,0.9850623568790646,0.9614184088012645,0.9732403828401646,0.011821974038900063,0.07436699206833433,0.07813704880251643,0.07618656806156805,0.0018838916984514759,10,0.12951215650855938,0.12643837705918243,0.1279752667838709,0.0015368897246884755,"{'kneighborsclassifier__algorithm': 'brute', 'kneighborsclassifier__metric': 'hamming', 'kneighborsclassifier__n_neighbors': 1}"
1,1,0.019730329513549805,0.005798816680908203,0.9094094038009644,0.14701497554779053,brute,hamming,5,"{'kneighborsclassifier__algorithm': 'brute', 'kneighborsclassifier__metric': 'hamming', 'kneighborsclassifier__n_neighbors': 5}",0.16890380313199105,0.16786570743405277,0.1684027777777778,0.0005187348640705243,7,0.4196642685851319,0.40492170022371365,0.41229298440442275,0.00737128418070912,0.3434004474272931,0.3645083932853717,0.35358796296296297,0.010547608902767468,8,1.0,1.0,1.0,0.0,0.3714902083448669,0.3762974719520371,0.3738103807108275,0.0024021824180268216,9,0.706579406196086,0.6924030858523321,0.6994912460242091,0.007088160171876912,0.11972800875485437,0.12171063149480416,0.12068489959114957,0.000990713611041407,9,0.17192972894411743,0.16616992068334352,0.1690498248137305,0.002879904130386954,"{'kneighborsclassifier__algorithm': 'brute', 'kneighborsclassifier__metric': 'hamming', 'kneighborsclassifier__n_neighbors': 5}"
2,1,0.015673518180847168,0.0019437074661254883,0.8871949911117554,0.09511172771453857,brute,hamming,10,"{'kneighborsclassifier__algorithm': 'brute', 'kneighborsclassifier__metric': 'hamming', 'kneighborsclassifier__n_neighbors': 10}",0.19015659955257272,0.19424460431654678,0.19212962962962962,0.0020427698523087603,3,0.3333333333333333,0.32550335570469796,0.32941834451901564,0.003914988814317677,0.3333333333333333,0.35851318944844124,0.3454861111111111,0.012582336354082898,9,0.7266187050359713,0.7046979865771812,0.7156583458065762,0.010960359229395034,0.3958979005814255,0.4031017780968742,0.3993747720211733,0.003599766795275913,8,0.6198549359764666,0.6212921495857474,0.620573542781107,0.0007186068046404204,0.12411691217060343,0.1259811371681875,0.1250166596520763,0.0009315504366690367,8,0.15244669199705171,0.14763393765071617,0.15004031482388394,0.002406377173167773,"{'kneighborsclassifier__algorithm': 'brute', 'kneighborsclassifier__metric': 'hamming', 'kneighborsclassifier__n_neighbors': 10}"
3,1,0.011706113815307617,0.0004649162292480469,0.9949756860733032,0.1523970365524292,brute,hamming,15,"{'kneighborsclassifier__algorithm': 'brute', 'kneighborsclassifier__metric': 'hamming', 'kneighborsclassifier__n_neighbors': 15}",0.19686800894854586,0.19904076738609114,0.19791666666666666,0.0010857241341011169,1,0.290167865707434,0.28747203579418346,0.28881995075080874,0.0013479149566252846,0.3422818791946309,0.36930455635491605,0.35532407407407407,0.013503191267820487,7,0.6522781774580336,0.6174496644295302,0.6348639209437819,0.017414256514251714,0.40518973832222505,0.4189207119519277,0.4118168401782274,0.006861346938924749,6,0.585633150048138,0.5837974175733637,0.5847152838107508,0.0009178662373871549,0.12244358735969474,0.12867394396171372,0.12545059974747474,0.003113299854221499,7,0.15278919721365763,0.14416763512401096,0.14847841616883428,0.004310781044823339,"{'kneighborsclassifier__algorithm': 'brute', 'kneighborsclassifier__metric': 'hamming', 'kneighborsclassifier__n_neighbors': 15}"
4,1,0.0315098762512207,0.019588232040405273,0.9371347427368164,0.006267070770263672,brute,hamming,20,"{'kneighborsclassifier__algorithm': 'brute', 'kneighborsclassifier__metric': 'hamming', 'kneighborsclassifier__n_neighbors': 20}",0.18568232662192394,0.20023980815347722,0.19270833333333334,0.007274351698477455,2,0.2565947242206235,0.2639821029082774,0.2602884135644504,0.003693689343826939,0.36129753914988816,0.381294964028777,0.37094907407407407,0.009992683234226906,6,0.5959232613908872,0.5906040268456376,0.5932636441182624,0.0026596172726248146,0.40363174832204846,0.4229968340768016,0.4129780917939606,0.009676704321823687,5,0.5564167501128536,0.5527639959107727,0.5545903730118131,0.001826377101040444,0.12691776344460906,0.13112182980888012,0.128946809363476,0.0021007656599914687,6,0.15136516760617477,0.1438311688311688,0.14759816821867178,0.003766999387502981,"{'kneighborsclassifier__algorithm': 'brute', 'kneighborsclassifier__metric': 'hamming', 'kneighborsclassifier__n_neighbors': 20}"
5,1,0.012867093086242676,0.00036203861236572266,0.8764026165008545,0.07693076133728027,brute,hamming,25,"{'kneighborsclassifier__algorithm': 'brute', 'kneighborsclassifier__metric': 'hamming', 'kneighborsclassifier__n_neighbors': 25}",0.18120805369127516,0.18465227817745802,0.18287037037037038,0.0017210738125750975,4,0.23741007194244604,0.24496644295302014,0.2411882574477331,0.0037781855052870517,0.35570469798657717,0.39928057553956836,0.3767361111111111,0.021774800689472327,3,0.592326139088729,0.5648769574944071,0.5786015482915681,0.01372459079716093,0.4111407259932693,0.422131861460162,0.41644547540263765,0.00549225391620716,1,0.5318767290411905,0.5348483601242723,0.5333625445827315,0.0014858155415408691,0.13114733141578777,0.13828609839401204,0.1345927779781946,0.0035672311574308116,5,0.1527275582131697,0.1474751832805524,0.15010137074686103,0.0026261874663086465,"{'kneighborsclassifier__algorithm': 'brute', 'kneighborsclassifier__metric': 'hamming', 'kneighborsclassifier__n_neighbors': 25}"
6,1,0.014177322387695312,0.0002875328063964844,0.780281662940979,0.0045784711837768555,brute,hamming,40,"{'kneighborsclassifier__algorithm': 'brute', 'kneighborsclassifier__metric': 'hamming', 'kneighborsclassifier__n_neighbors': 40}",0.17337807606263983,0.18944844124700239,0.18113425925925927,0.00803033739185155,5,0.22422062350119903,0.21252796420581654,0.2183742938535078,0.005846329647691245,0.3635346756152125,0.38369304556354916,0.3732638888888889,0.010073107244160325,4,0.539568345323741,0.4854586129753915,0.5125134791495662,0.02705486617417474,0.40724736674059886,0.4251781639532246,0.41590146678419254,0.008959992487436905,3,0.510008075351965,0.48837520331014916,0.4991916393310571,0.010816436020907927,0.13764432435573373,0.13517536620054604,0.1364527091350008,0.001233734688979749,4,0.15097861970164125,0.14636554906689134,0.1486720843842663,0.002306535317374958,"{'kneighborsclassifier__algorithm': 'brute', 'kneighborsclassifier__metric': 'hamming', 'kneighborsclassifier__n_neighbors': 40}"
7,1,0.012579083442687988,0.0005592107772827148,0.9564591646194458,0.015244126319885254,brute,hamming,60,"{'kneighborsclassifier__algorithm': 'brute', 'kneighborsclassifier__metric': 'hamming', 'kneighborsclassifier__n_neighbors': 60}",0.16554809843400448,0.18225419664268586,0.1736111111111111,0.008348012231088555,6,0.19784172661870503,0.19463087248322147,0.19623629955096325,0.001605427067741777,0.3713646532438479,0.3932853717026379,0.3819444444444444,0.010953750152931221,1,0.4988009592326139,0.4720357941834452,0.48541837670802956,0.013382582524584352,0.40649061646313506,0.4261145606838961,0.4159618950974607,0.009806055509238087,2,0.4833671492052348,0.4741090031872786,0.47873807619625675,0.004629073008978107,0.13657836756830044,0.14120301161668067,0.1388104006333173,0.002310927698260925,2,0.14903357833213948,0.14334301790677628,0.14618829811945788,0.0028452802126816,"{'kneighborsclassifier__algorithm': 'brute', 'kneighborsclassifier__metric': 'hamming', 'kneighborsclassifier__n_neighbors': 60}"
8,1,0.01331031322479248,0.0011309385299682617,0.8366495370864868,0.01340019702911377,brute,hamming,80,"{'kneighborsclassifier__algorithm': 'brute', 'kneighborsclassifier__metric': 'hamming', 'kneighborsclassifier__n_neighbors': 80}",0.14317673378076062,0.18944844124700239,0.16550925925925927,0.02312190285585702,8,0.18705035971223022,0.18568232662192394,0.18636634316707706,0.0006840165451531405,0.3635346756152125,0.39928057553956836,0.38078703703703703,0.017862172606211642,2,0.46402877697841727,0.4407158836689038,0.45237233032366053,0.011656446654756736,0.3983558777675844,0.43428257821634414,0.4156955005536177,0.01795251835722169,4,0.4631663013798869,0.4585311711028937,0.46084873624139033,0.0023175651384965967,0.13781247276213718,0.1423383890290365,0.13999685596039763,0.002261593573855832,1,0.14720114817237118,0.14121391285820814,0.14420753051528967,0.002993617657081518,"{'kneighborsclassifier__algorithm': 'brute', 'kneighborsclassifier__metric': 'hamming', 'kneighborsclassifier__n_neighbors': 80}"
9,1,0.029656648635864258,0.015814542770385742,0.8203562498092651,0.06765735149383545,brute,hamming,100,"{'kneighborsclassifier__algorithm': 'brute', 'kneighborsclassifier__metric': 'hamming', 'kneighborsclassifier__n_neighbors': 100}",0.14093959731543623,0.18105515587529977,0.16030092592592593,0.020045684475903883,9,0.18345323741007194,0.1789709172259508,0.18121207731801137,0.0022411600920605734,0.354586129753915,0.3920863309352518,0.3726851851851852,0.018738794314485857,5,0.44244604316546765,0.4116331096196868,0.4270395763925772,0.015406466772890426,0.3952050081539015,0.4253623166052749,0.4097600979967519,0.01506956182491197,7,0.45583817033622814,0.44523362218161977,0.450535896258924,0.0053022740773041865,0.13691902243915666,0.13812690107654135,0.13750199164261664,0.0006035751443935697,3,0.14457563819074612,0.13935752539779384,0.14196658179426996,0.002609056396476142,"{'kneighborsclassifier__algorithm': 'brute', 'kneighborsclassifier__metric': 'hamming', 'kneighborsclassifier__n_neighbors': 100}"
0,2,0.01508188247680664,0.0014088153839111328,0.8255635499954224,0.06045830249786377,brute,hamming,1,"{'kneighborsclassifier__algorithm': 'brute', 'kneighborsclassifier__metric': 'hamming', 'kneighborsclassifier__n_neighbors': 1}",0.13370786516853933,0.17899761336515513,0.1556712962962963,0.022634618583181443,10,0.9725536992840096,0.9719101123595506,0.9722319058217801,0.00032179346222949157,0.16292134831460675,0.20047732696897375,0.18113425925925927,0.018769485064684472,10,0.9725536992840096,0.9730337078651685,0.972793703574589,0.00024000429057946526,0.30958857264657846,0.3490533626052022,0.3287271687029018,0.01972345848117489,10,0.978670601312991,0.977375015803992,0.9780228085584914,0.0006477927544994988,0.07800948489712535,0.0805164068230894,0.07922522597001765,0.0012528932897942445,10,0.12338592195394103,0.12276779026217227,0.12307685610805666,0.00030906584588438063,"{'kneighborsclassifier__algorithm': 'brute', 'kneighborsclassifier__metric': 'hamming', 'kneighborsclassifier__n_neighbors': 1}"
1,2,0.02587604522705078,0.00012254714965820312,0.9279096126556396,0.18071436882019043,brute,hamming,5,"{'kneighborsclassifier__algorithm': 'brute', 'kneighborsclassifier__metric': 'hamming', 'kneighborsclassifier__n_neighbors': 5}",0.19101123595505617,0.17780429594272076,0.18460648148148148,0.006600479396185007,6,0.4212410501193317,0.3898876404494382,0.40556434528438495,0.015676704834946764,0.33707865168539325,0.35083532219570407,0.34375,0.006875220162929776,8,1.0,1.0,1.0,0.0,0.3822093497932987,0.38800267190661375,0.38501884280889936,0.0028953492034251515,9,0.6976317269532321,0.6953943126218716,0.6965130197875518,0.0011187071656802439,0.12169074371321562,0.12657236359503662,0.12405810335497834,0.0024397045356359536,9,0.16489350546033124,0.16089510676589328,0.16289430611311226,0.001999199347218983,"{'kneighborsclassifier__algorithm': 'brute', 'kneighborsclassifier__metric': 'hamming', 'kneighborsclassifier__n_neighbors': 5}"
2,2,0.013359308242797852,0.0008924007415771484,0.831900954246521,0.04080307483673096,brute,hamming,10,"{'kneighborsclassifier__algorithm': 'brute', 'kneighborsclassifier__metric': 'hamming', 'kneighborsclassifier__n_neighbors': 10}",0.18089887640449437,0.19809069212410502,0.1892361111111111,0.008592014905368962,5,0.3341288782816229,0.3393258426966292,0.33672736048912605,0.002598482207503139,0.3471910112359551,0.3341288782816229,0.34085648148148145,0.006528108657627868,9,0.7326968973747017,0.7269662921348314,0.7298315947547666,0.0028653026199351173,0.3936277248010835,0.40333663130961983,0.3983360949713112,0.004852254747066775,8,0.6261050716103963,0.6281140928541816,0.627109582232289,0.0010045106218926625,0.13091115813025925,0.1303525452272469,0.13064025673400673,0.00027917995791093775,7,0.14955191189081402,0.1527477990174619,0.15114985545413795,0.0015979435633239475,"{'kneighborsclassifier__algorithm': 'brute', 'kneighborsclassifier__metric': 'hamming', 'kneighborsclassifier__n_neighbors': 10}"
3,2,0.012993335723876953,0.0014171600341796875,0.904861330986023,0.18055593967437744,brute,hamming,15,"{'kneighborsclassifier__algorithm': 'brute', 'kneighborsclassifier__metric': 'hamming', 'kneighborsclassifier__n_neighbors': 15}",0.19213483146067414,0.2016706443914081,0.19675925925925927,0.004765747153874907,1,0.31026252983293556,0.3,0.3051312649164678,0.005131264916467787,0.3539325842696629,0.3496420047732697,0.35185185185185186,0.0021443181794712665,7,0.6312649164677804,0.6280898876404495,0.6296774020541149,0.0015875144136654473,0.4040653259953191,0.41227346001984094,0.40804589099100735,0.004102208343445131,7,0.5881221303218446,0.5787589711465371,0.5834405507341909,0.00468157958765375,0.13040804513838222,0.13166844889398588,0.13101928260782428,0.0006299164690659499,5,0.14958200312018927,0.14915895714772115,0.1493704801339552,0.0002115229862340584,"{'kneighborsclassifier__algorithm': 'brute', 'kneighborsclassifier__metric': 'hamming', 'kneighborsclassifier__n_neighbors': 15}"
4,2,0.014403343200683594,0.002959012985229492,0.885117769241333,0.11546754837036133,brute,hamming,20,"{'kneighborsclassifier__algorithm': 'brute', 'kneighborsclassifier__metric': 'hamming', 'kneighborsclassifier__n_neighbors': 20}",0.18876404494382024,0.19809069212410502,0.19328703703703703,0.004661211642625674,3,0.28162291169451076,0.27078651685393257,0.27620471427422166,0.005418197420289095,0.3595505617977528,0.3747016706443914,0.36689814814814814,0.007572123571257938,6,0.6097852028639618,0.5910112359550562,0.600398219409509,0.009386983454452769,0.4079992067668601,0.4178179445130572,0.4127608400025738,0.004907145495458182,6,0.5630419116927435,0.5556775737649849,0.5593597427288642,0.0036821689638792954,0.13565545503185952,0.13203587184494106,0.13390012475949978,0.0018089719666871027,1,0.15039875399063943,0.14355948732915025,0.14697912065989482,0.0034196333307445897,"{'kneighborsclassifier__algorithm': 'brute', 'kneighborsclassifier__metric': 'hamming', 'kneighborsclassifier__n_neighbors': 20}"
5,2,0.015027642250061035,0.0003870725631713867,0.9300899505615234,0.07895660400390625,brute,hamming,25,"{'kneighborsclassifier__algorithm': 'brute', 'kneighborsclassifier__metric': 'hamming', 'kneighborsclassifier__n_neighbors': 25}",0.17865168539325843,0.21241050119331742,0.19502314814814814,0.0168717634758524,2,0.27923627684964203,0.24831460674157305,0.2637754417956075,0.015460835054034491,0.3651685393258427,0.38066825775656327,0.3726851851851852,0.007746349423339979,4,0.5739856801909308,0.5584269662921348,0.5662063232415329,0.007779356949397964,0.40753461320695933,0.42665323984607934,0.41680626200532883,0.009554984053611264,5,0.5473216722694189,0.5338635662582617,0.5405926192638403,0.006729053005578578,0.13569947468262075,0.13191899389393422,0.13386611652236652,0.0018893843335467861,2,0.14849280393433137,0.1429594095043533,0.14572610671934233,0.002766697214989039,"{'kneighborsclassifier__algorithm': 'brute', 'kneighborsclassifier__metric': 'hamming', 'kneighborsclassifier__n_neighbors': 25}"
6,2,0.011647462844848633,0.0003268718719482422,0.7821826934814453,0.015008211135864258,brute,hamming,40,"{'kneighborsclassifier__algorithm': 'brute', 'kneighborsclassifier__metric': 'hamming', 'kneighborsclassifier__n_neighbors': 40}",0.18314606741573033,0.19689737470167065,0.18981481481481483,0.0068725397652054316,4,0.22553699284009546,0.21123595505617979,0.21838647394813762,0.0071505188919578355,0.36741573033707864,0.3854415274463007,0.3761574074074074,0.009008816751503692,2,0.5346062052505967,0.48314606741573035,0.5088761363331635,0.025730068917433152,0.41339622638162615,0.4291685299633326,0.4210450634195139,0.007882580274022107,2,0.5110065243501659,0.495371375602194,0.5031889499761799,0.007817574373985947,0.13570854613551242,0.12918311998264265,0.1325440165544332,0.003261235443873831,3,0.14419337424707354,0.1348688652171798,0.13953111973212667,0.0046622545149468675,"{'kneighborsclassifier__algorithm': 'brute', 'kneighborsclassifier__metric': 'hamming', 'kneighborsclassifier__n_neighbors': 40}"
7,2,0.012389063835144043,1.728534698486328e-05,0.945162296295166,0.11469578742980957,brute,hamming,60,"{'kneighborsclassifier__algorithm': 'brute', 'kneighborsclassifier__metric': 'hamming', 'kneighborsclassifier__n_neighbors': 60}",0.16853932584269662,0.18854415274463007,0.17824074074074073,0.00999788351178481,8,0.20763723150357996,0.19887640449438201,0.203256817998981,0.004380413504598973,0.3685393258426966,0.39737470167064437,0.38252314814814814,0.014411158364909119,1,0.4892601431980907,0.4393258426966292,0.46429299294735993,0.024967150250730735,0.4099703678316939,0.430372958558332,0.41986467976972786,0.010196675353578507,3,0.4875024174202451,0.46778391072124365,0.47764316407074436,0.009859253349500718,0.1340890607519821,0.13007518932936596,0.13214251893939394,0.0020060268009976924,4,0.14503388814844662,0.13133977819932877,0.1381868331738877,0.006847054974558925,"{'kneighborsclassifier__algorithm': 'brute', 'kneighborsclassifier__metric': 'hamming', 'kneighborsclassifier__n_neighbors': 60}"
8,2,0.025104165077209473,0.012822985649108887,0.966706395149231,0.06033623218536377,brute,hamming,80,"{'kneighborsclassifier__algorithm': 'brute', 'kneighborsclassifier__metric': 'hamming', 'kneighborsclassifier__n_neighbors': 80}",0.1651685393258427,0.19331742243436753,0.17881944444444445,0.014068067456193713,7,0.18973747016706444,0.18876404494382024,0.18925075755544235,0.00048671261162210044,0.3685393258426966,0.3818615751789976,0.375,0.0066581079472583056,3,0.4701670644391408,0.4258426966292135,0.44800488053417714,0.02216218390496366,0.4109763165144726,0.43363374995290016,0.42196412277685824,0.011323586117684593,1,0.4678060437465424,0.45580392425797817,0.4618049840022603,0.006001059744282111,0.13388160902767643,0.12721406874748165,0.13064816067420235,0.003332260326885295,6,0.14181709698416142,0.12806943431100734,0.13494326564758438,0.006873831336577041,"{'kneighborsclassifier__algorithm': 'brute', 'kneighborsclassifier__metric': 'hamming', 'kneighborsclassifier__n_neighbors': 80}"
9,2,0.013094544410705566,0.0012301206588745117,1.236840009689331,0.2721123695373535,brute,hamming,100,"{'kneighborsclassifier__algorithm': 'brute', 'kneighborsclassifier__metric': 'hamming', 'kneighborsclassifier__n_neighbors': 100}",0.17191011235955056,0.18496420047732698,0.17824074074074073,0.006524088061041352,8,0.18615751789976134,0.18764044943820224,0.18689898366898178,0.0007414657692204479,0.3561797752808989,0.3854415274463007,0.37037037037037035,0.014624249983994073,5,0.431980906921241,0.40337078651685393,0.41767584671904745,0.014305060202193548,0.4109127949823149,0.4285511444968769,0.41946657790662223,0.008815180688701352,4,0.4559168942234437,0.4461894808390803,0.451053187531262,0.004863706692181724,0.13455041587625857,0.12412306667079936,0.12949363425925925,0.0052113134097054965,8,0.14117536600233496,0.12463432073544431,0.13290484336888964,0.008270522633445326,"{'kneighborsclassifier__algorithm': 'brute', 'kneighborsclassifier__metric': 'hamming', 'kneighborsclassifier__n_neighbors': 100}"
0,3,0.01804041862487793,0.005830049514770508,0.9746637344360352,0.2662017345428467,brute,hamming,1,"{'kneighborsclassifier__algorithm': 'brute', 'kneighborsclassifier__metric': 'hamming', 'kneighborsclassifier__n_neighbors': 1}",0.1789709172259508,0.2170263788968825,0.19733796296296297,0.01901625714875615,10,0.9712230215827338,0.9496644295302014,0.9604437255564675,0.010779296026266205,0.20246085011185683,0.2422062350119904,0.22164351851851852,0.01986070925305701,10,0.9724220623501199,0.9496644295302014,0.9610432459401606,0.011378816409959247,0.3463612315538931,0.3773059869326291,0.3612963739068247,0.015463047874068592,10,0.9767976686361365,0.9582946123503068,0.9675461404932216,0.009251528142914855,0.15105169625303852,0.17472479159529516,0.162477252685586,0.011829410254645118,10,0.2709730137967548,0.25811928004881024,0.26454614692278255,0.006426866873972287,"{'kneighborsclassifier__algorithm': 'brute', 'kneighborsclassifier__metric': 'hamming', 'kneighborsclassifier__n_neighbors': 1}"
1,3,0.021123170852661133,0.00016999244689941406,1.1148017644882202,0.17260277271270752,brute,hamming,5,"{'kneighborsclassifier__algorithm': 'brute', 'kneighborsclassifier__metric': 'hamming', 'kneighborsclassifier__n_neighbors': 5}",0.20917225950782997,0.24100719424460432,0.22453703703703703,0.015907869164829634,8,0.4724220623501199,0.42058165548098436,0.44650185891555216,0.025920203434567773,0.3691275167785235,0.407673860911271,0.38773148148148145,0.019261550379053066,9,1.0,0.9977628635346756,0.9988814317673378,0.0011185682326622093,0.40779527560795864,0.4336291931521797,0.42026372886714863,0.012909169869719852,9,0.7335123982862456,0.699854283085115,0.7166833406856803,0.0168290576005653,0.24310872386375743,0.2649080475879037,0.2536299252445086,0.010893089386010253,9,0.29916490184475797,0.2931916480238628,0.29617827493431037,0.0029866269104475707,"{'kneighborsclassifier__algorithm': 'brute', 'kneighborsclassifier__metric': 'hamming', 'kneighborsclassifier__n_neighbors': 5}"
2,3,0.020206451416015625,0.0072367191314697266,0.8577934503555298,0.03216874599456787,brute,hamming,10,"{'kneighborsclassifier__algorithm': 'brute', 'kneighborsclassifier__metric': 'hamming', 'kneighborsclassifier__n_neighbors': 10}",0.2348993288590604,0.26498800959232616,0.2494212962962963,0.015035268657052086,4,0.3597122302158273,0.3277404921700224,0.3437263611929249,0.01598586902290247,0.37360178970917224,0.4040767386091127,0.3883101851851852,0.015228286280892274,8,0.7889688249400479,0.7684563758389261,0.7787126003894871,0.01025622455056091,0.4328864877065781,0.452207348901255,0.4422114866859534,0.009654605375449772,8,0.6438033434017038,0.6286477414111626,0.6362255424064331,0.007577800995270556,0.2547305509553832,0.27317234524069056,0.26363127805836145,0.009215336958630046,7,0.2942865447901419,0.2846705308114704,0.2894785378008061,0.004808006989335728,"{'kneighborsclassifier__algorithm': 'brute', 'kneighborsclassifier__metric': 'hamming', 'kneighborsclassifier__n_neighbors': 10}"
3,3,0.016596555709838867,0.0046291351318359375,1.0035035610198975,0.1674480438232422,brute,hamming,15,"{'kneighborsclassifier__algorithm': 'brute', 'kneighborsclassifier__metric': 'hamming', 'kneighborsclassifier__n_neighbors': 15}",0.25615212527964204,0.2829736211031175,0.2690972222222222,0.01340266125540375,1,0.3273381294964029,0.31096196868008946,0.3191500490882462,0.008188080408156717,0.40268456375838924,0.41007194244604317,0.40625,0.0036914620559437973,7,0.7206235011990407,0.6868008948545862,0.7037121980268135,0.016911303172227277,0.44854083873564754,0.4676737831331676,0.45777514176083955,0.009560703633612938,7,0.6160967344555666,0.5950544102379938,0.6055755723467802,0.010521162108786397,0.2585668526104768,0.2712263695537077,0.26467682780182783,0.006325941638894868,4,0.28992730490931934,0.2807764606757895,0.2853518827925544,0.004575422116764927,"{'kneighborsclassifier__algorithm': 'brute', 'kneighborsclassifier__metric': 'hamming', 'kneighborsclassifier__n_neighbors': 15}"
4,3,0.013707876205444336,0.0016744136810302734,0.8157157897949219,0.016415834426879883,brute,hamming,20,"{'kneighborsclassifier__algorithm': 'brute', 'kneighborsclassifier__metric': 'hamming', 'kneighborsclassifier__n_neighbors': 20}",0.24384787472035793,0.2685851318944844,0.25578703703703703,0.012361170326766,3,0.2973621103117506,0.28635346756152125,0.29185778893663594,0.005504321375114668,0.40380313199105144,0.4316546762589928,0.41724537037037035,0.013917374918977588,6,0.6738609112709832,0.6409395973154363,0.6574002542932098,0.01646065697777349,0.450718259979825,0.46761516465315917,0.4588733632770245,0.008443357935441258,6,0.5866201104641724,0.5762717834016842,0.5814459469329283,0.005174163531244114,0.25831347995777526,0.27413656088116517,0.2659503141534391,0.007906769817342583,2,0.2845169578622816,0.27617594933031175,0.2803464535962967,0.00417050426598492,"{'kneighborsclassifier__algorithm': 'brute', 'kneighborsclassifier__metric': 'hamming', 'kneighborsclassifier__n_neighbors': 20}"
5,3,0.025178194046020508,0.012156248092651367,0.8033394813537598,0.006941318511962891,brute,hamming,25,"{'kneighborsclassifier__algorithm': 'brute', 'kneighborsclassifier__metric': 'hamming', 'kneighborsclassifier__n_neighbors': 25}",0.24608501118568232,0.2709832134292566,0.25810185185185186,0.012441594336699406,2,0.27697841726618705,0.2785234899328859,0.2777509535995365,0.0007725363333494217,0.40380313199105144,0.44964028776978415,0.42592592592592593,0.022904758029036795,5,0.6354916067146283,0.6252796420581656,0.630385624386397,0.005105982328231395,0.453224183686042,0.47626441732922237,0.46434429645132697,0.011513170212327464,3,0.5704246461847886,0.5642014082413392,0.567313027213064,0.0031116189717246834,0.2573084633487318,0.27231749665202903,0.2645524065055315,0.007499991441905353,6,0.28461077890934006,0.27512795742661517,0.2798693681679776,0.004741410741362445,"{'kneighborsclassifier__algorithm': 'brute', 'kneighborsclassifier__metric': 'hamming', 'kneighborsclassifier__n_neighbors': 25}"
6,3,0.015113592147827148,0.0017528533935546875,0.8582035303115845,0.04965698719024658,brute,hamming,40,"{'kneighborsclassifier__algorithm': 'brute', 'kneighborsclassifier__metric': 'hamming', 'kneighborsclassifier__n_neighbors': 40}",0.232662192393736,0.25059952038369304,0.24131944444444445,0.008963255907079188,5,0.2589928057553957,0.2483221476510067,0.2536574767032012,0.005335329052194485,0.4261744966442953,0.4568345323741007,0.4409722222222222,0.015320773892315696,3,0.5959232613908872,0.5525727069351231,0.5742479841630052,0.021675277227882095,0.45508101545313695,0.4738084430658891,0.4641196003079027,0.009358067504166801,4,0.5418484003518249,0.532674234368709,0.5372613173602669,0.004587082991557967,0.2600477449470738,0.27254614490226003,0.26607995881433383,0.0062454317214963185,1,0.2824795747817331,0.26914635327387004,0.27581296402780153,0.006666610753931518,"{'kneighborsclassifier__algorithm': 'brute', 'kneighborsclassifier__metric': 'hamming', 'kneighborsclassifier__n_neighbors': 40}"
7,3,0.016698598861694336,0.0027594566345214844,0.929560661315918,0.14069700241088867,brute,hamming,60,"{'kneighborsclassifier__algorithm': 'brute', 'kneighborsclassifier__metric': 'hamming', 'kneighborsclassifier__n_neighbors': 60}",0.21923937360178972,0.24940047961630696,0.2337962962962963,0.015071459461522106,6,0.23860911270983212,0.22930648769574943,0.23395780020279078,0.004651312507041344,0.44854586129753915,0.44964028776978415,0.44907407407407407,0.000546883267547217,2,0.5695443645083933,0.5212527964205816,0.5453985804644874,0.024145784043905827,0.4569703084344873,0.47327767234998314,0.464840876435369,0.008148765302518611,2,0.5228073931821817,0.509076034913276,0.5159417140477289,0.006865679134452851,0.25989133908596995,0.2707135849761749,0.2651145758177008,0.0054078600479153935,3,0.27876143241251156,0.26685563690597247,0.27280853465924204,0.005952897753269543,"{'kneighborsclassifier__algorithm': 'brute', 'kneighborsclassifier__metric': 'hamming', 'kneighborsclassifier__n_neighbors': 60}"
8,3,0.022469043731689453,0.006285190582275391,0.9553011655807495,0.08098804950714111,brute,hamming,80,"{'kneighborsclassifier__algorithm': 'brute', 'kneighborsclassifier__metric': 'hamming', 'kneighborsclassifier__n_neighbors': 80}",0.21700223713646533,0.24100719424460432,0.22858796296296297,0.011995241081568957,7,0.23621103117505995,0.22595078299776286,0.2310809070864114,0.005130124088648547,0.44742729306487694,0.4556354916067146,0.4513888888888889,0.00410162450660421,1,0.5347721822541966,0.4888143176733781,0.5117932499637874,0.022978932290409287,0.45832111774927853,0.47282475765391757,0.46532113839769806,0.007247447118221353,1,0.5082553746474529,0.4943540640404479,0.5013047193439504,0.006950655303502473,0.25896718866517526,0.2706294964028777,0.26459587191358025,0.005827637693789367,5,0.27553064042272674,0.262601324849647,0.26906598263618686,0.0064646577865398736,"{'kneighborsclassifier__algorithm': 'brute', 'kneighborsclassifier__metric': 'hamming', 'kneighborsclassifier__n_neighbors': 80}"
9,3,0.015015482902526855,0.00011622905731201172,0.7113326787948608,0.03460419178009033,brute,hamming,100,"{'kneighborsclassifier__algorithm': 'brute', 'kneighborsclassifier__metric': 'hamming', 'kneighborsclassifier__n_neighbors': 100}",0.21140939597315436,0.23501199040767387,0.22280092592592593,0.011794181056735423,9,0.2314148681055156,0.22930648769574943,0.23036067790063253,0.0010541902048830792,0.42393736017897093,0.4352517985611511,0.42939814814814814,0.005653807898319124,4,0.4940047961630695,0.47651006711409394,0.4852574316385817,0.008747364524487794,0.4525105704006202,0.468657984617736,0.4603039404567976,0.008068838678015626,5,0.4981963510203021,0.4884209636207973,0.4933086573205497,0.004887693699752393,0.25585735107547186,0.269791205996242,0.2625823713323714,0.006962726415935744,8,0.2724050889158803,0.26215099218454924,0.26727804055021476,0.005127048365665521,"{'kneighborsclassifier__algorithm': 'brute', 'kneighborsclassifier__metric': 'hamming', 'kneighborsclassifier__n_neighbors': 100}"
0,4,0.020264625549316406,0.00926971435546875,1.0833433866500854,0.029033541679382324,brute,hamming,1,"{'kneighborsclassifier__algorithm': 'brute', 'kneighborsclassifier__metric': 'hamming', 'kneighborsclassifier__n_neighbors': 1}",0.3565804274465692,0.399284862932062,0.3773148148148148,0.021343277352880892,10,0.9749702026221693,0.9763779527559056,0.9756740776890374,0.0007038750668681426,0.3779527559055118,0.42193087008343266,0.3993055555555556,0.02197985004800952,10,0.9761620977353993,0.9763779527559056,0.9762700252456524,0.00010792751025312519,0.48783578815657114,0.520507210440062,0.5036988224712985,0.01632887121401065,10,0.9801801777271896,0.9808144458974706,0.9804973118123301,0.00031713408514050245,0.2888082090388053,0.30615686062050784,0.29723154160654164,0.008670693762772281,10,0.42125474049192757,0.4040572120043436,0.41265597624813555,0.008598764243791995,"{'kneighborsclassifier__algorithm': 'brute', 'kneighborsclassifier__metric': 'hamming', 'kneighborsclassifier__n_neighbors': 1}"
1,4,0.024451613426208496,0.005544781684875488,0.8502564430236816,0.09789896011352539,brute,hamming,5,"{'kneighborsclassifier__algorithm': 'brute', 'kneighborsclassifier__metric': 'hamming', 'kneighborsclassifier__n_neighbors': 5}",0.40719910011248595,0.4171632896305125,0.41203703703703703,0.0049800087054693845,7,0.567342073897497,0.5365579302587177,0.5519500020781074,0.015392071819389674,0.5376827896512936,0.5840286054827175,0.5601851851851852,0.023163205184427566,9,1.0,1.0,1.0,0.0,0.5636452014694874,0.5882114240376609,0.5755728986539188,0.012277968220964977,9,0.7974372328504664,0.7721693185883104,0.7848032757193883,0.01263395713107801,0.3908085352967242,0.41354230195708147,0.40184651575276575,0.011362123900982471,9,0.4513863391276979,0.4365041220496788,0.44394523058868834,0.007441108539009533,"{'kneighborsclassifier__algorithm': 'brute', 'kneighborsclassifier__metric': 'hamming', 'kneighborsclassifier__n_neighbors': 5}"
2,4,0.029724597930908203,0.010187149047851562,1.0358107089996338,0.08448219299316406,brute,hamming,10,"{'kneighborsclassifier__algorithm': 'brute', 'kneighborsclassifier__metric': 'hamming', 'kneighborsclassifier__n_neighbors': 10}",0.421822272215973,0.4410011918951132,0.43113425925925924,0.009585444635594652,1,0.5077473182359953,0.46794150731158607,0.48784441277379065,0.019902905462204606,0.5579302587176603,0.5911799761620977,0.5740740740740741,0.01661789772546293,8,0.8915375446960667,0.8413948256467941,0.8664661851714304,0.025071359524636294,0.5798978450651784,0.606080250357141,0.5926102513383014,0.013085721226820363,8,0.7374511487694653,0.7053217631056381,0.7213864559375517,0.016064692831913585,0.4051107329116328,0.423996899008818,0.41428057860349526,0.00943912913406231,8,0.44815449746915775,0.4322142443233557,0.4401843708962567,0.007970126572901026,"{'kneighborsclassifier__algorithm': 'brute', 'kneighborsclassifier__metric': 'hamming', 'kneighborsclassifier__n_neighbors': 10}"
3,4,0.028951168060302734,0.017137527465820312,1.0126497745513916,0.03788495063781738,brute,hamming,15,"{'kneighborsclassifier__algorithm': 'brute', 'kneighborsclassifier__metric': 'hamming', 'kneighborsclassifier__n_neighbors': 15}",0.4128233970753656,0.4398092967818832,0.42592592592592593,0.01348730021847251,2,0.46722288438617404,0.4465691788526434,0.4568960316194087,0.010326852766765315,0.5601799775028121,0.5971394517282479,0.578125,0.01847199945959022,7,0.8235995232419547,0.7772778402699663,0.8004386817559606,0.023160841485994232,0.5805897881208244,0.6102197252671019,0.5949760828347865,0.014808765395722472,7,0.7056905539189621,0.6858851484338521,0.6957878511764071,0.009902702742555003,0.40765306122448985,0.42735414764020246,0.4172185771404522,0.009846418685629795,7,0.44492531306595673,0.423126889982908,0.43402610152443233,0.010899211541524373,"{'kneighborsclassifier__algorithm': 'brute', 'kneighborsclassifier__metric': 'hamming', 'kneighborsclassifier__n_neighbors': 15}"
4,4,0.01288747787475586,0.00016832351684570312,0.9176880121231079,0.0665661096572876,brute,hamming,20,"{'kneighborsclassifier__algorithm': 'brute', 'kneighborsclassifier__metric': 'hamming', 'kneighborsclassifier__n_neighbors': 20}",0.41394825646794153,0.4362336114421931,0.42476851851851855,0.011138011935187294,3,0.4564958283671037,0.4364454443194601,0.4464706363432819,0.010025192023821794,0.5556805399325084,0.6126340882002383,0.5833333333333334,0.02846485062006718,6,0.7783075089392133,0.7637795275590551,0.7710435182491342,0.007263990690079103,0.5839006806273802,0.612968716919598,0.5980141542669466,0.014527932605482421,6,0.6909332960221145,0.6730974237207328,0.6820153598714236,0.008917936150690864,0.40914233123456967,0.42741681242873136,0.4180151840828924,0.009133414741883178,6,0.44151749918734423,0.42341036915840063,0.43246393417287243,0.009053565014471798,"{'kneighborsclassifier__algorithm': 'brute', 'kneighborsclassifier__metric': 'hamming', 'kneighborsclassifier__n_neighbors': 20}"
5,4,0.014446616172790527,0.0012706518173217773,1.0198793411254883,0.05637025833129883,brute,hamming,25,"{'kneighborsclassifier__algorithm': 'brute', 'kneighborsclassifier__metric': 'hamming', 'kneighborsclassifier__n_neighbors': 25}",0.40832395950506184,0.432657926102503,0.4201388888888889,0.01216188885956262,4,0.44934445768772346,0.421822272215973,0.43558336495184824,0.013761092735875224,0.5793025871766029,0.6078665077473182,0.5931712962962963,0.014275980283910828,5,0.7437425506555423,0.7266591676040495,0.7352008591297958,0.008541691525746409,0.5874745678666436,0.612815882685395,0.599778597457461,0.012665352076765408,4,0.6782343640475401,0.6631984114485285,0.6707163877480343,0.007517976299505791,0.4130077327996338,0.42758765072829436,0.4200867554513388,0.007286906584665079,5,0.43904839300548476,0.42081515784552903,0.42993177542550687,0.009116617579977865,"{'kneighborsclassifier__algorithm': 'brute', 'kneighborsclassifier__metric': 'hamming', 'kneighborsclassifier__n_neighbors': 25}"
6,4,0.013350844383239746,0.001092076301574707,1.0048755407333374,0.08469641208648682,brute,hamming,40,"{'kneighborsclassifier__algorithm': 'brute', 'kneighborsclassifier__metric': 'hamming', 'kneighborsclassifier__n_neighbors': 40}",0.40607424071991,0.43146603098927294,0.4184027777777778,0.012690579234779965,5,0.42550655542312277,0.4150731158605174,0.4202898356418201,0.00521671978130267,0.5804274465691789,0.6174016686531585,0.5983796296296297,0.01847937030132325,2,0.7091775923718713,0.7086614173228346,0.7089195048473529,0.0002580875245183356,0.5890089564571193,0.6176118862947642,0.6028966058400961,0.014295476750588,1,0.6562520205736783,0.6455137153801169,0.6508828679768976,0.005369152596780669,0.4137012743536928,0.4311861678250236,0.4221907567740902,0.008738786184656747,1,0.4373970765031551,0.4231795538544695,0.4302883151788123,0.007108761324342822,"{'kneighborsclassifier__algorithm': 'brute', 'kneighborsclassifier__metric': 'hamming', 'kneighborsclassifier__n_neighbors': 40}"
7,4,0.016017913818359375,0.001810312271118164,1.1294877529144287,0.10339212417602539,brute,hamming,60,"{'kneighborsclassifier__algorithm': 'brute', 'kneighborsclassifier__metric': 'hamming', 'kneighborsclassifier__n_neighbors': 60}",0.40044994375703036,0.42789034564958284,0.41377314814814814,0.013714456159155263,6,0.432657926102503,0.40719910011248595,0.41992851310749446,0.012729412995008516,0.578177727784027,0.6162097735399285,0.5966435185185185,0.019008060676540622,3,0.6865315852205006,0.6771653543307087,0.6818484697756046,0.004683115444895969,0.5882896246856268,0.6164653882027418,0.6019698709766336,0.0140819830197558,2,0.649324741626588,0.6316343156693802,0.6404795286479841,0.008845212978603911,0.4115482155639636,0.4314901010788973,0.42123064724627224,0.009966767822729277,3,0.43609927815529725,0.4213294766725588,0.42871437741392804,0.007384900741369216,"{'kneighborsclassifier__algorithm': 'brute', 'kneighborsclassifier__metric': 'hamming', 'kneighborsclassifier__n_neighbors': 60}"
8,4,0.019368529319763184,0.007269024848937988,0.9591965675354004,0.0705716609954834,brute,hamming,80,"{'kneighborsclassifier__algorithm': 'brute', 'kneighborsclassifier__metric': 'hamming', 'kneighborsclassifier__n_neighbors': 80}",0.3892013498312711,0.4231227651966627,0.4056712962962963,0.016953606062578164,8,0.4231227651966627,0.4015748031496063,0.4123487841731345,0.010773981023528195,0.5703037120359955,0.6197854588796186,0.5943287037037037,0.024730514167486325,4,0.6591179976162098,0.6546681664791901,0.6568930820476999,0.0022249155685098443,0.5836650967771059,0.6139036539163863,0.5983468962214672,0.015112947974545791,5,0.6413908787121708,0.6221702722404685,0.6317805754763197,0.009610303235851159,0.4108012310149543,0.4313778771883658,0.4207918595679012,0.010284015261609273,4,0.434987358688193,0.4202145024079782,0.42760093054808557,0.007386428140107398,"{'kneighborsclassifier__algorithm': 'brute', 'kneighborsclassifier__metric': 'hamming', 'kneighborsclassifier__n_neighbors': 80}"
9,4,0.014727234840393066,0.001999497413635254,1.0074822902679443,0.08739900588989258,brute,hamming,100,"{'kneighborsclassifier__algorithm': 'brute', 'kneighborsclassifier__metric': 'hamming', 'kneighborsclassifier__n_neighbors': 100}",0.38695163104611924,0.42193087008343266,0.4039351851851852,0.017482296437795506,9,0.4195470798569726,0.3925759280089989,0.40606150393298573,0.013485575923986859,0.578177727784027,0.634088200238379,0.6053240740740741,0.027943531086582898,1,0.6579261025029798,0.6490438695163104,0.6534849860096451,0.004441116493334674,0.5851193160323611,0.6162784908672759,0.6002481052027856,0.01557306408638548,3,0.6355994962160988,0.6149078697255843,0.6252536829708415,0.01034581324525724,0.4103612697763429,0.43321344725993116,0.4214567425244508,0.011421304522692381,2,0.4343741260725766,0.4205927424656334,0.42748343426910496,0.006890691803471599,"{'kneighborsclassifier__algorithm': 'brute', 'kneighborsclassifier__metric': 'hamming', 'kneighborsclassifier__n_neighbors': 100}"
0,5,0.036039113998413086,0.023529767990112305,1.0145727396011353,0.08769834041595459,brute,hamming,1,"{'kneighborsclassifier__algorithm': 'brute', 'kneighborsclassifier__metric': 'hamming', 'kneighborsclassifier__n_neighbors': 1}",0.4598870056497175,0.49466192170818507,0.47685185185185186,0.017382321362866406,10,0.9786476868327402,0.9785310734463277,0.978589380139534,5.8306693206222615e-05,0.47344632768361583,0.5088967971530249,0.49074074074074076,0.017719998281108953,10,0.9798339264531435,0.9807909604519774,0.9803124434525605,0.000478516999416978,0.558358193308148,0.5852533844336696,0.5714789375898695,0.013443622824955606,10,0.9833737957027879,0.9833606368950341,0.983367216298911,6.57940387693845e-06,0.3947255851493139,0.4289163110515424,0.4114054358064774,0.017090312576541877,10,0.5552463372926006,0.5347824981045319,0.5450144176985663,0.010231919594034355,"{'kneighborsclassifier__algorithm': 'brute', 'kneighborsclassifier__metric': 'hamming', 'kneighborsclassifier__n_neighbors': 1}"
1,5,0.02629375457763672,0.0007634162902832031,1.0679957866668701,0.15592455863952637,brute,hamming,5,"{'kneighborsclassifier__algorithm': 'brute', 'kneighborsclassifier__metric': 'hamming', 'kneighborsclassifier__n_neighbors': 5}",0.49265536723163844,0.5077105575326216,0.5,0.00752537132083393,9,0.6524317912218268,0.6406779661016949,0.6465548786617609,0.00587691256006595,0.6508474576271186,0.6844602609727165,0.6672453703703703,0.016801436664223,9,1.0,1.0,1.0,0.0,0.6409255089472244,0.6655567315688177,0.6529417824831059,0.012311972987914258,9,0.8366233454352193,0.8211348077117927,0.828879076573506,0.00774426886171331,0.5220262186024898,0.5397500166895185,0.5306727242664743,0.008859281028926417,9,0.5841106283988846,0.5611377944089808,0.5726242114039327,0.011486416994951898,"{'kneighborsclassifier__algorithm': 'brute', 'kneighborsclassifier__metric': 'hamming', 'kneighborsclassifier__n_neighbors': 5}"
2,5,0.025642991065979004,0.010305523872375488,1.1400097608566284,0.1780768632888794,brute,hamming,10,"{'kneighborsclassifier__algorithm': 'brute', 'kneighborsclassifier__metric': 'hamming', 'kneighborsclassifier__n_neighbors': 10}",0.5141242937853108,0.5290628706998813,0.5214120370370371,0.007467081852803926,6,0.597864768683274,0.584180790960452,0.591022779821863,0.006841988861411019,0.6711864406779661,0.6903914590747331,0.6805555555555556,0.009599672390038165,8,0.9110320284697508,0.9265536723163842,0.9187928503930676,0.007760821923316674,0.6578602568253322,0.6801032096256637,0.668711419562994,0.01111819085298087,8,0.7939544762033486,0.783561856334439,0.7887581662688938,0.005196309934454801,0.5385033384694401,0.5592482527357971,0.5486236872695206,0.010369392864001662,8,0.5890199144469608,0.5651060483772348,0.5770629814120978,0.011956933034863004,"{'kneighborsclassifier__algorithm': 'brute', 'kneighborsclassifier__metric': 'hamming', 'kneighborsclassifier__n_neighbors': 10}"
3,5,0.026112794876098633,0.003594636917114258,0.9206346273422241,0.006057858467102051,brute,hamming,15,"{'kneighborsclassifier__algorithm': 'brute', 'kneighborsclassifier__metric': 'hamming', 'kneighborsclassifier__n_neighbors': 15}",0.5186440677966102,0.5432977461447213,0.5306712962962963,0.01232319753419679,3,0.5658362989323843,0.5457627118644067,0.5557995053983955,0.010036793533988786,0.6757062146892655,0.7058125741399762,0.6903935185185185,0.015048732660011636,7,0.8790035587188612,0.8497175141242937,0.8643605364215774,0.014643022297283703,0.6708818801783173,0.6952970738616899,0.6827927645967682,0.012203990428833003,7,0.7659017121760228,0.7583324982770945,0.7621171052265586,0.003784606949464142,0.5459478807444909,0.5685778219408112,0.556987834696168,0.011311627888212477,7,0.5845378800716879,0.5595871792990437,0.5720625296853659,0.012475350386322137,"{'kneighborsclassifier__algorithm': 'brute', 'kneighborsclassifier__metric': 'hamming', 'kneighborsclassifier__n_neighbors': 15}"
4,5,0.01276540756225586,0.00022792816162109375,1.0374057292938232,0.06830763816833496,brute,hamming,20,"{'kneighborsclassifier__algorithm': 'brute', 'kneighborsclassifier__metric': 'hamming', 'kneighborsclassifier__n_neighbors': 20}",0.5220338983050847,0.5456702253855279,0.5335648148148148,0.011814672175176785,1,0.5634638196915777,0.5457627118644067,0.5546132657779922,0.008850553913585468,0.6892655367231638,0.7129300118623962,0.7008101851851852,0.011828742046770238,6,0.8564650059311981,0.8361581920903954,0.8463115990107968,0.010153406920401342,0.6775348170601956,0.6960310819805859,0.6865581685230944,0.009245400343120366,6,0.7593770126463272,0.7470748055957176,0.7532259091210224,0.006151103525304791,0.5457972216107809,0.5718073721454504,0.5584862012987012,0.013001233260491733,6,0.581052595091741,0.5566851566512584,0.5688688758714997,0.012183719220241307,"{'kneighborsclassifier__algorithm': 'brute', 'kneighborsclassifier__metric': 'hamming', 'kneighborsclassifier__n_neighbors': 20}"
5,5,0.012080550193786621,0.0009790658950805664,1.1679919958114624,0.09412086009979248,brute,hamming,25,"{'kneighborsclassifier__algorithm': 'brute', 'kneighborsclassifier__metric': 'hamming', 'kneighborsclassifier__n_neighbors': 25}",0.5175141242937853,0.5456702253855279,0.53125,0.014073891556751929,2,0.5539739027283511,0.5299435028248588,0.541958702776605,0.012015199951746158,0.6983050847457627,0.7117437722419929,0.7048611111111112,0.006717358695039286,5,0.8244365361803084,0.8158192090395481,0.8201278726099283,0.004308663570380178,0.6801305405061562,0.6981669652105762,0.6889295601970278,0.009015548158973393,4,0.7510489744619369,0.7357555577646554,0.7434022661132962,0.0076467083486407295,0.5502877687284466,0.5716565245746741,0.5607124569103736,0.010681221505157646,5,0.5832339151556234,0.5592424487000758,0.5712381819278496,0.011995733227773808,"{'kneighborsclassifier__algorithm': 'brute', 'kneighborsclassifier__metric': 'hamming', 'kneighborsclassifier__n_neighbors': 25}"
6,5,0.012822866439819336,0.0007250308990478516,1.3853367567062378,0.03796732425689697,brute,hamming,40,"{'kneighborsclassifier__algorithm': 'brute', 'kneighborsclassifier__metric': 'hamming', 'kneighborsclassifier__n_neighbors': 40}",0.5141242937853108,0.5373665480427047,0.525462962962963,0.01161769397286862,4,0.5456702253855279,0.5242937853107345,0.5349820053481311,0.010688220037396723,0.7016949152542373,0.7153024911032029,0.7083333333333334,0.006801777924599889,4,0.8113879003558719,0.7819209039548023,0.7966544021553371,0.014733498200534823,0.6821976160649079,0.7003136862584739,0.6910354905864219,0.009055359138965702,2,0.7397899387176851,0.7238929945780057,0.7318414666478454,0.007948472069839674,0.5527774353706557,0.5704026282140161,0.56137583674042,0.008809992972252894,4,0.5811197383083505,0.5575891114535183,0.5693544248809344,0.011765313427416102,"{'kneighborsclassifier__algorithm': 'brute', 'kneighborsclassifier__metric': 'hamming', 'kneighborsclassifier__n_neighbors': 40}"
7,5,0.015271782875061035,0.0019096136093139648,1.1039397716522217,0.006312370300292969,brute,hamming,60,"{'kneighborsclassifier__algorithm': 'brute', 'kneighborsclassifier__metric': 'hamming', 'kneighborsclassifier__n_neighbors': 60}",0.5096045197740113,0.5361803084223014,0.5225694444444445,0.0132839687658631,5,0.5456702253855279,0.5152542372881356,0.5304622313368317,0.01520799404869616,0.7062146892655368,0.7141162514827996,0.7100694444444444,0.003949613954444083,2,0.7876631079478055,0.7581920903954802,0.7729275991716429,0.014735508776162642,0.6827682516887205,0.7005888189318055,0.6914619659166837,0.008907651313005766,1,0.7311032172170403,0.708730368383592,0.7199167928003162,0.011186424416724128,0.5563727101523711,0.5710522356251894,0.5635340758778258,0.007337594396889388,3,0.5809070111383279,0.5556631936801428,0.5682851024092354,0.012621908729092524,"{'kneighborsclassifier__algorithm': 'brute', 'kneighborsclassifier__metric': 'hamming', 'kneighborsclassifier__n_neighbors': 60}"
8,5,0.02972245216369629,0.005034923553466797,0.9804369211196899,0.07640254497528076,brute,hamming,80,"{'kneighborsclassifier__algorithm': 'brute', 'kneighborsclassifier__metric': 'hamming', 'kneighborsclassifier__n_neighbors': 80}",0.5084745762711864,0.527876631079478,0.5179398148148148,0.009698161491192219,7,0.538552787663108,0.4994350282485876,0.5189939079558478,0.019558879707260196,0.7062146892655368,0.7212336892052195,0.7135416666666666,0.007507281485928058,1,0.763938315539739,0.7502824858757062,0.7571104007077226,0.006827914832016391,0.6813062598370141,0.6984202023488733,0.6896552491526954,0.008554443324222541,3,0.721974113833018,0.6993349106895528,0.7106545122612854,0.011319601571732618,0.556974368381148,0.5707427092480474,0.5636912152276735,0.006882136686672368,2,0.5802289031648462,0.5543890723212757,0.5673089877430609,0.012919915421785277,"{'kneighborsclassifier__algorithm': 'brute', 'kneighborsclassifier__metric': 'hamming', 'kneighborsclassifier__n_neighbors': 80}"
9,5,0.012416720390319824,0.00042498111724853516,0.9578046798706055,0.08955097198486328,brute,hamming,100,"{'kneighborsclassifier__algorithm': 'brute', 'kneighborsclassifier__metric': 'hamming', 'kneighborsclassifier__n_neighbors': 100}",0.49830508474576274,0.5207591933570581,0.5092592592592593,0.01122373756825229,8,0.5231316725978647,0.4915254237288136,0.5073285481633392,0.015803124434525584,0.6994350282485876,0.7188612099644128,0.7089120370370371,0.009710221381129449,3,0.7580071174377224,0.7299435028248588,0.7439753101312906,0.014031807306431832,0.6782009854847028,0.6985687569482437,0.6881373462160483,0.010180877171045872,5,0.7151288472394031,0.6921361724037307,0.7036325098215669,0.011496337417836178,0.5584463521412674,0.5728048918262442,0.5654511258417508,0.007177148916365664,1,0.5814614882942285,0.5544441020373224,0.5679527951657755,0.013508693128453042,"{'kneighborsclassifier__algorithm': 'brute', 'kneighborsclassifier__metric': 'hamming', 'kneighborsclassifier__n_neighbors': 100}"
