,column,mean_fit_time,std_fit_time,mean_score_time,std_score_time,param_algorithm,param_metric,param_n_neighbors,params,split0_test_accuracy,split1_test_accuracy,mean_test_accuracy,std_test_accuracy,rank_test_accuracy,split0_train_accuracy,split1_train_accuracy,mean_train_accuracy,std_train_accuracy,split0_test_hit@5,split1_test_hit@5,mean_test_hit@5,std_test_hit@5,rank_test_hit@5,split0_train_hit@5,split1_train_hit@5,mean_train_hit@5,std_train_hit@5,split0_test_mdcg,split1_test_mdcg,mean_test_mdcg,std_test_mdcg,rank_test_mdcg,split0_train_mdcg,split1_train_mdcg,mean_train_mdcg,std_train_mdcg,split0_test_map@5,split1_test_map@5,mean_test_map@5,std_test_map@5,rank_test_map@5,split0_train_map@5,split1_train_map@5,mean_train_map@5,std_train_map@5,params_str
0,0,0.01611173152923584,0.006182551383972168,9.039619088172913,0.6727885007858276,brute,hamming,1,"{'algorithm': 'brute', 'metric': 'hamming', 'n_neighbors': 1}",0.3543307086614173,0.3773809523809524,0.3655292076344708,0.011520492670557367,10,0.9642857142857143,0.9651293588301463,0.9647075365579303,0.0004218222722159881,0.3644544431946007,0.3869047619047619,0.37536148062463853,0.011220650649038181,10,0.9654761904761905,0.9651293588301463,0.9653027746531684,0.000173415823022105,0.47321331192944,0.4917252158992399,0.4822069494856181,0.009252234232187255,10,0.9705733045234616,0.9706169351343518,0.9705951198289067,2.1815305445094246e-05,0.08656854581489,0.09459260977118118,0.09046687648191407,0.004010420502330407,10,0.13106292517006798,0.12948470726873423,0.1302738162194011,0.0007891089506668753,"{'algorithm': 'brute', 'metric': 'hamming', 'n_neighbors': 1}"
1,0,0.03803825378417969,0.01694798469543457,8.800657629966736,0.1338139772415161,brute,hamming,5,"{'algorithm': 'brute', 'metric': 'hamming', 'n_neighbors': 5}",0.37907761529808776,0.39404761904761904,0.3863504916136495,0.0074819954432208515,9,0.530952380952381,0.5298087739032621,0.5303805774278215,0.0005718035245594333,0.5253093363329584,0.5380952380952381,0.5315211104684789,0.006390383083627568,9,0.9857142857142858,0.9876265466816648,0.9866704161979754,0.0009561304836895324,0.5383824553438922,0.5515446094227242,0.5447770241271305,0.00657843367900796,9,0.7696892166096442,0.7683411795678049,0.7690151980887245,0.0006740185209196392,0.20566466529346164,0.20974051741908883,0.20764483636664086,0.002037107507881521,9,0.24599768089053803,0.22787520878072057,0.2369364448356293,0.00906123605490873,"{'algorithm': 'brute', 'metric': 'hamming', 'n_neighbors': 5}"
2,0,0.01695990562438965,0.00036787986755371094,8.820411443710327,0.2653470039367676,brute,hamming,10,"{'algorithm': 'brute', 'metric': 'hamming', 'n_neighbors': 10}",0.39595050618672667,0.4023809523809524,0.3990746096009254,0.003213931668158746,8,0.4797619047619048,0.484814398200225,0.48228815148106485,0.0025262467191601023,0.5365579302587177,0.555952380952381,0.5459803354540197,0.009693330351924845,8,0.8476190476190476,0.8402699662542182,0.8439445069366329,0.0036745406824146842,0.5621106205322995,0.5695162917111997,0.5657085174613198,0.0037013483056914788,8,0.7263373485492064,0.7112993731494495,0.7188183608493279,0.0075189876998784655,0.23956529784426292,0.24922951453308595,0.24426046384692995,0.0048301674760994505,8,0.2755220830756545,0.25406648844219143,0.26479428575892294,0.010727797316731541,"{'algorithm': 'brute', 'metric': 'hamming', 'n_neighbors': 10}"
3,0,0.0301588773727417,0.011514067649841309,8.935892701148987,0.11546123027801514,brute,hamming,15,"{'algorithm': 'brute', 'metric': 'hamming', 'n_neighbors': 15}",0.3982002249718785,0.4107142857142857,0.4042799305957201,0.006254517167626703,7,0.44761904761904764,0.4634420697412823,0.455530558680165,0.007911511061117343,0.5365579302587177,0.5714285714285714,0.5534991324465008,0.017428317500802495,7,0.7916666666666666,0.7671541057367829,0.7794103862017248,0.012256280464941871,0.5617753126878423,0.5862675706452287,0.57367438537969,0.012241210189215382,7,0.6942715689574651,0.6958700631891276,0.6950708160732963,0.0007992471158312364,0.2527299266163158,0.26418880127808697,0.25829699122932204,0.005727136040730452,7,0.28285971964543394,0.2651591116045559,0.2740094156249949,0.008850304020439015,"{'algorithm': 'brute', 'metric': 'hamming', 'n_neighbors': 15}"
4,0,0.02695596218109131,0.006867527961730957,8.175706148147583,0.11887359619140625,brute,hamming,20,"{'algorithm': 'brute', 'metric': 'hamming', 'n_neighbors': 20}",0.39595050618672667,0.42023809523809524,0.40775014459224984,0.012138916839940677,1,0.4452380952380952,0.43869516310461193,0.44196662917135354,0.0032714660667416406,0.545556805399325,0.5892857142857143,0.5668016194331984,0.02185567234979673,6,0.7511904761904762,0.7536557930258717,0.752423134608174,0.0012326584176977629,0.5682352613390813,0.594519045084034,0.5810047109317709,0.01313661329019343,6,0.6830264947901481,0.6750994209735115,0.6790629578818298,0.003963536908318299,0.2634979231492167,0.27381130179344465,0.26850847147839624,0.005154618082359579,6,0.3001083539476397,0.27222539552685787,0.2861668747372488,0.013941479210390906,"{'algorithm': 'brute', 'metric': 'hamming', 'n_neighbors': 20}"
5,0,0.021207571029663086,0.007945775985717773,9.203535079956055,0.7420463562011719,brute,hamming,25,"{'algorithm': 'brute', 'metric': 'hamming', 'n_neighbors': 25}",0.4026996625421822,0.4119047619047619,0.40717177559282824,0.0046007010176849685,3,0.43333333333333335,0.42857142857142855,0.430952380952381,0.0023809523809524002,0.5556805399325084,0.5833333333333334,0.5691150954308849,0.013820843179399866,5,0.7476190476190476,0.7199100112485939,0.7337645294338208,0.013854518185226872,0.5728793580153059,0.5922714826190228,0.5823006331264234,0.009692167774101212,5,0.6720731280044634,0.6626418407006809,0.6673574843525721,0.004715643651891255,0.27716837343384026,0.28410727169655736,0.280539498095889,0.003468055589782197,5,0.30682897856112135,0.2790822900384205,0.2929556342997709,0.013873344261350423,"{'algorithm': 'brute', 'metric': 'hamming', 'n_neighbors': 25}"
6,0,0.018705248832702637,0.0006750822067260742,8.939091801643372,0.17839515209197998,brute,hamming,40,"{'algorithm': 'brute', 'metric': 'hamming', 'n_neighbors': 40}",0.39932508436445446,0.4142857142857143,0.4065934065934066,0.007477310411634632,4,0.430952380952381,0.41732283464566927,0.4241376077990251,0.006814773153355852,0.5725534308211474,0.5916666666666667,0.5818392134181608,0.009552779404337705,4,0.7119047619047619,0.7041619797525309,0.7080333708286464,0.0038713910761155046,0.5831955688054146,0.5962342637915526,0.5895301574626476,0.0065167289269975085,4,0.6510402083869822,0.6452180110214463,0.6481291097042142,0.002911098682767954,0.30064750023130227,0.3116492991135848,0.30599250373686465,0.0054986899456887246,4,0.32432233044733044,0.3112916648405962,0.31780699764396336,0.006515332803367108,"{'algorithm': 'brute', 'metric': 'hamming', 'n_neighbors': 40}"
7,0,0.01969623565673828,0.0016968250274658203,9.069058299064636,0.39463937282562256,brute,hamming,60,"{'algorithm': 'brute', 'metric': 'hamming', 'n_neighbors': 60}",0.4015748031496063,0.4142857142857143,0.40775014459224984,0.006352902830937701,1,0.425,0.40382452193475815,0.41441226096737904,0.010587739032620919,0.5826771653543307,0.5976190476190476,0.5899363794100636,0.007467940348462165,3,0.669047619047619,0.655793025871766,0.6624203224596925,0.00662729658792649,0.589129828321587,0.5995914269789557,0.59421238637375,0.005228698321848384,3,0.6405850662872237,0.6267074707430275,0.6336462685151256,0.006938797772098104,0.31677705871181683,0.33049206349206345,0.3234402189289407,0.006854748000498689,3,0.335339775304061,0.3146896167199879,0.3250146960120245,0.010325079292036549,"{'algorithm': 'brute', 'metric': 'hamming', 'n_neighbors': 60}"
8,0,0.01721179485321045,0.004850983619689941,9.203089714050293,1.4639911651611328,brute,hamming,80,"{'algorithm': 'brute', 'metric': 'hamming', 'n_neighbors': 80}",0.39932508436445446,0.4107142857142857,0.4048582995951417,0.0056923133772782235,6,0.4226190476190476,0.4026996625421822,0.4126593550806149,0.009959692538432707,0.5894263217097863,0.6023809523809524,0.5957200694042799,0.006474713652179853,1,0.6666666666666666,0.6355455568053994,0.651106111736033,0.01556055493063363,0.5879880844194385,0.601106797161508,0.5943615480997961,0.006556721734966897,2,0.6353753880094216,0.6173264329589363,0.6263509104841789,0.009024477525242658,0.3220417415355548,0.3390055143269428,0.33028325058400243,0.00847847955475448,2,0.3407840136054422,0.32627944234243444,0.3335317279739383,0.007252285631503874,"{'algorithm': 'brute', 'metric': 'hamming', 'n_neighbors': 80}"
9,0,0.02237105369567871,0.00439906120300293,8.69760799407959,0.2552492618560791,brute,hamming,100,"{'algorithm': 'brute', 'metric': 'hamming', 'n_neighbors': 100}",0.40044994375703036,0.4107142857142857,0.40543666859456334,0.005130109586929772,5,0.41904761904761906,0.3982002249718785,0.4086239220097488,0.010423697037870272,0.5883014623172104,0.5988095238095238,0.5934065934065934,0.0052519204081719235,2,0.6583333333333333,0.6231721034870641,0.6407527184101987,0.01758061492313462,0.5886923956532766,0.602933013580852,0.5956109144844873,0.0071174490150748915,1,0.6285926800021698,0.6092512272002031,0.6189219536011865,0.009670726400983376,0.3282927458742982,0.351359410430839,0.3394992225819293,0.01152869979125731,1,0.34589455782312917,0.3328705827355996,0.33938257027936436,0.00651198754376478,"{'algorithm': 'brute', 'metric': 'hamming', 'n_neighbors': 100}"
0,1,0.030843019485473633,0.019707918167114258,8.991059422492981,0.8082417249679565,brute,hamming,1,"{'algorithm': 'brute', 'metric': 'hamming', 'n_neighbors': 1}",0.14732142857142858,0.16206482593037214,0.15442452284557548,0.007366803451590524,10,0.9759903961584634,0.9575892857142857,0.9667898409363745,0.009200555222088846,0.16741071428571427,0.18607442977190877,0.17640254482359746,0.0093256608579295,10,0.9759903961584634,0.9587053571428571,0.9673478766506602,0.008642519507803148,0.31351828474588667,0.3287481386667755,0.3208557447320639,0.007609870215128126,10,0.9805514155917984,0.9649100235396524,0.9727307195657253,0.007820696026072993,0.07620125038651825,0.07913154872338546,0.07761301355286318,0.0014641762259177261,10,0.12733890958980992,0.12792260938466296,0.12763075948723646,0.0002918498974265188,"{'algorithm': 'brute', 'metric': 'hamming', 'n_neighbors': 1}"
1,1,0.019815564155578613,0.005627274513244629,8.855010867118835,0.10128939151763916,brute,hamming,5,"{'algorithm': 'brute', 'metric': 'hamming', 'n_neighbors': 5}",0.16741071428571427,0.16566626650660263,0.16657027183342973,0.0008716446832034608,7,0.4177671068427371,0.3872767857142857,0.4025219462785114,0.015245160564225702,0.33482142857142855,0.36134453781512604,0.3475997686524002,0.013252748194082722,9,1.0,0.9977678571428571,0.9988839285714286,0.0011160714285714524,0.3717332843879923,0.38440868386658056,0.37784005579670493,0.006333491145615005,9,0.7134912341239084,0.6946207799534042,0.7040560070386563,0.009435227085252074,0.12995714478973405,0.1335723640105393,0.13169889008234872,0.0018064092546436524,9,0.17900560224089634,0.17500144944341373,0.17700352584215504,0.0020020763987413093,"{'algorithm': 'brute', 'metric': 'hamming', 'n_neighbors': 5}"
2,1,0.02517545223236084,0.0066787004470825195,9.1987863779068,0.08135449886322021,brute,hamming,10,"{'algorithm': 'brute', 'metric': 'hamming', 'n_neighbors': 10}",0.18638392857142858,0.18607442977190877,0.1862348178137652,0.0001546466373425468,1,0.3397358943577431,0.3203125,0.33002419717887155,0.009711697178871548,0.359375,0.368547418967587,0.3637941006362059,0.00458316397942464,6,0.737094837935174,0.7254464285714286,0.7312706332533013,0.0058242046818727244,0.39844026976871894,0.40543024670609906,0.4018079104794406,0.003492667597240957,8,0.6236788812164895,0.6198246726466156,0.6217517769315526,0.0019271042849369757,0.1392021538729128,0.13563890491261438,0.1374854468839431,0.0017804413799970755,7,0.16686414825670523,0.15995569534632034,0.1634099218015128,0.003454226455192444,"{'algorithm': 'brute', 'metric': 'hamming', 'n_neighbors': 10}"
3,1,0.018936872482299805,0.0005643367767333984,8.915804028511047,0.1053992509841919,brute,hamming,15,"{'algorithm': 'brute', 'metric': 'hamming', 'n_neighbors': 15}",0.17857142857142858,0.18607442977190877,0.18218623481781376,0.0037490093901224107,3,0.29411764705882354,0.2845982142857143,0.2893579306722689,0.004759716386554619,0.35825892857142855,0.36614645858343337,0.36205899363794103,0.003941146121366189,8,0.6770708283313326,0.6473214285714286,0.6621961284513807,0.014874699879951991,0.4006001182415769,0.4086802493988736,0.4044929749529871,0.00403738274494576,6,0.5903199769934198,0.5816537928902138,0.5859868849418168,0.0043330920516029825,0.14154486510513295,0.1320221595131559,0.1369570028968525,0.004758190986482617,8,0.16444333577586875,0.15502092029993816,0.15973212803790346,0.004711207737965295,"{'algorithm': 'brute', 'metric': 'hamming', 'n_neighbors': 15}"
4,1,0.022182464599609375,0.0015952587127685547,8.401631712913513,0.9682615995407104,brute,hamming,20,"{'algorithm': 'brute', 'metric': 'hamming', 'n_neighbors': 20}",0.18080357142857142,0.18487394957983194,0.1827646038172354,0.0020338375941414133,2,0.26410564225690275,0.2578125,0.2609590711284514,0.0031465711284513753,0.35379464285714285,0.3745498199279712,0.3637941006362059,0.010370697225426124,6,0.6326530612244898,0.609375,0.6210140306122449,0.011639030612244916,0.4049719657449223,0.41092716275870983,0.407841068759662,0.002975621211854475,5,0.5610240529445963,0.5524719603166186,0.5567480066306074,0.004276046313988868,0.14425244955936917,0.13693872354136458,0.14072883257093782,0.0036544346436365952,6,0.16511409758708678,0.15045911120129868,0.15778660439419273,0.007327493192894052,"{'algorithm': 'brute', 'metric': 'hamming', 'n_neighbors': 20}"
5,1,0.017975568771362305,0.0011873245239257812,9.119502663612366,0.5111998319625854,brute,hamming,25,"{'algorithm': 'brute', 'metric': 'hamming', 'n_neighbors': 25}",0.171875,0.1836734693877551,0.1775592828224407,0.005895317265967492,4,0.24009603841536614,0.25,0.24504801920768307,0.004951980792316929,0.36941964285714285,0.37214885954381755,0.3707345286292655,0.001363702165657039,3,0.5906362545018007,0.5770089285714286,0.5838225915366146,0.00681366296518604,0.4069483347458648,0.41582946477186433,0.41122709779482813,0.0044376162248567245,2,0.5382831691081317,0.535246437199337,0.5367648031537343,0.0015183659543973604,0.14504969175170065,0.13869464668984477,0.14198794939396442,0.003175412474947218,5,0.15999755746454425,0.15136097905071116,0.1556792682576277,0.004318289206916542,"{'algorithm': 'brute', 'metric': 'hamming', 'n_neighbors': 25}"
6,1,0.025682568550109863,0.006855130195617676,9.114408373832703,0.037654995918273926,brute,hamming,40,"{'algorithm': 'brute', 'metric': 'hamming', 'n_neighbors': 40}",0.15625,0.18607442977190877,0.17061885482938113,0.014902312325736577,6,0.22088835534213686,0.22433035714285715,0.222609356242497,0.0017210009003601479,0.35825892857142855,0.382953181272509,0.37015615962984383,0.012338927155240383,5,0.5294117647058824,0.5011160714285714,0.5152639180672269,0.014147846638655481,0.4000382835874753,0.41821475904126776,0.40879537095185303,0.009082202619298029,4,0.5042892730905105,0.5041327434697702,0.5042110082801403,7.826481037015443e-05,0.14796930561997526,0.14310378696933318,0.14562518934699387,0.0024311438345372325,3,0.15972368168046439,0.1472974885977118,0.1535105851390881,0.006213096541376292,"{'algorithm': 'brute', 'metric': 'hamming', 'n_neighbors': 40}"
7,1,0.017693400382995605,0.002228379249572754,8.888376355171204,0.01862514019012451,brute,hamming,60,"{'algorithm': 'brute', 'metric': 'hamming', 'n_neighbors': 60}",0.16294642857142858,0.1836734693877551,0.17293233082706766,0.010356638440213155,5,0.20168067226890757,0.1875,0.19459033613445378,0.007090336134453784,0.3705357142857143,0.38535414165666265,0.37767495662232503,0.007404293545491742,1,0.48619447779111646,0.4765625,0.48137848889555823,0.004815988895558232,0.40149885473081376,0.4224495252387686,0.4115924976071159,0.010468379034599714,1,0.4758093462732379,0.47022700462577166,0.47301817544950475,0.002791170823733119,0.14460278003246754,0.14471679580923277,0.1446577107103423,5.6970031897048484e-05,4,0.15356896005155307,0.148908786525974,0.15123887328876354,0.002330086762789535,"{'algorithm': 'brute', 'metric': 'hamming', 'n_neighbors': 60}"
8,1,0.022843122482299805,0.0014200210571289062,8.524646878242493,0.18438947200775146,brute,hamming,80,"{'algorithm': 'brute', 'metric': 'hamming', 'n_neighbors': 80}",0.14508928571428573,0.1836734693877551,0.16367842683632158,0.019279280788704483,8,0.17767106842737096,0.17857142857142858,0.17812124849939975,0.00045018007202880794,0.36830357142857145,0.37695078031212487,0.3724696356275304,0.004320733322116072,2,0.45138055222088835,0.45535714285714285,0.45336884753901563,0.001988295318127248,0.40006588363321927,0.4199640852239588,0.4096524665858428,0.0099424940256516,3,0.46199982945442625,0.4542218262582803,0.45811082785635326,0.003889001598072983,0.1479563572588126,0.14601406796484828,0.14702059844916987,0.0009704997516114483,1,0.15252308715694068,0.15086621154143476,0.15169464934918772,0.000828437807752963,"{'algorithm': 'brute', 'metric': 'hamming', 'n_neighbors': 80}"
9,1,0.03561067581176758,0.0056111812591552734,8.918266415596008,0.4128819704055786,brute,hamming,100,"{'algorithm': 'brute', 'metric': 'hamming', 'n_neighbors': 100}",0.13727678571428573,0.1752701080432173,0.15558126084441873,0.018984046299232345,9,0.17046818727490998,0.171875,0.171171593637455,0.0007034063625450115,0.3638392857142857,0.37815126050420167,0.3707345286292655,0.007151235411658496,3,0.43937575030012005,0.4419642857142857,0.44067001800720285,0.0012942677070828246,0.3940066428503795,0.4146736280774738,0.4039636114415707,0.010326630585763323,7,0.4482991887775005,0.4433790892264495,0.445839139001975,0.0024600497755255246,0.14689017084106368,0.14437208649693645,0.14567700469956107,0.0012582060963350283,2,0.1499362342339533,0.1452176339285714,0.14757693408126235,0.002359300152690952,"{'algorithm': 'brute', 'metric': 'hamming', 'n_neighbors': 100}"
0,2,0.018237709999084473,0.00545656681060791,8.82650375366211,0.09700131416320801,brute,hamming,1,"{'algorithm': 'brute', 'metric': 'hamming', 'n_neighbors': 1}",0.174496644295302,0.18682634730538922,0.18045112781954886,0.006161261185170928,8,0.9820359281437125,0.9686800894854586,0.9753580088145856,0.00667791932912698,0.2058165548098434,0.21077844311377245,0.20821283979178715,0.002479499286166133,10,0.9820359281437125,0.9686800894854586,0.9753580088145856,0.00667791932912698,0.3363030534145063,0.34901787774739745,0.34244352670424844,0.00635370970204376,10,0.9851306418550102,0.9740109867724711,0.9795708143137407,0.005559827541269546,0.075947998682898,0.07924698654638775,0.07754120566150641,0.0016485332904645164,10,0.12182155170179121,0.12119364788827874,0.12150759979503498,0.0003139519067562324,"{'algorithm': 'brute', 'metric': 'hamming', 'n_neighbors': 1}"
1,2,0.04401850700378418,0.005693912506103516,9.320521116256714,0.6156284809112549,brute,hamming,5,"{'algorithm': 'brute', 'metric': 'hamming', 'n_neighbors': 5}",0.18008948545861297,0.1844311377245509,0.18218623481781376,0.0021695618753953642,7,0.40119760479041916,0.39149888143176736,0.3963482431110933,0.004849361679325898,0.3400447427293065,0.3568862275449102,0.3481781376518219,0.008415838289870574,8,1.0,1.0,1.0,0.0,0.38463782461662077,0.3965191763042156,0.39037578219854197,0.005937216080570097,9,0.7021935209788258,0.7010127026723659,0.7016031118255959,0.0005904091532299427,0.12546473846809414,0.12877748399305286,0.12706458954579253,0.0016554081150680125,9,0.1647157114342743,0.16486930668138722,0.16479250905783077,7.679762355645992e-05,"{'algorithm': 'brute', 'metric': 'hamming', 'n_neighbors': 5}"
2,2,0.03358304500579834,0.014006257057189941,8.775694966316223,0.4531959295272827,brute,hamming,10,"{'algorithm': 'brute', 'metric': 'hamming', 'n_neighbors': 10}",0.18791946308724833,0.19281437125748502,0.1902834008097166,0.002446028723447902,4,0.32934131736526945,0.32550335570469796,0.3274223365349837,0.0019189808302857436,0.33109619686800895,0.3437125748502994,0.33718912666281087,0.006304515193604921,9,0.7532934131736527,0.732662192393736,0.7429778027836944,0.010315610389958374,0.3971995264432201,0.41199694425181,0.4043457634994217,0.007394400003814622,8,0.6299862711679368,0.6207795877982082,0.6253829294830725,0.004603341684864315,0.13049241213670743,0.13642100215154104,0.13335555422021583,0.0029625686451086675,8,0.1586899966301164,0.15661964806260106,0.15765482234635875,0.00103517428375767,"{'algorithm': 'brute', 'metric': 'hamming', 'n_neighbors': 10}"
3,2,0.01881086826324463,0.0018373727798461914,8.611502766609192,0.9650706052780151,brute,hamming,15,"{'algorithm': 'brute', 'metric': 'hamming', 'n_neighbors': 15}",0.19239373601789708,0.2,0.19606709080393292,0.0038009171022816853,2,0.2970059880239521,0.29194630872483224,0.2944761483743922,0.0025298396495599396,0.3422818791946309,0.35808383233532937,0.3499132446500868,0.007896375156483743,7,0.6479041916167665,0.6387024608501118,0.6433033262334391,0.004600865383327324,0.4064619087882134,0.41786447451831604,0.41196864238256603,0.005697962520813758,6,0.5869025198359028,0.5878231730180311,0.5873628464269669,0.00046032659106415297,0.13456339521775762,0.1410789330430049,0.13770999677014714,0.0032558716353805433,7,0.15744034009902275,0.15347925564368514,0.15545979787135394,0.0019805422276688023,"{'algorithm': 'brute', 'metric': 'hamming', 'n_neighbors': 15}"
4,2,0.028516650199890137,0.0108262300491333,8.314697504043579,0.9227242469787598,brute,hamming,20,"{'algorithm': 'brute', 'metric': 'hamming', 'n_neighbors': 20}",0.19686800894854586,0.20239520958083831,0.1995373048004627,0.0027619908355079534,1,0.2622754491017964,0.26733780760626397,0.2648066283540302,0.002531179252233784,0.35570469798657717,0.37964071856287424,0.3672643146327357,0.011961040292985024,4,0.6179640718562874,0.6096196868008948,0.6137918793285911,0.0041721925276962946,0.41541940214912204,0.41819823830553193,0.41676140804305045,0.0013886089013198982,4,0.5662316537205737,0.5605730137656747,0.5634023337431242,0.002829319977449507,0.14038229853666095,0.140861860694196,0.14061389738081467,0.00023964143375394055,5,0.15725375223578816,0.15591608801340345,0.1565849201245958,0.0006688321111923551,"{'algorithm': 'brute', 'metric': 'hamming', 'n_neighbors': 20}"
5,2,0.02652454376220703,0.010026693344116211,9.507238268852234,0.2439192533493042,brute,hamming,25,"{'algorithm': 'brute', 'metric': 'hamming', 'n_neighbors': 25}",0.19463087248322147,0.18802395209580838,0.19144013880855987,0.003301536306525751,3,0.24311377245508983,0.24496644295302014,0.244040107704055,0.0009263352489651544,0.3724832214765101,0.38323353293413176,0.37767495662232503,0.005372025316275179,2,0.5988023952095808,0.5782997762863534,0.5885510857479671,0.010251309461613678,0.4194092066313374,0.4201187922441195,0.4197518925692628,0.00035458618021970135,2,0.5434291335346261,0.5384121789694837,0.5409206562520549,0.0025084772825711976,0.14329711302865664,0.14455273867848717,0.14390350251252507,0.0006274471958551392,4,0.15521966456696995,0.15580779027087752,0.15551372741892372,0.000294062851953783,"{'algorithm': 'brute', 'metric': 'hamming', 'n_neighbors': 25}"
6,2,0.025707006454467773,0.002717256546020508,8.673804879188538,1.0203901529312134,brute,hamming,40,"{'algorithm': 'brute', 'metric': 'hamming', 'n_neighbors': 40}",0.1912751677852349,0.18802395209580838,0.18970503181029497,0.001624661114342661,5,0.22035928143712574,0.21364653243847875,0.21700290693780225,0.0033563744993234945,0.3825503355704698,0.3916167664670659,0.38692886061307113,0.004530575369538999,1,0.5473053892215569,0.5111856823266219,0.5292455357740894,0.018059853447467522,0.4244204554010639,0.42242756400117865,0.42345801218596607,0.0009958653844564093,1,0.5088645302242095,0.4975923968525385,0.503228463538374,0.005636066685835522,0.1460064935064935,0.14778163154211058,0.14686377532242192,0.0008870521105188155,1,0.15060087616973844,0.15684740501854597,0.1537241405941422,0.0031232644244037627,"{'algorithm': 'brute', 'metric': 'hamming', 'n_neighbors': 40}"
7,2,0.028171539306640625,0.0002605915069580078,9.233516216278076,0.3552868366241455,brute,hamming,60,"{'algorithm': 'brute', 'metric': 'hamming', 'n_neighbors': 60}",0.18456375838926176,0.18083832335329342,0.1827646038172354,0.0018616326983876997,6,0.2119760479041916,0.19910514541387025,0.20554059665903093,0.006435451245160678,0.36465324384787473,0.37964071856287424,0.37189126662810873,0.0074893731138301,3,0.49101796407185627,0.47651006711409394,0.4837640155929751,0.007253948478881167,0.4137484719498328,0.42563139154774543,0.4194871867354066,0.0059379995791649124,3,0.49113241160564214,0.47846577003061447,0.48479909081812833,0.006333320787513835,0.14228800468733352,0.15081564144438392,0.14640632550406985,0.004261335192702253,2,0.150240972600254,0.15234080982403128,0.15129089121214265,0.0010499186118886339,"{'algorithm': 'brute', 'metric': 'hamming', 'n_neighbors': 60}"
8,2,0.023845195770263672,0.005984067916870117,9.009045839309692,0.6493945121765137,brute,hamming,80,"{'algorithm': 'brute', 'metric': 'hamming', 'n_neighbors': 80}",0.1756152125279642,0.16526946107784432,0.17061885482938113,0.0051698631174570825,9,0.19401197604790418,0.18344519015659955,0.18872858310225188,0.005283392945652318,0.3534675615212528,0.3772455089820359,0.3649508386350492,0.011882049764969997,5,0.45868263473053894,0.4451901565995526,0.45193639566504573,0.006746239065493181,0.4100397384327707,0.4150134958654376,0.41244175546936807,0.002485430394331079,5,0.47197022903791996,0.4564866762903056,0.4642284526641128,0.007741776373807185,0.14083071849850373,0.15011641651761412,0.14531513599182774,0.004640145081804267,3,0.14879736630634832,0.14889578914746698,0.14884657772690765,4.921142055933081e-05,"{'algorithm': 'brute', 'metric': 'hamming', 'n_neighbors': 80}"
9,2,0.018800854682922363,0.002303004264831543,8.977609992027283,0.19602620601654053,brute,hamming,100,"{'algorithm': 'brute', 'metric': 'hamming', 'n_neighbors': 100}",0.16554809843400448,0.16766467065868262,0.16657027183342973,0.0010576697818959163,10,0.1784431137724551,0.17785234899328858,0.17814773138287182,0.00029538238958325136,0.3512304250559284,0.362874251497006,0.3568536726431463,0.005818522622936307,6,0.4491017964071856,0.4105145413870246,0.4298081688971051,0.019293627510080513,0.4044118872151237,0.41567175579301036,0.40984970691583816,0.0056266554970790025,7,0.45822050506310935,0.4453829008971362,0.4518017029801228,0.006418802082986563,0.133110660778446,0.14739523550301994,0.14000922636260982,0.0071381277979840575,6,0.13888861238561837,0.14742821309935406,0.1431584127424862,0.004269800356867845,"{'algorithm': 'brute', 'metric': 'hamming', 'n_neighbors': 100}"
0,3,0.02366316318511963,0.008152604103088379,9.100184798240662,0.41975343227386475,brute,hamming,1,"{'algorithm': 'brute', 'metric': 'hamming', 'n_neighbors': 1}",0.21205357142857142,0.25090036014405764,0.23076923076923078,0.01941049611735878,10,0.9699879951980792,0.9698660714285714,0.9699270333133253,6.096188475390729e-05,0.23995535714285715,0.27130852340936373,0.2550607287449393,0.015666172988974002,10,0.9711884753901561,0.9698660714285714,0.9705272734093637,0.0006612019807923364,0.3672924547835369,0.4031604711723012,0.3845729970922938,0.01792209899125909,10,0.9754801391431802,0.9746680660847769,0.9750741026139785,0.000406036529201681,0.15382909129560915,0.19814951954807897,0.175181848226961,0.022145498481610498,10,0.2825810843818047,0.2713844841914038,0.2769827842866043,0.005598300095200431,"{'algorithm': 'brute', 'metric': 'hamming', 'n_neighbors': 1}"
1,3,0.021695494651794434,0.004441618919372559,8.907294154167175,0.21409595012664795,brute,hamming,5,"{'algorithm': 'brute', 'metric': 'hamming', 'n_neighbors': 5}",0.25111607142857145,0.27611044417767105,0.2631578947368421,0.012488887530845252,9,0.4549819927971189,0.4888392857142857,0.4719106392557023,0.016928646458583413,0.43638392857142855,0.4429771908763505,0.43956043956043955,0.0032944420015700647,9,1.0,0.9966517857142857,0.9983258928571428,0.0016741071428571508,0.4550580217291426,0.46731740104720715,0.4609643623722587,0.006125619195896558,9,0.7259082998209677,0.7440696624500799,0.7349889811355238,0.009080681314556083,0.2579069795531849,0.27534873689735634,0.26631009341535655,0.00871508751182796,9,0.3095531199492785,0.3004929315476191,0.30502302574844875,0.0045300942008296985,"{'algorithm': 'brute', 'metric': 'hamming', 'n_neighbors': 5}"
2,3,0.031055927276611328,0.0016012191772460938,8.408273577690125,0.04918873310089111,brute,hamming,10,"{'algorithm': 'brute', 'metric': 'hamming', 'n_neighbors': 10}",0.28348214285714285,0.2917166866746699,0.2874493927125506,0.004114537805659352,4,0.38535414165666265,0.39174107142857145,0.38854760654261705,0.0031934648859544,0.43191964285714285,0.4561824729891957,0.44360902255639095,0.012123359115308341,8,0.7923169267707083,0.7924107142857143,0.7923638205282113,4.689375750299707e-05,0.48220220311139395,0.4810831576464878,0.48166306784692503,0.000559151177483294,8,0.6552879173223123,0.6640985799688239,0.6596932486455681,0.004405331323255823,0.2678505720470006,0.28181498573455355,0.2745783664956597,0.006977570260663079,8,0.3027745124023636,0.2947384720933828,0.29875649224787315,0.004018020154490404,"{'algorithm': 'brute', 'metric': 'hamming', 'n_neighbors': 10}"
3,3,0.020192384719848633,0.005144357681274414,9.308517456054688,0.5070667266845703,brute,hamming,15,"{'algorithm': 'brute', 'metric': 'hamming', 'n_neighbors': 15}",0.28794642857142855,0.3025210084033613,0.2949681897050318,0.00728245074031278,1,0.3469387755102041,0.36049107142857145,0.35371492346938777,0.006776147959183687,0.44754464285714285,0.453781512605042,0.45054945054945056,0.0031163640555392546,5,0.7274909963985594,0.7243303571428571,0.7259106767707082,0.0015803196278511566,0.48472629865951317,0.4956081076389612,0.4899689515686399,0.0054372914191801016,6,0.6232807847812246,0.6336037794056837,0.6284422820934541,0.005161497312229535,0.2710237660405071,0.28560619052815933,0.27804930658314114,0.007286370463523359,6,0.29562788751864383,0.2915440679112554,0.29358597771494965,0.002041909803694203,"{'algorithm': 'brute', 'metric': 'hamming', 'n_neighbors': 15}"
4,3,0.023262858390808105,0.0005069971084594727,8.902900695800781,0.8586010932922363,brute,hamming,20,"{'algorithm': 'brute', 'metric': 'hamming', 'n_neighbors': 20}",0.2779017857142857,0.304921968787515,0.2909196067090804,0.01350112006617832,2,0.3217286914765906,0.33705357142857145,0.32939113145258103,0.0076624399759904205,0.45870535714285715,0.4657863145258103,0.46211683053788316,0.003538127611928016,3,0.6782713085234093,0.6975446428571429,0.6879079756902762,0.009636667166866786,0.48362345006062185,0.5015912813737626,0.49228001656371395,0.008977949824769998,4,0.604325842971656,0.6143085189067552,0.6093171809392056,0.004991337967549581,0.27029160385745205,0.2859524329212204,0.2778366996412109,0.007825214690544355,7,0.2965632226916741,0.28681525877396413,0.2916892407328191,0.004873981958854995,"{'algorithm': 'brute', 'metric': 'hamming', 'n_neighbors': 20}"
5,3,0.028879404067993164,0.011616706848144531,9.393758893013,0.43135321140289307,brute,hamming,25,"{'algorithm': 'brute', 'metric': 'hamming', 'n_neighbors': 25}",0.28125,0.29891956782713086,0.28976286871023715,0.008828917113738274,3,0.31452581032412963,0.3080357142857143,0.31128076230492197,0.0032450480192076636,0.4564732142857143,0.47418967587034816,0.4650086755349913,0.00885234842242654,2,0.6374549819927972,0.6629464285714286,0.6502007052821128,0.012745723289315725,0.4906408044202349,0.5041952136039751,0.49717106633466845,0.006772704141930745,1,0.5927525977103774,0.594872665027454,0.5938126313689156,0.0010600336585382952,0.2733911178107607,0.287472313600765,0.2801751757014915,0.00703592253690424,1,0.2980921459492888,0.2864824907235622,0.2922873183364255,0.005804827612863299,"{'algorithm': 'brute', 'metric': 'hamming', 'n_neighbors': 25}"
6,3,0.018076539039611816,0.0011206865310668945,8.38029134273529,0.4162560701370239,brute,hamming,40,"{'algorithm': 'brute', 'metric': 'hamming', 'n_neighbors': 40}",0.27455357142857145,0.29411764705882354,0.2839791787160208,0.009775541984744172,5,0.3037214885954382,0.28348214285714285,0.2936018157262905,0.010119672869147667,0.44754464285714285,0.46938775510204084,0.45806824754193176,0.010914303586993876,4,0.5990396158463386,0.6216517857142857,0.6103457007803121,0.01130608493397356,0.4864462863273121,0.5033078936111166,0.49456989469481305,0.00842520510798981,2,0.5630763252224753,0.56579957624135,0.5644379507319126,0.0013616255094373586,0.273256440360235,0.2849489665996269,0.2788896817468246,0.005842380867928866,4,0.2955376176444604,0.2830215822124304,0.28927959992844543,0.006258017716015002,"{'algorithm': 'brute', 'metric': 'hamming', 'n_neighbors': 40}"
7,3,0.013674378395080566,0.0016442537307739258,9.438759326934814,0.43313074111938477,brute,hamming,60,"{'algorithm': 'brute', 'metric': 'hamming', 'n_neighbors': 60}",0.26674107142857145,0.290516206482593,0.2781954887218045,0.011879673504950361,7,0.29411764705882354,0.28236607142857145,0.2882418592436975,0.005875787815126043,0.4497767857142857,0.48619447779111646,0.46732215153267787,0.018196754327306653,1,0.5510204081632653,0.5680803571428571,0.5595503826530612,0.008529974489795922,0.48313371354923695,0.5055336686952551,0.4939255947734319,0.011192540149849382,3,0.5464467851862045,0.5432417651319226,0.5448442751590635,0.0016025100271409576,0.2725935615723562,0.28772007504300423,0.2798812340541664,0.007558234301980806,3,0.2938183585122361,0.28170210555813235,0.2877602320351842,0.006058126477051867,"{'algorithm': 'brute', 'metric': 'hamming', 'n_neighbors': 60}"
8,3,0.018698453903198242,0.002786397933959961,8.930467009544373,0.16469156742095947,brute,hamming,80,"{'algorithm': 'brute', 'metric': 'hamming', 'n_neighbors': 80}",0.26450892857142855,0.29531812725090034,0.27935222672064774,0.015394369808190143,6,0.28691476590636256,0.2734375,0.2801761329531813,0.006738632953181278,0.43191964285714285,0.4645858343337335,0.4476576055523424,0.01632224963224545,6,0.5270108043217286,0.5368303571428571,0.5319205807322929,0.004909776410564226,0.47874907604308964,0.5040351140706629,0.4909314182507059,0.012634623328901707,5,0.5326863950909084,0.5312848232759653,0.5319856091834368,0.0007007859074715794,0.27073658298546693,0.2901153188548147,0.28007289702778426,0.009682933642371928,2,0.28973412741720067,0.28101953849721706,0.28537683295720884,0.004357294459991806,"{'algorithm': 'brute', 'metric': 'hamming', 'n_neighbors': 80}"
9,3,0.024891138076782227,0.009131908416748047,7.4889843463897705,0.8158178329467773,brute,hamming,100,"{'algorithm': 'brute', 'metric': 'hamming', 'n_neighbors': 100}",0.2611607142857143,0.2917166866746699,0.275882012724118,0.015267840741273504,8,0.2809123649459784,0.26785714285714285,0.2743847539015606,0.006527611044417764,0.42745535714285715,0.4657863145258103,0.4459224985540775,0.019152751721787847,7,0.5090036014405762,0.5178571428571429,0.5134303721488596,0.004426770708283345,0.4745419565441661,0.5040157868309275,0.4887418990709864,0.01472712899217862,7,0.5220278670531489,0.5194676548540736,0.5207477609536113,0.0012801060995376035,0.2709601596320346,0.2872640484765335,0.2788150696421373,0.008146531066745165,5,0.2892214548156925,0.2805031742810761,0.2848623145483843,0.004359140267308215,"{'algorithm': 'brute', 'metric': 'hamming', 'n_neighbors': 100}"
0,4,0.032061100006103516,0.019932270050048828,9.572593569755554,0.6937330961227417,brute,hamming,1,"{'algorithm': 'brute', 'metric': 'hamming', 'n_neighbors': 1}",0.383668903803132,0.4155688622754491,0.3990746096009254,0.01594069020018201,10,0.98562874251497,0.9787472035794184,0.9821879730471942,0.0034407694677758283,0.4082774049217002,0.43353293413173655,0.42047426257952575,0.012620410378534074,10,0.98562874251497,0.9798657718120806,0.9827472571635253,0.0028814853514447236,0.5044965827332758,0.5352548221769955,0.5193509088960901,0.015370163146163504,10,0.9884308867189218,0.9828571747723285,0.9856440307456251,0.0027868559732966425,0.3114198311010391,0.33186966327086087,0.32129583449132315,0.010218961242464793,10,0.42516945330118977,0.40426925051086127,0.4147193519060255,0.010450101395164252,"{'algorithm': 'brute', 'metric': 'hamming', 'n_neighbors': 1}"
1,4,0.028415441513061523,0.007619619369506836,8.613772630691528,0.3621642589569092,brute,hamming,5,"{'algorithm': 'brute', 'metric': 'hamming', 'n_neighbors': 5}",0.41834451901565994,0.4275449101796407,0.42278773857721225,0.004597516494975432,6,0.5868263473053892,0.5704697986577181,0.5786480729815536,0.008178274323835555,0.5592841163310962,0.578443113772455,0.5685367264314632,0.009573919759921168,9,1.0,1.0,1.0,0.0,0.5754714381447743,0.5942783585069058,0.5845540168043346,0.009397983742593164,9,0.7942844725619979,0.7899476308459942,0.792116051703996,0.0021684208580018405,0.4057505786532632,0.42599248256733285,0.41552616556375954,0.010115057661785058,9,0.4630162013635068,0.44369178360789097,0.45335399248569885,0.009662208877807915,"{'algorithm': 'brute', 'metric': 'hamming', 'n_neighbors': 5}"
2,4,0.02817356586456299,0.0031636953353881836,8.476925611495972,0.590933084487915,brute,hamming,10,"{'algorithm': 'brute', 'metric': 'hamming', 'n_neighbors': 10}",0.4272930648769575,0.44550898203592815,0.43609022556390975,0.009102654236848572,2,0.5293413173652695,0.5,0.5146706586826347,0.01467065868263473,0.5704697986577181,0.5808383233532934,0.5754771544245229,0.005181243108781327,8,0.8658682634730539,0.8534675615212528,0.8596679124971534,0.006200350975900548,0.5898721153728327,0.6071458166840566,0.5982142441148061,0.00863182067937966,8,0.7478403040537022,0.7237239679096047,0.7357821359816534,0.012058168072048736,0.4189536786852223,0.4397815796977474,0.4290122659295592,0.010407885572918224,7,0.4651252559815434,0.44106339037547093,0.4530943231785072,0.012030932803036243,"{'algorithm': 'brute', 'metric': 'hamming', 'n_neighbors': 10}"
3,4,0.032845258712768555,0.0034041404724121094,9.442894697189331,0.31539249420166016,brute,hamming,15,"{'algorithm': 'brute', 'metric': 'hamming', 'n_neighbors': 15}",0.42841163310961966,0.44550898203592815,0.4366685945633314,0.008543695839454229,1,0.49101796407185627,0.47762863534675615,0.4843232997093062,0.006694664362550062,0.5760626398210291,0.6095808383233533,0.5922498554077501,0.016749338995454336,7,0.8119760479041916,0.785234899328859,0.7986054736165253,0.013370574287666304,0.5939706319090764,0.6118254325849566,0.602593395682564,0.008922201149797703,6,0.717738475299716,0.6955895944960026,0.7066640348978592,0.011074440401856732,0.4193043328781584,0.44302156725510017,0.4307582893297179,0.011851710902257938,4,0.46193843481867436,0.43684428174361056,0.44939135828114246,0.012547076537531898,"{'algorithm': 'brute', 'metric': 'hamming', 'n_neighbors': 15}"
4,4,0.023706555366516113,0.0011960268020629883,8.755417823791504,1.0692873001098633,brute,hamming,20,"{'algorithm': 'brute', 'metric': 'hamming', 'n_neighbors': 20}",0.4272930648769575,0.4419161676646707,0.4343551185656449,0.007307293252642971,4,0.47904191616766467,0.4664429530201342,0.4727424345938994,0.0062994815737652254,0.5973154362416108,0.6095808383233533,0.6032388663967612,0.006129129444961425,3,0.7868263473053893,0.7695749440715883,0.7782006456884888,0.00862570161690046,0.5984027372686879,0.6155475044917028,0.6066825988252046,0.008567391179944213,2,0.6997651462736714,0.6843847572158418,0.6920749517447566,0.007690194528914784,0.41901403778920554,0.44604329004329,0.43206749390959914,0.013506755405303689,2,0.4595873707131192,0.43492121599504147,0.44725429335408035,0.01233307735903888,"{'algorithm': 'brute', 'metric': 'hamming', 'n_neighbors': 20}"
5,4,0.018674015998840332,0.0012918710708618164,8.476616382598877,0.6908159255981445,brute,hamming,25,"{'algorithm': 'brute', 'metric': 'hamming', 'n_neighbors': 25}",0.42393736017897093,0.4467065868263473,0.4349334875650665,0.011377983090433521,3,0.4682634730538922,0.44742729306487694,0.4578453830593846,0.010418089994507634,0.5939597315436241,0.6167664670658682,0.604973973395026,0.011396726605555746,2,0.7712574850299401,0.7505592841163311,0.7609083845731356,0.010349100456804483,0.5984951390118373,0.6235749149984099,0.610607118739303,0.012532584944863076,1,0.6920721990935788,0.672939392996379,0.6825057960449789,0.009566403048599903,0.4200646687391654,0.44665347227622676,0.4329054153866185,0.013286659302256204,1,0.4553725795162921,0.4374339996319862,0.44640328957413916,0.008969289942152958,"{'algorithm': 'brute', 'metric': 'hamming', 'n_neighbors': 25}"
6,4,0.02559959888458252,0.011043429374694824,9.56342327594757,0.7186437845230103,brute,hamming,40,"{'algorithm': 'brute', 'metric': 'hamming', 'n_neighbors': 40}",0.412751677852349,0.43952095808383235,0.4256795835743204,0.013376845095965957,5,0.4491017964071856,0.4228187919463087,0.4359602941767472,0.013141502230438445,0.5794183445190156,0.6119760479041916,0.5951417004048583,0.01626937112607499,6,0.7173652694610778,0.6778523489932886,0.6976088092271833,0.0197564602338946,0.5931367051571002,0.6170021265711062,0.6046622267769354,0.01192576126980228,3,0.6689696650356399,0.6458741074030305,0.6574218862193353,0.011547778816304699,0.4180452172734052,0.4422599476371932,0.42973943349883204,0.01210031402846673,6,0.4507712367472846,0.43138378027639773,0.44107750851184113,0.009693728235443427,"{'algorithm': 'brute', 'metric': 'hamming', 'n_neighbors': 40}"
7,4,0.01860368251800537,0.003628373146057129,8.872547626495361,0.566523551940918,brute,hamming,60,"{'algorithm': 'brute', 'metric': 'hamming', 'n_neighbors': 60}",0.40492170022371365,0.43233532934131735,0.4181607865818392,0.013698831909315277,7,0.4311377245508982,0.4082774049217002,0.4197075647362992,0.011430159814598995,0.5917225950782998,0.6311377245508982,0.6107576633892423,0.0196960873371669,1,0.6922155688622754,0.656599552572707,0.6744075607174912,0.017808008144784226,0.5919383226789234,0.6172732129489183,0.6041735068174113,0.01266006779914971,4,0.6537619310431256,0.6293801476927767,0.6415710393679512,0.012190891675174453,0.41851855080043,0.44525473727868936,0.43143047428761716,0.013360307856014303,3,0.44830564844337295,0.4275448153636074,0.4379252319034902,0.01038041653988278,"{'algorithm': 'brute', 'metric': 'hamming', 'n_neighbors': 60}"
8,4,0.01983642578125,0.0019867420196533203,8.937251091003418,0.48312878608703613,brute,hamming,80,"{'algorithm': 'brute', 'metric': 'hamming', 'n_neighbors': 80}",0.40604026845637586,0.4239520958083832,0.41469057258530945,0.008950697882107816,8,0.4215568862275449,0.4015659955257271,0.411561440876636,0.009995445350908905,0.5771812080536913,0.6311377245508982,0.6032388663967612,0.026962546503293633,3,0.665868263473054,0.6375838926174496,0.6517260780452518,0.014142185427802156,0.5913560488681645,0.6165293201329465,0.6035131810290048,0.012579305358822495,5,0.64122574433227,0.6188951945710476,0.6300604694516587,0.011165274880611198,0.4157240671334631,0.44546004095704694,0.4300847022651534,0.014859328012411717,5,0.4462681649687638,0.42414431951344705,0.43520624224110543,0.01106192272765838,"{'algorithm': 'brute', 'metric': 'hamming', 'n_neighbors': 80}"
9,4,0.019671082496643066,0.000937342643737793,8.493353962898254,0.07490432262420654,brute,hamming,100,"{'algorithm': 'brute', 'metric': 'hamming', 'n_neighbors': 100}",0.40268456375838924,0.4179640718562874,0.4100636205899364,0.007635304767281588,9,0.42035928143712575,0.3982102908277405,0.40928478613243313,0.011074495304692622,0.5682326621923938,0.6347305389221557,0.600347021399653,0.03322957466665415,5,0.6694610778443114,0.6152125279642058,0.6423368029042587,0.027124274940052817,0.5884680211289794,0.6127897640899078,0.6002139178162987,0.012153789165746689,7,0.6359915532210701,0.6118813174694048,0.6239364353452375,0.012055117875832688,0.4111477430101591,0.4446963734867927,0.42734965535717423,0.016764546121039378,8,0.44265603857220626,0.42099901217350877,0.4318275253728575,0.010828513199348744,"{'algorithm': 'brute', 'metric': 'hamming', 'n_neighbors': 100}"
0,5,0.023631811141967773,0.014119148254394531,9.633708119392395,0.17882001399993896,brute,hamming,1,"{'algorithm': 'brute', 'metric': 'hamming', 'n_neighbors': 1}",0.4920814479638009,0.5337278106508876,0.5124349334875651,0.020817883348289136,10,0.98698224852071,0.9796380090497737,0.9833101287852419,0.00367211973546816,0.5113122171945701,0.5502958579881657,0.5303643724696356,0.01948686113671864,10,0.9893491124260355,0.9807692307692307,0.9850591715976331,0.004289940828402394,0.5827454960931951,0.6179244134641818,0.5999382000714969,0.0175849834390311,10,0.9897120527387191,0.9841098440595997,0.9869109483991594,0.0028011043395597124,0.42333240289122637,0.4509113962960117,0.4368108583146177,0.01378598827172195,10,0.5685470170854785,0.547330537109949,0.5579387770977138,0.010608239987764778,"{'algorithm': 'brute', 'metric': 'hamming', 'n_neighbors': 1}"
1,5,0.02103126049041748,0.004936099052429199,8.495854139328003,0.14375090599060059,brute,hamming,5,"{'algorithm': 'brute', 'metric': 'hamming', 'n_neighbors': 5}",0.5203619909502263,0.5455621301775148,0.5326778484673221,0.012596863806235918,8,0.6733727810650888,0.6459276018099548,0.6596501914375218,0.013722589627567006,0.6787330316742082,0.6970414201183432,0.6876807403123193,0.00915186514099464,9,1.0,1.0,1.0,0.0,0.6605142409855224,0.6842495555504011,0.6721142067503127,0.011864637821055273,9,0.8436281016929777,0.8266056644409373,0.8351168830669575,0.008511218626020223,0.5443515797927563,0.5516741463664541,0.5479302777423078,0.003660351754766544,9,0.6010279976433822,0.5785999784529197,0.589813988048151,0.011214009595231278,"{'algorithm': 'brute', 'metric': 'hamming', 'n_neighbors': 5}"
2,5,0.015611767768859863,0.000500798225402832,9.688926577568054,0.12307798862457275,brute,hamming,10,"{'algorithm': 'brute', 'metric': 'hamming', 'n_neighbors': 10}",0.5452488687782805,0.5692307692307692,0.5569693464430306,0.01198789939571351,1,0.6295857988165681,0.6153846153846154,0.6224852071005917,0.007100591715976323,0.7115384615384616,0.7337278106508875,0.7223828802776171,0.01109185176308757,8,0.9408284023668639,0.9072398190045249,0.9240341106856944,0.016794291681169526,0.6924101709372722,0.7076462694520763,0.6998563844971389,0.007616111014241888,8,0.8084469542358529,0.7964763737500267,0.8024616639929398,0.0059852902429131105,0.565590316546199,0.5784202208048362,0.5718605705071871,0.006413319987458256,8,0.6079725915110531,0.5853094454565043,0.5966410184837787,0.011331573027274389,"{'algorithm': 'brute', 'metric': 'hamming', 'n_neighbors': 10}"
3,5,0.026717782020568848,0.006595969200134277,8.779554843902588,0.4593627452850342,brute,hamming,15,"{'algorithm': 'brute', 'metric': 'hamming', 'n_neighbors': 15}",0.5520361990950227,0.5562130177514792,0.5540775014459225,0.002087877978934094,2,0.5976331360946746,0.583710407239819,0.5906717716672468,0.006961364427427785,0.7251131221719457,0.7325443786982249,0.728744939271255,0.0037146829041870004,7,0.8994082840236687,0.8642533936651584,0.8818308388444136,0.017577445179255136,0.6955332501876714,0.7125960010473597,0.7038721885777446,0.008529204811157487,6,0.7827734013511872,0.7734799652814639,0.7781266833163256,0.004646718034861663,0.5710371980960216,0.5834751658597812,0.5771159041459794,0.00621740159978041,7,0.6041152949614488,0.5812010538481127,0.5926581744047807,0.011457120556668032,"{'algorithm': 'brute', 'metric': 'hamming', 'n_neighbors': 15}"
4,5,0.03061497211456299,0.0016945600509643555,9.503941059112549,1.24122953414917,brute,hamming,20,"{'algorithm': 'brute', 'metric': 'hamming', 'n_neighbors': 20}",0.5463800904977375,0.5526627218934911,0.5494505494505494,0.003140516459980102,5,0.5964497041420118,0.5678733031674208,0.5821615036547163,0.01428820048729551,0.7228506787330317,0.7585798816568048,0.7403123192596877,0.01786005621146579,5,0.863905325443787,0.8404977375565611,0.8522015315001741,0.011703793943612928,0.7032825180558038,0.7144990667128296,0.7087642899558539,0.005606847427873345,5,0.7784008996550282,0.7605499094793169,0.7694754045671726,0.008925495087855673,0.5709180770210182,0.588450062757755,0.5794863407269422,0.008763762556493944,6,0.6011729808652885,0.5759720916338564,0.5885725362495724,0.012600444615716022,"{'algorithm': 'brute', 'metric': 'hamming', 'n_neighbors': 20}"
5,5,0.01753365993499756,0.0037633180618286133,8.80558979511261,0.348091721534729,brute,hamming,25,"{'algorithm': 'brute', 'metric': 'hamming', 'n_neighbors': 25}",0.5497737556561086,0.557396449704142,0.5534991324465008,0.0038103773115547887,3,0.5834319526627219,0.5576923076923077,0.5705621301775148,0.012869822485207072,0.7341628959276018,0.7514792899408284,0.7426257952573742,0.008655994120997774,3,0.850887573964497,0.833710407239819,0.8422989906021581,0.008588583362338975,0.7085511975474668,0.7167029399992889,0.7125351318284325,0.004074834211150678,3,0.7696780127844457,0.7505110775727839,0.7600945451786147,0.009583467605830898,0.5723878082701611,0.5893811829196444,0.5806928409935928,0.00849452553167166,4,0.6009708752785676,0.5745879365732307,0.5877794059258992,0.013191469352668461,"{'algorithm': 'brute', 'metric': 'hamming', 'n_neighbors': 25}"
6,5,0.022566914558410645,0.005684971809387207,9.415050148963928,0.7732287645339966,brute,hamming,40,"{'algorithm': 'brute', 'metric': 'hamming', 'n_neighbors': 40}",0.5441176470588235,0.5550295857988166,0.5494505494505495,0.0054545812199654495,4,0.5680473372781065,0.5463800904977375,0.5572137138879221,0.01083362339018451,0.7364253393665159,0.7514792899408284,0.7437825332562175,0.0075250602157417345,2,0.8224852071005917,0.7895927601809954,0.8060389836407935,0.016446223459798126,0.7069454859386954,0.7212054828997913,0.7139146573858476,0.0071281844110505825,2,0.7545123874544274,0.7369349674379464,0.7457236774461868,0.008788710008240497,0.5712973546061781,0.589998001998002,0.5804367687450394,0.009347944714057572,5,0.5992797458951306,0.5729079988638812,0.5860938723795059,0.013185873515624669,"{'algorithm': 'brute', 'metric': 'hamming', 'n_neighbors': 40}"
7,5,0.01892256736755371,0.004461050033569336,9.18822968006134,0.10527074337005615,brute,hamming,60,"{'algorithm': 'brute', 'metric': 'hamming', 'n_neighbors': 60}",0.5350678733031674,0.5514792899408284,0.5430884904569115,0.008203620558895381,6,0.5538461538461539,0.5339366515837104,0.5438914027149322,0.00995475113122174,0.7330316742081447,0.762130177514793,0.7472527472527473,0.014545549919907865,1,0.8142011834319527,0.7805429864253394,0.7973720849286461,0.01682909850330666,0.7053719972291996,0.722929348802502,0.7139526577725429,0.008776442247890303,1,0.744799695621573,0.7253773064832818,0.7350885010524274,0.009711194569145598,0.5738860649154767,0.5919974128435667,0.5827374755570244,0.009053369949260044,3,0.601388790696483,0.5728140976670388,0.5871014441817609,0.014287346514722077,"{'algorithm': 'brute', 'metric': 'hamming', 'n_neighbors': 60}"
8,5,0.01753866672515869,0.0017224550247192383,9.134851694107056,0.5792758464813232,brute,hamming,80,"{'algorithm': 'brute', 'metric': 'hamming', 'n_neighbors': 80}",0.5226244343891403,0.5491124260355029,0.5355696934644303,0.013240626183073945,7,0.5396449704142012,0.5294117647058824,0.5345283675600419,0.0051166028541594355,0.7273755656108597,0.757396449704142,0.7420474262579526,0.015006622973589108,4,0.7940828402366864,0.7635746606334841,0.7788287504350853,0.015254089801601145,0.6981471628225312,0.721288481626561,0.7094568299072074,0.01156771550513437,4,0.7321442054418774,0.7176178394703423,0.7248810224561099,0.007263182985767558,0.5752590791561379,0.5942374804682496,0.5845342376921323,0.00948678634004848,1,0.600071262071262,0.573475935828877,0.5867735989500695,0.013297663121192516,"{'algorithm': 'brute', 'metric': 'hamming', 'n_neighbors': 80}"
9,5,0.01750659942626953,0.003653287887573242,9.050309658050537,0.060129404067993164,brute,hamming,100,"{'algorithm': 'brute', 'metric': 'hamming', 'n_neighbors': 100}",0.5079185520361991,0.5266272189349113,0.5170618854829381,0.009351953447309177,9,0.5337278106508876,0.5067873303167421,0.5202575704838148,0.013470240167072767,0.7262443438914027,0.7526627218934911,0.7391555812608445,0.013205828216758437,6,0.7822485207100591,0.753393665158371,0.7678210929342151,0.014427427775844048,0.6942672952276936,0.7119859870038868,0.702926806246134,0.008857091824623015,7,0.7274766008012644,0.7064297729957153,0.7169531868984899,0.010523413902774559,0.5753306987130516,0.5930696739158277,0.5840001226843331,0.008867230957581072,2,0.5994105125643587,0.5717738389061918,0.5855921757352753,0.013818336829083455,"{'algorithm': 'brute', 'metric': 'hamming', 'n_neighbors': 100}"
